home_team,away_team,home_goals,away_goals,home_shots,away_shots,home_shot_efficiency,away_shot_efficiency,home_faceoffs,away_faceoffs,home_faceoff_efficiency,away_faceoff_efficiency,attendance,capacity,attendance_rate,home_win,match_url
ЦСКА,Металлург Мг,6,2,34,27,0.17647058823529413,0.07407407407407407,29,31,0.48333333333333334,0.5166666666666667,7337,12680,0.578627760252366,1,https://www.championat.com/hockey/_superleague/tournament/5077/match/1053779/
Автомобилист,Локомотив,4,2,26,20,0.15384615384615385,0.1,35,25,0.5833333333333334,0.4166666666666667,2869,5570,0.51508078994614,1,https://www.championat.com/hockey/_superleague/tournament/5077/match/1053781/
Трактор,Северсталь,2,4,30,18,0.06666666666666667,0.2222222222222222,24,20,0.5454545454545454,0.45454545454545453,5820,7500,0.776,0,https://www.championat.com/hockey/_superleague/tournament/5077/match/1053783/
Куньлунь Ред Стар,Адмирал,3,1,22,30,0.13636363636363635,0.03333333333333333,40,17,0.7017543859649122,0.2982456140350877,490,7000,0.07,1,https://www.championat.com/hockey/_superleague/tournament/5077/match/1053785/
Спартак,Амур,3,2,29,30,0.10344827586206896,0.06666666666666667,28,32,0.4666666666666667,0.5333333333333333,2512,12724,0.19742219427852875,1,https://www.championat.com/hockey/_superleague/tournament/5077/match/1053787/
ХК Сочи,Сибирь,0,2,31,29,0.0,0.06896551724137931,22,36,0.3793103448275862,0.6206896551724138,3048,12000,0.254,0,https://www.championat.com/hockey/_superleague/tournament/5077/match/1053789/
Динамо М,Ак Барс,2,0,25,24,0.08,0.0,24,24,0.5,0.5,5432,11500,0.4723478260869565,1,https://www.championat.com/hockey/_superleague/tournament/5077/match/1053795/
Витязь,Авангард,3,2,22,39,0.13636363636363635,0.05128205128205128,25,23,0.5208333333333334,0.4791666666666667,5700,5525,1.0316742081447965,1,https://www.championat.com/hockey/_superleague/tournament/5077/match/1053793/
Динамо Мн,Барыс,4,3,31,25,0.12903225806451613,0.12,30,41,0.4225352112676056,0.5774647887323944,13805,15266,0.9042971308790777,1,https://www.championat.com/hockey/_superleague/tournament/5077/match/1053801/
СКА,Салават Юлаев,0,0,40,28,0.0,0.0,36,20,0.6428571428571429,0.35714285714285715,12228,12500,0.97824,0,https://www.championat.com/hockey/_superleague/tournament/5077/match/1053797/
ЦСКА,Нефтехимик,0,0,37,23,0.0,0.0,42,27,0.6086956521739131,0.391304347826087,4100,12680,0.32334384858044163,0,https://www.championat.com/hockey/_superleague/tournament/5077/match/1053799/
Торпедо,Металлург Мг,4,5,32,57,0.125,0.08771929824561403,26,37,0.4126984126984127,0.5873015873015873,5500,5600,0.9821428571428571,0,https://www.championat.com/hockey/_superleague/tournament/5077/match/1053791/
Автомобилист,Северсталь,4,3,29,27,0.13793103448275862,0.1111111111111111,37,22,0.6271186440677966,0.3728813559322034,2770,5570,0.49730700179533216,1,https://www.championat.com/hockey/_superleague/tournament/5077/match/1053803/
Трактор,Локомотив,0,4,24,26,0.0,0.15384615384615385,18,18,0.5,0.5,6754,7500,0.9005333333333333,0,https://www.championat.com/hockey/_superleague/tournament/5077/match/1053805/
Куньлунь Ред Стар,Амур,0,2,33,23,0.0,0.08695652173913043,35,28,0.5555555555555556,0.4444444444444444,509,7000,0.07271428571428572,0,https://www.championat.com/hockey/_superleague/tournament/5077/match/1053807/
Спартак,Сибирь,1,0,22,31,0.045454545454545456,0.0,35,28,0.5555555555555556,0.4444444444444444,3357,12724,0.26383212826155295,1,https://www.championat.com/hockey/_superleague/tournament/5077/match/1053809/
ХК Сочи,Адмирал,1,4,28,29,0.03571428571428571,0.13793103448275862,25,41,0.3787878787878788,0.6212121212121212,2220,12000,0.185,0,https://www.championat.com/hockey/_superleague/tournament/5077/match/1053811/
Витязь,Салават Юлаев,3,2,12,39,0.25,0.05128205128205128,31,27,0.5344827586206896,0.46551724137931033,1750,5525,0.3167420814479638,1,https://www.championat.com/hockey/_superleague/tournament/5077/match/1053813/
ЦСКА,Ак Барс,1,5,31,30,0.03225806451612903,0.16666666666666666,28,30,0.4827586206896552,0.5172413793103449,6350,12680,0.500788643533123,0,https://www.championat.com/hockey/_superleague/tournament/5077/match/1053819/
Динамо Мн,Авангард,6,3,40,31,0.15,0.0967741935483871,27,38,0.4153846153846154,0.5846153846153846,5901,15266,0.38654526398532685,1,https://www.championat.com/hockey/_superleague/tournament/5077/match/1053821/
Динамо М,Нефтехимик,6,1,35,25,0.17142857142857143,0.04,43,22,0.6615384615384615,0.3384615384615385,2184,11500,0.18991304347826088,1,https://www.championat.com/hockey/_superleague/tournament/5077/match/1053815/
СКА,Барыс,3,1,36,19,0.08333333333333333,0.05263157894736842,40,25,0.6153846153846154,0.38461538461538464,7642,12500,0.61136,1,https://www.championat.com/hockey/_superleague/tournament/5077/match/1053817/
Металлург Мг,Северсталь,0,0,24,37,0.0,0.0,27,19,0.5869565217391305,0.41304347826086957,2330,7700,0.3025974025974026,0,https://www.championat.com/hockey/_superleague/tournament/5077/match/1053823/
Трактор,Автомобилист,0,0,28,21,0.0,0.0,24,24,0.5,0.5,4735,7500,0.6313333333333333,0,https://www.championat.com/hockey/_superleague/tournament/5077/match/1053825/
Куньлунь Ред Стар,Сибирь,1,2,17,31,0.058823529411764705,0.06451612903225806,28,29,0.49122807017543857,0.5087719298245614,411,7000,0.05871428571428571,0,https://www.championat.com/hockey/_superleague/tournament/5077/match/1053827/
Торпедо,Амур,6,1,39,23,0.15384615384615385,0.043478260869565216,31,24,0.5636363636363636,0.43636363636363634,5300,5600,0.9464285714285714,1,https://www.championat.com/hockey/_superleague/tournament/5077/match/1053829/
Спартак,Адмирал,2,1,34,32,0.058823529411764705,0.03125,34,26,0.5666666666666667,0.43333333333333335,2778,12724,0.2183275699465577,1,https://www.championat.com/hockey/_superleague/tournament/5077/match/1053831/
Локомотив,Нефтехимик,4,3,36,34,0.1111111111111111,0.08823529411764706,31,19,0.62,0.38,5811,9071,0.6406129423437328,1,https://www.championat.com/hockey/_superleague/tournament/5077/match/1053833/
Витязь,Барыс,5,0,35,34,0.14285714285714285,0.0,34,32,0.5151515151515151,0.48484848484848486,1350,5525,0.24434389140271492,1,https://www.championat.com/hockey/_superleague/tournament/5077/match/1053835/
Динамо Мн,Салават Юлаев,2,4,29,28,0.06896551724137931,0.14285714285714285,39,21,0.65,0.35,6122,15266,0.4010218786846587,0,https://www.championat.com/hockey/_superleague/tournament/5077/match/1053841/
СКА,Авангард,4,1,24,35,0.16666666666666666,0.02857142857142857,38,27,0.5846153846153846,0.4153846153846154,11132,12500,0.89056,1,https://www.championat.com/hockey/_superleague/tournament/5077/match/1053837/
ХК Сочи,Динамо М,2,4,39,37,0.05128205128205128,0.10810810810810811,33,32,0.5076923076923077,0.49230769230769234,4216,12000,0.35133333333333333,0,https://www.championat.com/hockey/_superleague/tournament/5077/match/1053839/
Металлург Мг,Амур,0,0,30,35,0.0,0.0,32,35,0.47761194029850745,0.5223880597014925,1820,7700,0.23636363636363636,0,https://www.championat.com/hockey/_superleague/tournament/5077/match/1053843/
Ак Барс,Адмирал,0,0,27,35,0.0,0.0,34,22,0.6071428571428571,0.39285714285714285,6748,8900,0.7582022471910113,0,https://www.championat.com/hockey/_superleague/tournament/5077/match/1053845/
Торпедо,Автомобилист,7,3,41,25,0.17073170731707318,0.12,24,41,0.36923076923076925,0.6307692307692307,5500,5600,0.9821428571428571,1,https://www.championat.com/hockey/_superleague/tournament/5077/match/1053847/
Сибирь,Куньлунь Ред Стар,4,0,43,31,0.09302325581395349,0.0,36,25,0.5901639344262295,0.4098360655737705,6055,6055,1.0,1,https://www.championat.com/hockey/_superleague/tournament/5077/match/1053849/
Салават Юлаев,Трактор,3,2,37,17,0.08108108108108109,0.11764705882352941,31,26,0.543859649122807,0.45614035087719296,6873,8522,0.8065008214034264,1,https://www.championat.com/hockey/_superleague/tournament/5077/match/1053851/
Витязь,Локомотив,0,0,22,30,0.0,0.0,23,35,0.39655172413793105,0.603448275862069,3100,5525,0.5610859728506787,0,https://www.championat.com/hockey/_superleague/tournament/5077/match/1053855/
СКА,Динамо М,4,1,26,21,0.15384615384615385,0.047619047619047616,31,30,0.5081967213114754,0.4918032786885246,11281,12500,0.90248,1,https://www.championat.com/hockey/_superleague/tournament/5077/match/1053857/
Северсталь,ЦСКА,4,1,29,23,0.13793103448275862,0.043478260869565216,25,38,0.3968253968253968,0.6031746031746031,5112,6064,0.8430079155672823,1,https://www.championat.com/hockey/_superleague/tournament/5077/match/1053853/
ХК Сочи,Барыс,6,3,29,39,0.20689655172413793,0.07692307692307693,23,42,0.35384615384615387,0.6461538461538462,3009,12000,0.25075,1,https://www.championat.com/hockey/_superleague/tournament/5077/match/1053859/
Металлург Мг,Спартак,0,0,28,22,0.0,0.0,30,22,0.5769230769230769,0.4230769230769231,2770,7700,0.35974025974025975,0,https://www.championat.com/hockey/_superleague/tournament/5077/match/1053861/
Нефтехимик,Динамо Мн,1,5,35,32,0.02857142857142857,0.15625,43,29,0.5972222222222222,0.4027777777777778,3847,6050,0.6358677685950413,0,https://www.championat.com/hockey/_superleague/tournament/5077/match/1053863/
Адмирал,Куньлунь Ред Стар,3,1,28,23,0.10714285714285714,0.043478260869565216,24,22,0.5217391304347826,0.4782608695652174,5069,5915,0.8569737954353339,1,https://www.championat.com/hockey/_superleague/tournament/5077/match/1053865/
Сибирь,Трактор,2,3,33,25,0.06060606060606061,0.12,20,37,0.3508771929824561,0.6491228070175439,6055,6055,1.0,0,https://www.championat.com/hockey/_superleague/tournament/5077/match/1053867/
Автомобилист,Авангард,4,2,33,33,0.12121212121212122,0.06060606060606061,28,26,0.5185185185185185,0.48148148148148145,5155,5570,0.9254937163375224,1,https://www.championat.com/hockey/_superleague/tournament/5077/match/1053869/
Локомотив,ЦСКА,2,3,32,22,0.0625,0.13636363636363635,40,12,0.7692307692307693,0.23076923076923078,6257,9071,0.6897806195568295,0,https://www.championat.com/hockey/_superleague/tournament/5077/match/1053871/
Салават Юлаев,Спартак,1,3,38,25,0.02631578947368421,0.12,30,29,0.5084745762711864,0.4915254237288136,6234,8522,0.7315184229054212,0,https://www.championat.com/hockey/_superleague/tournament/5077/match/1053873/
Ак Барс,Динамо Мн,0,0,27,31,0.0,0.0,26,22,0.5416666666666666,0.4583333333333333,5978,8900,0.671685393258427,0,https://www.championat.com/hockey/_superleague/tournament/5077/match/1053875/
Нефтехимик,Торпедо,2,3,42,22,0.047619047619047616,0.13636363636363635,31,24,0.5636363636363636,0.43636363636363634,2572,6050,0.42512396694214877,0,https://www.championat.com/hockey/_superleague/tournament/5077/match/1053877/
Северсталь,СКА,1,4,22,24,0.045454545454545456,0.16666666666666666,23,33,0.4107142857142857,0.5892857142857143,4220,6064,0.695910290237467,0,https://www.championat.com/hockey/_superleague/tournament/5077/match/1053879/
Витязь,Динамо М,0,2,17,27,0.0,0.07407407407407407,23,30,0.4339622641509434,0.5660377358490566,2350,5525,0.4253393665158371,0,https://www.championat.com/hockey/_superleague/tournament/5077/match/1053881/
Амур,Куньлунь Ред Стар,2,1,24,27,0.08333333333333333,0.037037037037037035,29,31,0.48333333333333334,0.5166666666666667,5127,7100,0.722112676056338,1,https://www.championat.com/hockey/_superleague/tournament/5077/match/1053883/
Сибирь,Авангард,3,2,15,34,0.2,0.058823529411764705,22,41,0.3492063492063492,0.6507936507936508,6055,6055,1.0,1,https://www.championat.com/hockey/_superleague/tournament/5077/match/1053885/
Барыс,Трактор,3,1,20,29,0.15,0.034482758620689655,16,28,0.36363636363636365,0.6363636363636364,4561,12000,0.38008333333333333,1,https://www.championat.com/hockey/_superleague/tournament/5077/match/1053887/
Автомобилист,Спартак,4,1,33,30,0.12121212121212122,0.03333333333333333,29,20,0.5918367346938775,0.40816326530612246,3765,5570,0.6759425493716338,1,https://www.championat.com/hockey/_superleague/tournament/5077/match/1053889/
Северсталь,Динамо Мн,5,2,32,23,0.15625,0.08695652173913043,21,27,0.4375,0.5625,2963,6064,0.4886213720316623,1,https://www.championat.com/hockey/_superleague/tournament/5077/match/1053895/
Ак Барс,Торпедо,2,1,29,28,0.06896551724137931,0.03571428571428571,30,32,0.4838709677419355,0.5161290322580645,6695,8900,0.7522471910112359,1,https://www.championat.com/hockey/_superleague/tournament/5077/match/1053891/
Локомотив,СКА,2,3,36,29,0.05555555555555555,0.10344827586206896,46,22,0.6764705882352942,0.3235294117647059,5230,9071,0.5765626722522323,0,https://www.championat.com/hockey/_superleague/tournament/5077/match/1053893/
Динамо М,ХК Сочи,2,0,29,18,0.06896551724137931,0.0,33,26,0.559322033898305,0.4406779661016949,2479,11500,0.21556521739130435,1,https://www.championat.com/hockey/_superleague/tournament/5077/match/1053897/
ЦСКА,Витязь,4,2,52,22,0.07692307692307693,0.09090909090909091,55,20,0.7333333333333333,0.26666666666666666,2857,12680,0.2253154574132492,1,https://www.championat.com/hockey/_superleague/tournament/5077/match/1053899/
Амур,Металлург Мг,0,3,36,30,0.0,0.1,24,26,0.48,0.52,4230,7100,0.5957746478873239,0,https://www.championat.com/hockey/_superleague/tournament/5077/match/1053903/
Адмирал,Салават Юлаев,2,0,29,32,0.06896551724137931,0.0,35,19,0.6481481481481481,0.35185185185185186,3007,5915,0.5083685545224007,1,https://www.championat.com/hockey/_superleague/tournament/5077/match/1053901/
Барыс,Авангард,5,3,35,32,0.14285714285714285,0.09375,20,33,0.37735849056603776,0.6226415094339622,5010,12000,0.4175,1,https://www.championat.com/hockey/_superleague/tournament/5077/match/1053905/
Барыс,Авангард,2,5,25,26,0.08,0.19230769230769232,28,23,0.5490196078431373,0.45098039215686275,4624,12000,0.38533333333333336,0,https://www.championat.com/hockey/_superleague/tournament/5077/match/1053907/
Автомобилист,Сибирь,5,2,29,37,0.1724137931034483,0.05405405405405406,34,22,0.6071428571428571,0.39285714285714285,4095,5570,0.7351885098743267,1,https://www.championat.com/hockey/_superleague/tournament/5077/match/1053909/
Трактор,Нефтехимик,4,0,22,36,0.18181818181818182,0.0,27,24,0.5294117647058824,0.47058823529411764,5564,7500,0.7418666666666667,1,https://www.championat.com/hockey/_superleague/tournament/5077/match/1053911/
Куньлунь Ред Стар,ХК Сочи,3,1,36,40,0.08333333333333333,0.025,38,26,0.59375,0.40625,358,7000,0.05114285714285714,1,https://www.championat.com/hockey/_superleague/tournament/5077/match/1053913/
Динамо М,СКА,2,3,25,19,0.08,0.15789473684210525,29,20,0.5918367346938775,0.40816326530612246,5874,11500,0.5107826086956522,0,https://www.championat.com/hockey/_superleague/tournament/5077/match/1053915/
Динамо Мн,Ак Барс,0,0,17,31,0.0,0.0,25,31,0.44642857142857145,0.5535714285714286,4450,8900,0.5,0,https://www.championat.com/hockey/_superleague/tournament/5077/match/1053919/
Спартак,Торпедо,0,0,22,28,0.0,0.0,29,19,0.6041666666666666,0.3958333333333333,3438,12724,0.2701980509273813,0,https://www.championat.com/hockey/_superleague/tournament/5077/match/1053917/
Адмирал,Салават Юлаев,0,0,24,29,0.0,0.0,34,25,0.576271186440678,0.423728813559322,4532,5915,0.7661876584953508,0,https://www.championat.com/hockey/_superleague/tournament/5077/match/1053921/
Амур,Металлург Мг,2,3,30,31,0.06666666666666667,0.0967741935483871,33,31,0.515625,0.484375,5211,7100,0.733943661971831,0,https://www.championat.com/hockey/_superleague/tournament/5077/match/1053923/
Локомотив,Витязь,1,0,42,19,0.023809523809523808,0.0,38,23,0.6229508196721312,0.3770491803278688,2000,9071,0.22048285745783266,1,https://www.championat.com/hockey/_superleague/tournament/5077/match/1053925/
Барыс,Сибирь,2,0,20,23,0.1,0.0,24,21,0.5333333333333333,0.4666666666666667,5861,12000,0.48841666666666667,1,https://www.championat.com/hockey/_superleague/tournament/5077/match/1053927/
Автомобилист,Нефтехимик,4,3,29,39,0.13793103448275862,0.07692307692307693,49,16,0.7538461538461538,0.24615384615384617,4656,5570,0.8359066427289048,1,https://www.championat.com/hockey/_superleague/tournament/5077/match/1053929/
Спартак,Ак Барс,1,4,24,29,0.041666666666666664,0.13793103448275862,27,33,0.45,0.55,5438,12724,0.4273813266268469,0,https://www.championat.com/hockey/_superleague/tournament/5077/match/1053933/
ЦСКА,ХК Сочи,5,2,35,27,0.14285714285714285,0.07407407407407407,40,23,0.6349206349206349,0.36507936507936506,3584,12680,0.28264984227129336,1,https://www.championat.com/hockey/_superleague/tournament/5077/match/1053935/
СКА,Северсталь,2,1,32,21,0.0625,0.047619047619047616,31,16,0.6595744680851063,0.3404255319148936,12268,12500,0.98144,1,https://www.championat.com/hockey/_superleague/tournament/5077/match/1053931/
Амур,Салават Юлаев,0,2,19,30,0.0,0.06666666666666667,30,21,0.5882352941176471,0.4117647058823529,3941,7100,0.5550704225352112,0,https://www.championat.com/hockey/_superleague/tournament/5077/match/1053939/
Адмирал,Металлург Мг,0,2,32,29,0.0,0.06896551724137931,32,30,0.5161290322580645,0.4838709677419355,2827,5915,0.4779374471682164,0,https://www.championat.com/hockey/_superleague/tournament/5077/match/1053937/
Трактор,Авангард,1,3,14,21,0.07142857142857142,0.14285714285714285,31,23,0.5740740740740741,0.42592592592592593,6782,7500,0.9042666666666667,0,https://www.championat.com/hockey/_superleague/tournament/5077/match/1053941/
Торпедо,Витязь,2,1,36,33,0.05555555555555555,0.030303030303030304,24,30,0.4444444444444444,0.5555555555555556,5500,5600,0.9821428571428571,1,https://www.championat.com/hockey/_superleague/tournament/5077/match/1053943/
Динамо М,Локомотив,1,3,21,29,0.047619047619047616,0.10344827586206896,24,34,0.41379310344827586,0.5862068965517241,3707,11500,0.3223478260869565,0,https://www.championat.com/hockey/_superleague/tournament/5077/match/1053945/
Сибирь,Нефтехимик,3,2,16,20,0.1875,0.1,31,22,0.5849056603773585,0.41509433962264153,3800,6055,0.6275805119735756,1,https://www.championat.com/hockey/_superleague/tournament/5077/match/1053947/
Барыс,Автомобилист,2,0,24,36,0.08333333333333333,0.0,23,24,0.48936170212765956,0.5106382978723404,5175,12000,0.43125,1,https://www.championat.com/hockey/_superleague/tournament/5077/match/1053949/
Куньлунь Ред Стар,ЦСКА,0,0,23,45,0.0,0.0,32,26,0.5517241379310345,0.4482758620689655,1211,7000,0.173,0,https://www.championat.com/hockey/_superleague/tournament/5077/match/1053951/
Динамо Мн,Северсталь,3,2,17,27,0.17647058823529413,0.07407407407407407,24,27,0.47058823529411764,0.5294117647058824,6280,15266,0.41137167561902266,1,https://www.championat.com/hockey/_superleague/tournament/5077/match/1053953/
Амур,Салават Юлаев,2,3,29,40,0.06896551724137931,0.075,31,30,0.5081967213114754,0.4918032786885246,4101,7100,0.5776056338028169,0,https://www.championat.com/hockey/_superleague/tournament/5077/match/1053957/
Адмирал,Металлург Мг,1,3,24,24,0.041666666666666664,0.125,29,39,0.4264705882352941,0.5735294117647058,2736,5915,0.462552831783601,0,https://www.championat.com/hockey/_superleague/tournament/5077/match/1053955/
Торпедо,Трактор,4,3,38,35,0.10526315789473684,0.08571428571428572,28,34,0.45161290322580644,0.5483870967741935,5500,5600,0.9821428571428571,1,https://www.championat.com/hockey/_superleague/tournament/5077/match/1053961/
Витязь,Локомотив,1,2,30,33,0.03333333333333333,0.06060606060606061,22,27,0.4489795918367347,0.5510204081632653,2275,5525,0.4117647058823529,0,https://www.championat.com/hockey/_superleague/tournament/5077/match/1053963/
Ак Барс,Спартак,0,2,34,30,0.0,0.06666666666666667,37,17,0.6851851851851852,0.3148148148148148,7675,8900,0.8623595505617978,0,https://www.championat.com/hockey/_superleague/tournament/5077/match/1053959/
ХК Сочи,Авангард,1,4,30,24,0.03333333333333333,0.16666666666666666,25,29,0.46296296296296297,0.5370370370370371,7093,12000,0.5910833333333333,0,https://www.championat.com/hockey/_superleague/tournament/5077/match/1053965/
Сибирь,Автомобилист,3,5,34,28,0.08823529411764706,0.17857142857142858,25,42,0.373134328358209,0.6268656716417911,4800,6055,0.7927332782824112,0,https://www.championat.com/hockey/_superleague/tournament/5077/match/1053967/
Куньлунь Ред Стар,СКА,3,6,30,42,0.1,0.14285714285714285,32,27,0.5423728813559322,0.4576271186440678,733,7000,0.10471428571428572,0,https://www.championat.com/hockey/_superleague/tournament/5077/match/1053969/
Северсталь,Динамо М,1,3,26,27,0.038461538461538464,0.1111111111111111,31,27,0.5344827586206896,0.46551724137931033,3481,6064,0.5740435356200527,0,https://www.championat.com/hockey/_superleague/tournament/5077/match/1053971/
Динамо Мн,ЦСКА,3,1,34,32,0.08823529411764706,0.03125,22,40,0.3548387096774194,0.6451612903225806,11049,15266,0.7237652299227041,1,https://www.championat.com/hockey/_superleague/tournament/5077/match/1053973/
Нефтехимик,Трактор,3,5,46,24,0.06521739130434782,0.20833333333333334,27,32,0.4576271186440678,0.5423728813559322,2160,6050,0.35702479338842974,0,https://www.championat.com/hockey/_superleague/tournament/5077/match/1053975/
Торпедо,Авангард,4,2,30,32,0.13333333333333333,0.0625,30,31,0.4918032786885246,0.5081967213114754,5500,5600,0.9821428571428571,1,https://www.championat.com/hockey/_superleague/tournament/5077/match/1053977/
ХК Сочи,Спартак,0,1,25,29,0.0,0.034482758620689655,20,37,0.3508771929824561,0.6491228070175439,5862,12000,0.4885,0,https://www.championat.com/hockey/_superleague/tournament/5077/match/1053979/
Салават Юлаев,Динамо Мн,3,2,27,31,0.1111111111111111,0.06451612903225806,33,22,0.6,0.4,5397,8522,0.6333020417742314,1,https://www.championat.com/hockey/_superleague/tournament/5077/match/1053983/
Металлург Мг,Куньлунь Ред Стар,4,0,40,20,0.1,0.0,32,27,0.5423728813559322,0.4576271186440678,2444,7700,0.3174025974025974,1,https://www.championat.com/hockey/_superleague/tournament/5077/match/1053981/
Локомотив,Адмирал,2,1,24,26,0.08333333333333333,0.038461538461538464,27,25,0.5192307692307693,0.4807692307692308,2000,9071,0.22048285745783266,1,https://www.championat.com/hockey/_superleague/tournament/5077/match/1053985/
СКА,Динамо М,1,2,31,31,0.03225806451612903,0.06451612903225806,38,24,0.6129032258064516,0.3870967741935484,11776,12500,0.94208,0,https://www.championat.com/hockey/_superleague/tournament/5077/match/1053989/
Северсталь,Барыс,5,2,31,12,0.16129032258064516,0.16666666666666666,31,24,0.5636363636363636,0.43636363636363634,4255,6064,0.7016820580474934,1,https://www.championat.com/hockey/_superleague/tournament/5077/match/1053987/
Витязь,Сибирь,0,0,29,27,0.0,0.0,35,33,0.5147058823529411,0.4852941176470588,3254,5525,0.5889592760180995,0,https://www.championat.com/hockey/_superleague/tournament/5077/match/1053995/
Ак Барс,Трактор,3,2,29,26,0.10344827586206896,0.07692307692307693,28,28,0.5,0.5,7826,8900,0.8793258426966292,1,https://www.championat.com/hockey/_superleague/tournament/5077/match/1053991/
Нефтехимик,Авангард,2,3,41,29,0.04878048780487805,0.10344827586206896,29,27,0.5178571428571429,0.48214285714285715,2748,6050,0.4542148760330578,0,https://www.championat.com/hockey/_superleague/tournament/5077/match/1053993/
ХК Сочи,Амур,0,0,26,35,0.0,0.0,26,34,0.43333333333333335,0.5666666666666667,3340,12000,0.2783333333333333,0,https://www.championat.com/hockey/_superleague/tournament/5077/match/1053997/
Автомобилист,Куньлунь Ред Стар,6,1,43,19,0.13953488372093023,0.05263157894736842,35,24,0.5932203389830508,0.4067796610169492,3090,5570,0.5547576301615799,1,https://www.championat.com/hockey/_superleague/tournament/5077/match/1053999/
Металлург Мг,Динамо Мн,4,1,36,29,0.1111111111111111,0.034482758620689655,29,25,0.5370370370370371,0.46296296296296297,2340,7700,0.3038961038961039,1,https://www.championat.com/hockey/_superleague/tournament/5077/match/1054001/
Северсталь,Адмирал,1,2,31,23,0.03225806451612903,0.08695652173913043,27,26,0.5094339622641509,0.49056603773584906,2356,6064,0.38852242744063326,0,https://www.championat.com/hockey/_superleague/tournament/5077/match/1054005/
Локомотив,Барыс,0,1,32,17,0.0,0.058823529411764705,28,16,0.6363636363636364,0.36363636363636365,4296,9071,0.47359717781942456,0,https://www.championat.com/hockey/_superleague/tournament/5077/match/1054003/
СКА,Торпедо,3,0,26,18,0.11538461538461539,0.0,36,19,0.6545454545454545,0.34545454545454546,7428,12500,0.59424,1,https://www.championat.com/hockey/_superleague/tournament/5077/match/1054007/
ЦСКА,Спартак,0,0,39,32,0.0,0.0,35,31,0.5303030303030303,0.4696969696969697,5173,12680,0.4079652996845426,0,https://www.championat.com/hockey/_superleague/tournament/5077/match/1054009/
Салават Юлаев,Ак Барс,0,3,29,27,0.0,0.1111111111111111,24,31,0.43636363636363634,0.5636363636363636,8501,8522,0.9975357897207229,0,https://www.championat.com/hockey/_superleague/tournament/5077/match/1054011/
Нефтехимик,Сибирь,0,0,38,24,0.0,0.0,31,20,0.6078431372549019,0.39215686274509803,3375,6050,0.5578512396694215,0,https://www.championat.com/hockey/_superleague/tournament/5077/match/1054013/
Витязь,Амур,3,1,29,25,0.10344827586206896,0.04,28,25,0.5283018867924528,0.4716981132075472,1343,5525,0.24307692307692308,1,https://www.championat.com/hockey/_superleague/tournament/5077/match/1054015/
Динамо М,Авангард,4,1,31,20,0.12903225806451613,0.05,39,25,0.609375,0.390625,4430,11500,0.38521739130434784,1,https://www.championat.com/hockey/_superleague/tournament/5077/match/1054017/
Трактор,Куньлунь Ред Стар,3,1,36,21,0.08333333333333333,0.047619047619047616,34,22,0.6071428571428571,0.39285714285714285,4098,7500,0.5464,1,https://www.championat.com/hockey/_superleague/tournament/5077/match/1054019/
Локомотив,Торпедо,1,3,29,27,0.034482758620689655,0.1111111111111111,44,23,0.6567164179104478,0.34328358208955223,2000,9071,0.22048285745783266,0,https://www.championat.com/hockey/_superleague/tournament/5077/match/1054021/
СКА,Адмирал,6,1,25,24,0.24,0.041666666666666664,30,32,0.4838709677419355,0.5161290322580645,7632,12500,0.61056,1,https://www.championat.com/hockey/_superleague/tournament/5077/match/1054023/
Спартак,Барыс,1,3,38,22,0.02631578947368421,0.13636363636363635,28,26,0.5185185185185185,0.48148148148148145,2033,12724,0.15977679974850675,0,https://www.championat.com/hockey/_superleague/tournament/5077/match/1054025/
ХК Сочи,Динамо Мн,3,1,21,35,0.14285714285714285,0.02857142857142857,22,41,0.3492063492063492,0.6507936507936508,3812,12000,0.31766666666666665,1,https://www.championat.com/hockey/_superleague/tournament/5077/match/1054027/
Автомобилист,Ак Барс,5,2,24,41,0.20833333333333334,0.04878048780487805,35,28,0.5555555555555556,0.4444444444444444,5099,5570,0.9154398563734291,1,https://www.championat.com/hockey/_superleague/tournament/5077/match/1054029/
Динамо М,Амур,5,0,33,22,0.15151515151515152,0.0,32,21,0.6037735849056604,0.39622641509433965,2123,11500,0.18460869565217392,1,https://www.championat.com/hockey/_superleague/tournament/5077/match/1054031/
ЦСКА,Сибирь,1,3,39,19,0.02564102564102564,0.15789473684210525,32,22,0.5925925925925926,0.4074074074074074,2419,12680,0.19077287066246057,0,https://www.championat.com/hockey/_superleague/tournament/5077/match/1054033/
Металлург Мг,Нефтехимик,5,6,34,24,0.14705882352941177,0.25,26,28,0.48148148148148145,0.5185185185185185,1929,7700,0.25051948051948053,0,https://www.championat.com/hockey/_superleague/tournament/5077/match/1054035/
Трактор,Салават Юлаев,0,3,25,26,0.0,0.11538461538461539,28,19,0.5957446808510638,0.40425531914893614,6215,7500,0.8286666666666667,0,https://www.championat.com/hockey/_superleague/tournament/5077/match/1054037/
Локомотив,Северсталь,5,3,38,20,0.13157894736842105,0.15,38,17,0.6909090909090909,0.3090909090909091,2000,9071,0.22048285745783266,1,https://www.championat.com/hockey/_superleague/tournament/5077/match/1054039/
Витязь,Адмирал,3,2,27,37,0.1111111111111111,0.05405405405405406,31,28,0.5254237288135594,0.4745762711864407,1932,5525,0.34968325791855204,1,https://www.championat.com/hockey/_superleague/tournament/5077/match/1054041/
Спартак,Торпедо,4,3,30,29,0.13333333333333333,0.10344827586206896,26,37,0.4126984126984127,0.5873015873015873,2923,12724,0.22972335743476893,1,https://www.championat.com/hockey/_superleague/tournament/5077/match/1054043/
Авангард,Сибирь,2,1,27,16,0.07407407407407407,0.0625,35,19,0.6481481481481481,0.35185185185185186,11767,12011,0.9796852884855549,1,https://www.championat.com/hockey/_superleague/tournament/5077/match/1054045/
Динамо Мн,СКА,1,5,29,28,0.034482758620689655,0.17857142857142858,26,30,0.4642857142857143,0.5357142857142857,15005,15266,0.982903183545133,0,https://www.championat.com/hockey/_superleague/tournament/5077/match/1054051/
Ак Барс,Амур,0,0,45,24,0.0,0.0,38,28,0.5757575757575758,0.42424242424242425,6582,8900,0.7395505617977528,0,https://www.championat.com/hockey/_superleague/tournament/5077/match/1054047/
Куньлунь Ред Стар,ЦСКА,5,4,28,41,0.17857142857142858,0.0975609756097561,26,33,0.4406779661016949,0.559322033898305,1551,7000,0.22157142857142856,1,https://www.championat.com/hockey/_superleague/tournament/5077/match/1054049/
Барыс,ХК Сочи,0,0,45,20,0.0,0.0,34,22,0.6071428571428571,0.39285714285714285,7779,12000,0.64825,0,https://www.championat.com/hockey/_superleague/tournament/5077/match/1054053/
Автомобилист,Салават Юлаев,0,4,31,28,0.0,0.14285714285714285,31,23,0.5740740740740741,0.42592592592592593,5300,5570,0.9515260323159784,0,https://www.championat.com/hockey/_superleague/tournament/5077/match/1054055/
Трактор,Нефтехимик,1,2,22,17,0.045454545454545456,0.11764705882352941,32,25,0.5614035087719298,0.43859649122807015,5417,7500,0.7222666666666666,0,https://www.championat.com/hockey/_superleague/tournament/5077/match/1054057/
Динамо М,Северсталь,4,3,35,31,0.11428571428571428,0.0967741935483871,28,23,0.5490196078431373,0.45098039215686275,3752,11500,0.3262608695652174,1,https://www.championat.com/hockey/_superleague/tournament/5077/match/1054059/
Спартак,Витязь,1,5,41,24,0.024390243902439025,0.20833333333333334,42,21,0.6666666666666666,0.3333333333333333,2959,12724,0.2325526563973593,0,https://www.championat.com/hockey/_superleague/tournament/5077/match/1054061/
Куньлунь Ред Стар,Динамо М,0,0,24,43,0.0,0.0,27,27,0.5,0.5,597,7000,0.08528571428571428,0,https://www.championat.com/hockey/_superleague/tournament/5077/match/1054063/
Торпедо,Динамо Мн,0,0,33,31,0.0,0.0,24,33,0.42105263157894735,0.5789473684210527,5500,5600,0.9821428571428571,0,https://www.championat.com/hockey/_superleague/tournament/5077/match/1054065/
ЦСКА,СКА,0,0,43,29,0.0,0.0,28,31,0.4745762711864407,0.5254237288135594,4227,12680,0.3333596214511041,0,https://www.championat.com/hockey/_superleague/tournament/5077/match/1054067/
Адмирал,ХК Сочи,2,4,30,25,0.06666666666666667,0.16,36,28,0.5625,0.4375,2274,5915,0.38444632290786135,0,https://www.championat.com/hockey/_superleague/tournament/5077/match/1054069/
Сибирь,Локомотив,1,2,17,28,0.058823529411764705,0.07142857142857142,20,27,0.425531914893617,0.574468085106383,3455,6055,0.5706028075970272,0,https://www.championat.com/hockey/_superleague/tournament/5077/match/1054071/
Барыс,Нефтехимик,1,2,29,26,0.034482758620689655,0.07692307692307693,32,23,0.5818181818181818,0.41818181818181815,4819,12000,0.40158333333333335,0,https://www.championat.com/hockey/_superleague/tournament/5077/match/1054073/
Салават Юлаев,Авангард,5,0,27,31,0.18518518518518517,0.0,32,32,0.5,0.5,4634,8522,0.5437690682938278,1,https://www.championat.com/hockey/_superleague/tournament/5077/match/1054075/
Трактор,Металлург Мг,2,5,29,29,0.06896551724137931,0.1724137931034483,22,37,0.3728813559322034,0.6271186440677966,6620,7500,0.8826666666666667,0,https://www.championat.com/hockey/_superleague/tournament/5077/match/1054077/
Ак Барс,Автомобилист,0,0,46,22,0.0,0.0,29,30,0.4915254237288136,0.5084745762711864,6255,8900,0.702808988764045,0,https://www.championat.com/hockey/_superleague/tournament/5077/match/1054079/
Куньлунь Ред Стар,Северсталь,2,3,16,49,0.125,0.061224489795918366,24,29,0.4528301886792453,0.5471698113207547,385,7000,0.055,0,https://www.championat.com/hockey/_superleague/tournament/5077/match/1054081/
Динамо Мн,Витязь,3,5,35,30,0.08571428571428572,0.16666666666666666,37,33,0.5285714285714286,0.4714285714285714,6141,15266,0.4022664745185379,0,https://www.championat.com/hockey/_superleague/tournament/5077/match/1054085/
Спартак,СКА,1,5,27,45,0.037037037037037035,0.1111111111111111,32,29,0.5245901639344263,0.47540983606557374,3831,12724,0.3010845646023263,0,https://www.championat.com/hockey/_superleague/tournament/5077/match/1054083/
Амур,ХК Сочи,4,3,44,32,0.09090909090909091,0.09375,39,28,0.582089552238806,0.417910447761194,3211,7100,0.45225352112676054,1,https://www.championat.com/hockey/_superleague/tournament/5077/match/1054089/
Адмирал,Локомотив,3,2,26,35,0.11538461538461539,0.05714285714285714,17,30,0.3617021276595745,0.6382978723404256,2087,5915,0.35283178360101436,1,https://www.championat.com/hockey/_superleague/tournament/5077/match/1054087/
Сибирь,ЦСКА,0,3,21,21,0.0,0.14285714285714285,19,27,0.41304347826086957,0.5869565217391305,6055,6055,1.0,0,https://www.championat.com/hockey/_superleague/tournament/5077/match/1054091/
Салават Юлаев,Металлург Мг,2,3,35,26,0.05714285714285714,0.11538461538461539,30,25,0.5454545454545454,0.45454545454545453,6564,8522,0.7702417272940624,0,https://www.championat.com/hockey/_superleague/tournament/5077/match/1054093/
Нефтехимик,Динамо М,3,2,26,41,0.11538461538461539,0.04878048780487805,21,37,0.3620689655172414,0.6379310344827587,2438,6050,0.40297520661157027,1,https://www.championat.com/hockey/_superleague/tournament/5077/match/1054097/
Торпедо,Барыс,3,1,40,32,0.075,0.03125,25,33,0.43103448275862066,0.5689655172413793,5370,5600,0.9589285714285715,1,https://www.championat.com/hockey/_superleague/tournament/5077/match/1054099/
Ак Барс,Автомобилист,0,0,46,30,0.0,0.0,23,34,0.40350877192982454,0.5964912280701754,6435,8900,0.7230337078651685,0,https://www.championat.com/hockey/_superleague/tournament/5077/match/1054095/
Куньлунь Ред Стар,Трактор,0,0,21,44,0.0,0.0,11,25,0.3055555555555556,0.6944444444444444,643,7000,0.09185714285714286,0,https://www.championat.com/hockey/_superleague/tournament/5077/match/1054101/
Северсталь,Спартак,2,4,29,30,0.06896551724137931,0.13333333333333333,33,28,0.5409836065573771,0.45901639344262296,4353,6064,0.7178430079155673,0,https://www.championat.com/hockey/_superleague/tournament/5077/match/1054103/
СКА,Витязь,4,3,37,30,0.10810810810810811,0.1,40,30,0.5714285714285714,0.42857142857142855,10248,12500,0.81984,1,https://www.championat.com/hockey/_superleague/tournament/5077/match/1054105/
Адмирал,ЦСКА,1,4,27,31,0.037037037037037035,0.12903225806451613,16,34,0.32,0.68,5144,5915,0.8696534234995773,0,https://www.championat.com/hockey/_superleague/tournament/5077/match/1054107/
Амур,Локомотив,1,3,23,24,0.043478260869565216,0.125,27,42,0.391304347826087,0.6086956521739131,5120,7100,0.7211267605633803,0,https://www.championat.com/hockey/_superleague/tournament/5077/match/1054109/
Сибирь,ХК Сочи,3,0,35,26,0.08571428571428572,0.0,32,22,0.5925925925925926,0.4074074074074074,5479,6055,0.9048720066061107,1,https://www.championat.com/hockey/_superleague/tournament/5077/match/1054111/
Авангард,Металлург Мг,5,1,23,20,0.21739130434782608,0.05,31,30,0.5081967213114754,0.4918032786885246,10231,12011,0.851802514361835,1,https://www.championat.com/hockey/_superleague/tournament/5077/match/1054113/
Салават Юлаев,Динамо М,3,2,28,37,0.10714285714285714,0.05405405405405406,34,26,0.5666666666666667,0.43333333333333335,6184,8522,0.7256512555738089,1,https://www.championat.com/hockey/_superleague/tournament/5077/match/1054115/
Ак Барс,Барыс,2,3,25,33,0.08,0.09090909090909091,25,30,0.45454545454545453,0.5454545454545454,6507,8900,0.731123595505618,0,https://www.championat.com/hockey/_superleague/tournament/5077/match/1054117/
Нефтехимик,Автомобилист,4,3,36,39,0.1111111111111111,0.07692307692307693,37,28,0.5692307692307692,0.4307692307692308,3270,6050,0.540495867768595,1,https://www.championat.com/hockey/_superleague/tournament/5077/match/1054119/
Авангард,Куньлунь Ред Стар,0,4,33,24,0.0,0.16666666666666666,28,30,0.4827586206896552,0.5172413793103449,10981,12011,0.9142452751644327,0,https://www.championat.com/hockey/_superleague/tournament/5077/match/1054121/
Северсталь,Трактор,4,3,30,27,0.13333333333333333,0.1111111111111111,27,27,0.5,0.5,3815,6064,0.629122691292876,1,https://www.championat.com/hockey/_superleague/tournament/5077/match/1054123/
Торпедо,Динамо Мн,5,2,42,19,0.11904761904761904,0.10526315789473684,27,35,0.43548387096774194,0.5645161290322581,5500,5600,0.9821428571428571,1,https://www.championat.com/hockey/_superleague/tournament/5077/match/1054125/
Витязь,Спартак,2,1,46,32,0.043478260869565216,0.03125,29,30,0.4915254237288136,0.5084745762711864,3964,5525,0.7174660633484163,1,https://www.championat.com/hockey/_superleague/tournament/5077/match/1054127/
Амур,ЦСКА,2,3,27,45,0.07407407407407407,0.06666666666666667,25,42,0.373134328358209,0.6268656716417911,4318,7100,0.6081690140845071,0,https://www.championat.com/hockey/_superleague/tournament/5077/match/1054129/
Металлург Мг,Динамо М,1,3,30,32,0.03333333333333333,0.09375,23,25,0.4791666666666667,0.5208333333333334,2495,7700,0.32402597402597405,0,https://www.championat.com/hockey/_superleague/tournament/5077/match/1054131/
Сибирь,Адмирал,2,4,33,22,0.06060606060606061,0.18181818181818182,30,34,0.46875,0.53125,3025,6055,0.4995871180842279,0,https://www.championat.com/hockey/_superleague/tournament/5077/match/1054133/
Барыс,Куньлунь Ред Стар,0,5,28,29,0.0,0.1724137931034483,29,33,0.46774193548387094,0.532258064516129,4818,12000,0.4015,0,https://www.championat.com/hockey/_superleague/tournament/5077/match/1054135/
Автомобилист,Торпедо,4,1,18,34,0.2222222222222222,0.029411764705882353,31,17,0.6458333333333334,0.3541666666666667,4159,5570,0.7466786355475763,1,https://www.championat.com/hockey/_superleague/tournament/5077/match/1054137/
Нефтехимик,Трактор,0,1,24,32,0.0,0.03125,24,30,0.4444444444444444,0.5555555555555556,3154,6050,0.5213223140495867,0,https://www.championat.com/hockey/_superleague/tournament/5077/match/1054139/
СКА,Динамо Мн,0,0,30,20,0.0,0.0,31,20,0.6078431372549019,0.39215686274509803,10113,12500,0.80904,0,https://www.championat.com/hockey/_superleague/tournament/5077/match/1054141/
Спартак,Витязь,0,0,32,42,0.0,0.0,39,29,0.5735294117647058,0.4264705882352941,2151,12724,0.16905061301477523,0,https://www.championat.com/hockey/_superleague/tournament/5077/match/1054143/
Металлург Мг,Ак Барс,4,1,26,33,0.15384615384615385,0.030303030303030304,24,27,0.47058823529411764,0.5294117647058824,3570,7700,0.4636363636363636,1,https://www.championat.com/hockey/_superleague/tournament/5077/match/1054145/
Динамо М,Северсталь,2,1,37,26,0.05405405405405406,0.038461538461538464,37,14,0.7254901960784313,0.27450980392156865,3037,11500,0.26408695652173914,1,https://www.championat.com/hockey/_superleague/tournament/5077/match/1054147/
Авангард,Амур,4,1,38,15,0.10526315789473684,0.06666666666666667,26,32,0.4482758620689655,0.5517241379310345,10870,12011,0.9050037465656482,1,https://www.championat.com/hockey/_superleague/tournament/5077/match/1054149/
Барыс,Адмирал,3,1,26,22,0.11538461538461539,0.045454545454545456,33,23,0.5892857142857143,0.4107142857142857,3581,12000,0.29841666666666666,1,https://www.championat.com/hockey/_superleague/tournament/5077/match/1054151/
Салават Юлаев,Торпедо,1,2,37,27,0.02702702702702703,0.07407407407407407,35,29,0.546875,0.453125,5521,8522,0.6478526167566299,0,https://www.championat.com/hockey/_superleague/tournament/5077/match/1054153/
Трактор,Сибирь,0,0,24,26,0.0,0.0,41,25,0.6212121212121212,0.3787878787878788,4350,7500,0.58,0,https://www.championat.com/hockey/_superleague/tournament/5077/match/1054155/
Локомотив,СКА,3,1,27,26,0.1111111111111111,0.038461538461538464,34,18,0.6538461538461539,0.34615384615384615,2000,9071,0.22048285745783266,1,https://www.championat.com/hockey/_superleague/tournament/5077/match/1054157/
Витязь,ЦСКА,1,2,23,31,0.043478260869565216,0.06451612903225806,16,33,0.32653061224489793,0.673469387755102,3634,5525,0.657737556561086,0,https://www.championat.com/hockey/_superleague/tournament/5077/match/1054159/
Спартак,Динамо Мн,0,0,38,38,0.0,0.0,41,25,0.6212121212121212,0.3787878787878788,2176,12724,0.17101540396101855,0,https://www.championat.com/hockey/_superleague/tournament/5077/match/1054161/
ХК Сочи,Нефтехимик,0,0,25,46,0.0,0.0,31,41,0.4305555555555556,0.5694444444444444,4822,12000,0.4018333333333333,0,https://www.championat.com/hockey/_superleague/tournament/5077/match/1054163/
Автомобилист,Ак Барс,2,1,25,33,0.08,0.030303030303030304,34,23,0.5964912280701754,0.40350877192982454,5545,5570,0.9955116696588869,1,https://www.championat.com/hockey/_superleague/tournament/5077/match/1054165/
Куньлунь Ред Стар,Северсталь,3,5,21,39,0.14285714285714285,0.1282051282051282,38,26,0.59375,0.40625,546,7000,0.078,0,https://www.championat.com/hockey/_superleague/tournament/5077/match/1054167/
Динамо М,Сибирь,3,4,30,29,0.1,0.13793103448275862,32,26,0.5517241379310345,0.4482758620689655,4195,11500,0.36478260869565216,0,https://www.championat.com/hockey/_superleague/tournament/5077/match/1054181/
Авангард,Адмирал,3,4,23,29,0.13043478260869565,0.13793103448275862,34,27,0.5573770491803278,0.4426229508196721,11489,12011,0.956539838481392,0,https://www.championat.com/hockey/_superleague/tournament/5077/match/1054169/
Барыс,Амур,5,1,28,21,0.17857142857142858,0.047619047619047616,31,29,0.5166666666666667,0.48333333333333334,5832,12000,0.486,1,https://www.championat.com/hockey/_superleague/tournament/5077/match/1054171/
Салават Юлаев,Нефтехимик,4,0,26,29,0.15384615384615385,0.0,39,30,0.5652173913043478,0.43478260869565216,6631,8522,0.7781037315184229,1,https://www.championat.com/hockey/_superleague/tournament/5077/match/1054175/
Металлург Мг,Торпедо,2,1,36,31,0.05555555555555555,0.03225806451612903,34,19,0.6415094339622641,0.3584905660377358,3601,7700,0.46766233766233767,1,https://www.championat.com/hockey/_superleague/tournament/5077/match/1054173/
Локомотив,Динамо Мн,3,2,21,27,0.14285714285714285,0.07407407407407407,40,21,0.6557377049180327,0.3442622950819672,6259,9071,0.6900011024142872,1,https://www.championat.com/hockey/_superleague/tournament/5077/match/1054177/
Витязь,СКА,0,5,28,47,0.0,0.10638297872340426,33,45,0.4230769230769231,0.5769230769230769,3849,5525,0.6966515837104073,0,https://www.championat.com/hockey/_superleague/tournament/5077/match/1054179/
Трактор,Ак Барс,5,2,51,20,0.09803921568627451,0.1,34,31,0.5230769230769231,0.47692307692307695,7501,7500,1.0001333333333333,1,https://www.championat.com/hockey/_superleague/tournament/5077/match/1054183/
Куньлунь Ред Стар,Спартак,3,0,17,37,0.17647058823529413,0.0,25,28,0.4716981132075472,0.5283018867924528,1459,7000,0.20842857142857144,1,https://www.championat.com/hockey/_superleague/tournament/5077/match/1054185/
ХК Сочи,Северсталь,1,2,25,18,0.04,0.1111111111111111,30,26,0.5357142857142857,0.4642857142857143,4068,12000,0.339,0,https://www.championat.com/hockey/_superleague/tournament/5077/match/1054187/
Барыс,Торпедо,4,1,22,35,0.18181818181818182,0.02857142857142857,25,26,0.49019607843137253,0.5098039215686274,4145,12000,0.34541666666666665,1,https://www.championat.com/hockey/_superleague/tournament/5077/match/1054189/
Автомобилист,Амур,4,2,36,28,0.1111111111111111,0.07142857142857142,34,25,0.576271186440678,0.423728813559322,3797,5570,0.6816876122082586,1,https://www.championat.com/hockey/_superleague/tournament/5077/match/1054191/
Металлург Мг,Авангард,7,4,34,38,0.20588235294117646,0.10526315789473684,32,24,0.5714285714285714,0.42857142857142855,3100,7700,0.4025974025974026,1,https://www.championat.com/hockey/_superleague/tournament/5077/match/1054193/
Нефтехимик,Сибирь,3,2,45,19,0.06666666666666667,0.10526315789473684,32,32,0.5,0.5,2030,6050,0.33553719008264465,1,https://www.championat.com/hockey/_superleague/tournament/5077/match/1054195/
Динамо М,ЦСКА,1,3,25,26,0.04,0.11538461538461539,30,30,0.5,0.5,6028,11500,0.5241739130434783,0,https://www.championat.com/hockey/_superleague/tournament/5077/match/1054197/
Адмирал,Витязь,3,2,41,35,0.07317073170731707,0.05714285714285714,37,30,0.5522388059701493,0.44776119402985076,2266,5915,0.3830938292476754,1,https://www.championat.com/hockey/_superleague/tournament/5077/match/1054199/
Северсталь,Локомотив,0,0,21,33,0.0,0.0,27,31,0.46551724137931033,0.5344827586206896,3510,6064,0.5788258575197889,0,https://www.championat.com/hockey/_superleague/tournament/5077/match/1054201/
Динамо Мн,ХК Сочи,5,3,28,27,0.17857142857142858,0.1111111111111111,34,29,0.5396825396825397,0.4603174603174603,6280,15266,0.41137167561902266,1,https://www.championat.com/hockey/_superleague/tournament/5077/match/1054205/
Спартак,Салават Юлаев,2,5,42,25,0.047619047619047616,0.2,35,19,0.6481481481481481,0.35185185185185186,3237,12396,0.2611326234269119,0,https://www.championat.com/hockey/_superleague/tournament/5077/match/1054203/
Трактор,Авангард,1,0,21,24,0.047619047619047616,0.0,13,22,0.37142857142857144,0.6285714285714286,5524,7500,0.7365333333333334,1,https://www.championat.com/hockey/_superleague/tournament/5077/match/1054207/
Ак Барс,Металлург Мг,0,0,37,27,0.0,0.0,33,29,0.532258064516129,0.46774193548387094,7890,8900,0.8865168539325843,0,https://www.championat.com/hockey/_superleague/tournament/5077/match/1054209/
СКА,Автомобилист,3,1,36,31,0.08333333333333333,0.03225806451612903,25,35,0.4166666666666667,0.5833333333333334,10144,12500,0.81152,1,https://www.championat.com/hockey/_superleague/tournament/5077/match/1054211/
ЦСКА,Куньлунь Ред Стар,5,1,43,24,0.11627906976744186,0.041666666666666664,37,31,0.5441176470588235,0.45588235294117646,2110,12680,0.16640378548895898,1,https://www.championat.com/hockey/_superleague/tournament/5077/match/1054213/
Амур,Витязь,3,2,25,26,0.12,0.07692307692307693,33,25,0.5689655172413793,0.43103448275862066,3062,7100,0.43126760563380284,1,https://www.championat.com/hockey/_superleague/tournament/5077/match/1054215/
Северсталь,Салават Юлаев,4,5,28,16,0.14285714285714285,0.3125,16,30,0.34782608695652173,0.6521739130434783,3119,6064,0.5143469656992085,0,https://www.championat.com/hockey/_superleague/tournament/5077/match/1054217/
Торпедо,ХК Сочи,4,1,36,24,0.1111111111111111,0.041666666666666664,24,25,0.4897959183673469,0.5102040816326531,5100,5600,0.9107142857142857,1,https://www.championat.com/hockey/_superleague/tournament/5077/match/1054219/
Динамо М,Локомотив,2,4,30,28,0.06666666666666667,0.14285714285714285,32,32,0.5,0.5,4054,11500,0.3525217391304348,0,https://www.championat.com/hockey/_superleague/tournament/5077/match/1054221/
Адмирал,Спартак,1,2,29,22,0.034482758620689655,0.09090909090909091,31,23,0.5740740740740741,0.42592592592592593,4254,5915,0.7191885038038884,0,https://www.championat.com/hockey/_superleague/tournament/5077/match/1054223/
Барыс,Металлург Мг,0,5,19,28,0.0,0.17857142857142858,23,24,0.48936170212765956,0.5106382978723404,7577,12000,0.6314166666666666,0,https://www.championat.com/hockey/_superleague/tournament/5077/match/1054225/
СКА,Куньлунь Ред Стар,3,2,21,16,0.14285714285714285,0.125,29,24,0.5471698113207547,0.4528301886792453,10094,12500,0.80752,1,https://www.championat.com/hockey/_superleague/tournament/5077/match/1054227/
ЦСКА,Автомобилист,4,1,28,29,0.14285714285714285,0.034482758620689655,26,32,0.4482758620689655,0.5517241379310345,3950,12680,0.3115141955835962,1,https://www.championat.com/hockey/_superleague/tournament/5077/match/1054229/
Сибирь,Витязь,4,3,33,28,0.12121212121212122,0.10714285714285714,41,22,0.6507936507936508,0.3492063492063492,6055,6055,1.0,1,https://www.championat.com/hockey/_superleague/tournament/5077/match/1054231/
Ак Барс,Салават Юлаев,2,3,32,22,0.0625,0.13636363636363635,20,27,0.425531914893617,0.574468085106383,8890,8900,0.998876404494382,0,https://www.championat.com/hockey/_superleague/tournament/5077/match/1054233/
Динамо Мн,Локомотив,5,2,26,19,0.19230769230769232,0.10526315789473684,17,32,0.3469387755102041,0.6530612244897959,14010,15266,0.9177256648761954,1,https://www.championat.com/hockey/_superleague/tournament/5077/match/1054235/
Амур,Спартак,0,0,37,33,0.0,0.0,33,32,0.5076923076923077,0.49230769230769234,5858,7100,0.8250704225352112,0,https://www.championat.com/hockey/_superleague/tournament/5077/match/1054237/
Авангард,Северсталь,4,3,37,18,0.10810810810810811,0.16666666666666666,44,23,0.6567164179104478,0.34328358208955223,11998,12011,0.998917658812755,1,https://www.championat.com/hockey/_superleague/tournament/5077/match/1054239/
Нефтехимик,Барыс,4,2,34,34,0.11764705882352941,0.058823529411764705,36,34,0.5142857142857142,0.4857142857142857,4104,6050,0.6783471074380165,1,https://www.championat.com/hockey/_superleague/tournament/5077/match/1054241/
Торпедо,Куньлунь Ред Стар,3,2,46,25,0.06521739130434782,0.08,29,35,0.453125,0.546875,5500,5600,0.9821428571428571,1,https://www.championat.com/hockey/_superleague/tournament/5077/match/1054243/
ХК Сочи,Автомобилист,2,5,24,32,0.08333333333333333,0.15625,32,35,0.47761194029850745,0.5223880597014925,4854,12000,0.4045,0,https://www.championat.com/hockey/_superleague/tournament/5077/match/1054245/
Металлург Мг,Ак Барс,2,1,35,33,0.05714285714285714,0.030303030303030304,22,28,0.44,0.56,2741,7700,0.355974025974026,1,https://www.championat.com/hockey/_superleague/tournament/5077/match/1054247/
СКА,Локомотив,4,3,21,31,0.19047619047619047,0.0967741935483871,28,39,0.417910447761194,0.582089552238806,11081,12500,0.88648,1,https://www.championat.com/hockey/_superleague/tournament/5077/match/1054249/
ЦСКА,Трактор,5,2,29,23,0.1724137931034483,0.08695652173913043,35,28,0.5555555555555556,0.4444444444444444,3072,12680,0.24227129337539433,1,https://www.championat.com/hockey/_superleague/tournament/5077/match/1054251/
Динамо Мн,Динамо М,0,1,24,28,0.0,0.03571428571428571,25,31,0.44642857142857145,0.5535714285714286,7698,15266,0.5042578278527446,0,https://www.championat.com/hockey/_superleague/tournament/5077/match/1054253/
Адмирал,Северсталь,2,1,32,38,0.0625,0.02631578947368421,26,31,0.45614035087719296,0.543859649122807,2656,5915,0.44902789518174135,1,https://www.championat.com/hockey/_superleague/tournament/5077/match/1054255/
Сибирь,Спартак,4,3,29,32,0.13793103448275862,0.09375,25,34,0.423728813559322,0.576271186440678,3740,6055,0.6176713459950454,1,https://www.championat.com/hockey/_superleague/tournament/5077/match/1054257/
Авангард,Барыс,6,0,28,18,0.21428571428571427,0.0,28,28,0.5,0.5,11527,12011,0.9597036050287236,1,https://www.championat.com/hockey/_superleague/tournament/5077/match/1054259/
Металлург Мг,Автомобилист,3,0,26,37,0.11538461538461539,0.0,24,22,0.5217391304347826,0.4782608695652174,2970,7700,0.38571428571428573,1,https://www.championat.com/hockey/_superleague/tournament/5077/match/1054261/
Салават Юлаев,Ак Барс,4,1,21,32,0.19047619047619047,0.03125,30,26,0.5357142857142857,0.4642857142857143,8522,8522,1.0,1,https://www.championat.com/hockey/_superleague/tournament/5077/match/1054263/
Витязь,Куньлунь Ред Стар,5,3,28,25,0.17857142857142858,0.12,28,36,0.4375,0.5625,1145,5525,0.2072398190045249,1,https://www.championat.com/hockey/_superleague/tournament/5077/match/1054267/
Торпедо,Динамо М,3,0,30,26,0.1,0.0,29,28,0.5087719298245614,0.49122807017543857,5500,5600,0.9821428571428571,1,https://www.championat.com/hockey/_superleague/tournament/5077/match/1054265/
СКА,Нефтехимик,3,1,33,33,0.09090909090909091,0.030303030303030304,32,27,0.5423728813559322,0.4576271186440678,9069,12500,0.72552,1,https://www.championat.com/hockey/_superleague/tournament/5077/match/1054269/
ХК Сочи,Трактор,3,4,26,26,0.11538461538461539,0.15384615384615385,24,29,0.4528301886792453,0.5471698113207547,4496,12000,0.37466666666666665,0,https://www.championat.com/hockey/_superleague/tournament/5077/match/1054271/
Амур,Северсталь,5,2,29,41,0.1724137931034483,0.04878048780487805,27,30,0.47368421052631576,0.5263157894736842,3970,7100,0.5591549295774648,1,https://www.championat.com/hockey/_superleague/tournament/5077/match/1054273/
Сибирь,Барыс,4,3,37,18,0.10810810810810811,0.16666666666666666,24,34,0.41379310344827586,0.5862068965517241,4025,6055,0.6647398843930635,1,https://www.championat.com/hockey/_superleague/tournament/5077/match/1054275/
ЦСКА,Динамо Мн,2,1,33,16,0.06060606060606061,0.0625,42,17,0.711864406779661,0.288135593220339,2951,12680,0.23272870662460568,1,https://www.championat.com/hockey/_superleague/tournament/5077/match/1054277/
Авангард,Адмирал,0,0,45,15,0.0,0.0,26,19,0.5777777777777777,0.4222222222222222,11677,12011,0.9721921571892432,0,https://www.championat.com/hockey/_superleague/tournament/5077/match/1054279/
Металлург Мг,Трактор,4,3,27,29,0.14814814814814814,0.10344827586206896,25,25,0.5,0.5,3966,7700,0.5150649350649351,1,https://www.championat.com/hockey/_superleague/tournament/5077/match/1054281/
Куньлунь Ред Стар,Нефтехимик,4,3,21,34,0.19047619047619047,0.08823529411764706,23,27,0.46,0.54,473,7000,0.06757142857142857,1,https://www.championat.com/hockey/_superleague/tournament/5077/match/1054283/
Локомотив,Торпедо,2,0,25,25,0.08,0.0,36,20,0.6428571428571429,0.35714285714285715,2000,9071,0.22048285745783266,1,https://www.championat.com/hockey/_superleague/tournament/5077/match/1054285/
Динамо М,СКА,3,4,31,35,0.0967741935483871,0.11428571428571428,27,28,0.4909090909090909,0.509090909090909,6873,11500,0.5976521739130435,0,https://www.championat.com/hockey/_superleague/tournament/5077/match/1054287/
Сибирь,Северсталь,5,1,20,27,0.25,0.037037037037037035,19,26,0.4222222222222222,0.5777777777777777,6055,6055,1.0,1,https://www.championat.com/hockey/_superleague/tournament/5077/match/1054289/
Салават Юлаев,Барыс,5,1,27,20,0.18518518518518517,0.05,30,25,0.5454545454545454,0.45454545454545453,7676,8522,0.9007275287491199,1,https://www.championat.com/hockey/_superleague/tournament/5077/match/1054291/
Витязь,Динамо Мн,1,2,32,41,0.03125,0.04878048780487805,27,27,0.5,0.5,2912,5525,0.5270588235294118,0,https://www.championat.com/hockey/_superleague/tournament/5077/match/1054293/
Динамо М,Торпедо,4,2,29,26,0.13793103448275862,0.07692307692307693,29,26,0.5272727272727272,0.4727272727272727,4053,11500,0.35243478260869565,1,https://www.championat.com/hockey/_superleague/tournament/5077/match/1054303/
Автомобилист,Адмирал,1,2,40,16,0.025,0.125,28,26,0.5185185185185185,0.48148148148148145,5500,5570,0.9874326750448833,0,https://www.championat.com/hockey/_superleague/tournament/5077/match/1054295/
Трактор,Амур,1,0,38,26,0.02631578947368421,0.0,28,20,0.5833333333333334,0.4166666666666667,6956,7500,0.9274666666666667,1,https://www.championat.com/hockey/_superleague/tournament/5077/match/1054297/
Ак Барс,Нефтехимик,5,2,34,22,0.14705882352941177,0.09090909090909091,32,24,0.5714285714285714,0.42857142857142855,7410,8900,0.8325842696629213,1,https://www.championat.com/hockey/_superleague/tournament/5077/match/1054299/
Куньлунь Ред Стар,Авангард,2,5,24,22,0.08333333333333333,0.22727272727272727,22,29,0.43137254901960786,0.5686274509803921,1523,7000,0.21757142857142858,0,https://www.championat.com/hockey/_superleague/tournament/5077/match/1054301/
Спартак,СКА,4,6,50,31,0.08,0.1935483870967742,32,35,0.47761194029850745,0.5223880597014925,5881,12724,0.4621974221942785,0,https://www.championat.com/hockey/_superleague/tournament/5077/match/1054305/
ХК Сочи,ЦСКА,0,6,26,46,0.0,0.13043478260869565,18,37,0.32727272727272727,0.6727272727272727,5625,12000,0.46875,0,https://www.championat.com/hockey/_superleague/tournament/5077/match/1054307/
Локомотив,Динамо Мн,1,0,33,26,0.030303030303030304,0.0,28,26,0.5185185185185185,0.48148148148148145,5056,9071,0.557380663653401,1,https://www.championat.com/hockey/_superleague/tournament/5077/match/1054309/
Барыс,Сибирь,3,1,27,27,0.1111111111111111,0.037037037037037035,24,19,0.5581395348837209,0.4418604651162791,5559,12000,0.46325,1,https://www.championat.com/hockey/_superleague/tournament/5077/match/1054311/
Салават Юлаев,Амур,1,2,28,23,0.03571428571428571,0.08695652173913043,31,23,0.5740740740740741,0.42592592592592593,7219,8522,0.8471016193381835,0,https://www.championat.com/hockey/_superleague/tournament/5077/match/1054313/
Трактор,Адмирал,0,0,18,26,0.0,0.0,26,32,0.4482758620689655,0.5517241379310345,5197,7500,0.6929333333333333,0,https://www.championat.com/hockey/_superleague/tournament/5077/match/1054315/
Ак Барс,ЦСКА,2,3,23,24,0.08695652173913043,0.125,30,31,0.4918032786885246,0.5081967213114754,8005,8900,0.8994382022471911,0,https://www.championat.com/hockey/_superleague/tournament/5077/match/1054317/
Витязь,Торпедо,1,3,39,41,0.02564102564102564,0.07317073170731707,39,16,0.7090909090909091,0.2909090909090909,1754,5525,0.3174660633484163,0,https://www.championat.com/hockey/_superleague/tournament/5077/match/1054319/
Динамо М,Металлург Мг,4,1,29,25,0.13793103448275862,0.04,31,16,0.6595744680851063,0.3404255319148936,5221,11500,0.454,1,https://www.championat.com/hockey/_superleague/tournament/5077/match/1054321/
Спартак,Авангард,2,4,32,23,0.0625,0.17391304347826086,22,29,0.43137254901960786,0.5686274509803921,3596,12724,0.2826155297076391,0,https://www.championat.com/hockey/_superleague/tournament/5077/match/1054323/
Куньлунь Ред Стар,Динамо Мн,2,3,21,47,0.09523809523809523,0.06382978723404255,30,33,0.47619047619047616,0.5238095238095238,442,7000,0.06314285714285714,0,https://www.championat.com/hockey/_superleague/tournament/5077/match/1054325/
СКА,ХК Сочи,5,2,40,28,0.125,0.07142857142857142,52,30,0.6341463414634146,0.36585365853658536,11475,12500,0.918,1,https://www.championat.com/hockey/_superleague/tournament/5077/match/1054327/
Авангард,Сибирь,0,0,33,28,0.0,0.0,39,19,0.6724137931034483,0.3275862068965517,11898,12011,0.9905919573724086,0,https://www.championat.com/hockey/_superleague/tournament/5077/match/1054329/
Барыс,Адмирал,1,4,28,20,0.03571428571428571,0.2,25,26,0.49019607843137253,0.5098039215686274,5757,12000,0.47975,0,https://www.championat.com/hockey/_superleague/tournament/5077/match/1054331/
Автомобилист,Амур,4,2,33,28,0.12121212121212122,0.07142857142857142,38,26,0.59375,0.40625,4078,5570,0.7321364452423699,1,https://www.championat.com/hockey/_superleague/tournament/5077/match/1054333/
Ак Барс,Салават Юлаев,2,1,25,30,0.08,0.03333333333333333,26,22,0.5416666666666666,0.4583333333333333,8890,8900,0.998876404494382,1,https://www.championat.com/hockey/_superleague/tournament/5077/match/1054335/
Нефтехимик,ЦСКА,0,0,33,38,0.0,0.0,27,28,0.4909090909090909,0.509090909090909,3718,6050,0.6145454545454545,0,https://www.championat.com/hockey/_superleague/tournament/5077/match/1054339/
Локомотив,Металлург Мг,4,1,28,35,0.14285714285714285,0.02857142857142857,31,18,0.6326530612244898,0.3673469387755102,6379,9071,0.7032300738617573,1,https://www.championat.com/hockey/_superleague/tournament/5077/match/1054337/
Спартак,Куньлунь Ред Стар,1,3,49,27,0.02040816326530612,0.1111111111111111,33,29,0.532258064516129,0.46774193548387094,3758,12724,0.2953473750392958,0,https://www.championat.com/hockey/_superleague/tournament/5077/match/1054345/
Трактор,Витязь,2,5,26,27,0.07692307692307693,0.18518518518518517,26,28,0.48148148148148145,0.5185185185185185,7300,7500,0.9733333333333334,0,https://www.championat.com/hockey/_superleague/tournament/5077/match/1054341/
Северсталь,ХК Сочи,5,4,49,17,0.10204081632653061,0.23529411764705882,42,25,0.6268656716417911,0.373134328358209,4535,6064,0.7478562005277045,1,https://www.championat.com/hockey/_superleague/tournament/5077/match/1054343/
Торпедо,Локомотив,0,4,17,20,0.0,0.2,19,25,0.4318181818181818,0.5681818181818182,5500,5600,0.9821428571428571,0,https://www.championat.com/hockey/_superleague/tournament/5077/match/1054351/
Автомобилист,Сибирь,1,2,29,42,0.034482758620689655,0.047619047619047616,39,26,0.6,0.4,5545,5570,0.9955116696588869,0,https://www.championat.com/hockey/_superleague/tournament/5077/match/1054347/
Нефтехимик,Салават Юлаев,2,3,25,24,0.08,0.125,31,36,0.4626865671641791,0.5373134328358209,4522,6050,0.7474380165289256,0,https://www.championat.com/hockey/_superleague/tournament/5077/match/1054349/
СКА,Металлург Мг,4,3,32,32,0.125,0.09375,32,32,0.5,0.5,12378,12500,0.99024,1,https://www.championat.com/hockey/_superleague/tournament/5077/match/1054353/
Адмирал,Динамо М,2,1,22,42,0.09090909090909091,0.023809523809523808,24,35,0.4067796610169492,0.5932203389830508,5248,5915,0.8872358410819949,1,https://www.championat.com/hockey/_superleague/tournament/5077/match/1054355/
Авангард,Витязь,3,1,26,17,0.11538461538461539,0.058823529411764705,37,22,0.6271186440677966,0.3728813559322034,11907,12011,0.9913412705020398,1,https://www.championat.com/hockey/_superleague/tournament/5077/match/1054357/
Северсталь,Ак Барс,0,0,37,23,0.0,0.0,28,28,0.5,0.5,5060,6064,0.8344327176781002,0,https://www.championat.com/hockey/_superleague/tournament/5077/match/1054359/
Динамо Мн,ХК Сочи,0,0,39,28,0.0,0.0,41,26,0.6119402985074627,0.3880597014925373,12833,15266,0.8406262282195729,0,https://www.championat.com/hockey/_superleague/tournament/5077/match/1054361/
Трактор,Сибирь,3,2,27,24,0.1111111111111111,0.08333333333333333,30,25,0.5454545454545454,0.45454545454545453,5123,7500,0.6830666666666667,1,https://www.championat.com/hockey/_superleague/tournament/5077/match/1054363/
Куньлунь Ред Стар,Салават Юлаев,1,4,34,16,0.029411764705882353,0.25,23,28,0.45098039215686275,0.5490196078431373,689,7000,0.09842857142857143,0,https://www.championat.com/hockey/_superleague/tournament/5077/match/1054365/
Торпедо,Спартак,3,1,32,34,0.09375,0.029411764705882353,25,30,0.45454545454545453,0.5454545454545454,5500,5600,0.9821428571428571,1,https://www.championat.com/hockey/_superleague/tournament/5077/match/1054367/
ЦСКА,Локомотив,2,3,37,22,0.05405405405405406,0.13636363636363635,24,31,0.43636363636363634,0.5636363636363636,4229,12680,0.3335173501577287,0,https://www.championat.com/hockey/_superleague/tournament/5077/match/1054369/
Амур,Динамо М,2,1,23,32,0.08695652173913043,0.03125,23,32,0.41818181818181815,0.5818181818181818,4178,7100,0.5884507042253521,1,https://www.championat.com/hockey/_superleague/tournament/5077/match/1054373/
Адмирал,СКА,3,1,29,47,0.10344827586206896,0.02127659574468085,23,36,0.3898305084745763,0.6101694915254238,4299,5915,0.7267962806424345,1,https://www.championat.com/hockey/_superleague/tournament/5077/match/1054371/
Барыс,Витязь,2,3,33,34,0.06060606060606061,0.08823529411764706,29,21,0.58,0.42,4458,12000,0.3715,0,https://www.championat.com/hockey/_superleague/tournament/5077/match/1054375/
Нефтехимик,Ак Барс,0,0,39,24,0.0,0.0,24,37,0.39344262295081966,0.6065573770491803,5146,6050,0.8505785123966942,0,https://www.championat.com/hockey/_superleague/tournament/5077/match/1054377/
Северсталь,Автомобилист,0,0,26,30,0.0,0.0,28,37,0.4307692307692308,0.5692307692307692,2388,6064,0.3937994722955145,0,https://www.championat.com/hockey/_superleague/tournament/5077/match/1054379/
Металлург Мг,Авангард,2,3,40,27,0.05,0.1111111111111111,32,23,0.5818181818181818,0.41818181818181815,2972,7700,0.38597402597402597,0,https://www.championat.com/hockey/_superleague/tournament/5077/match/1054381/
ХК Сочи,Локомотив,0,0,20,34,0.0,0.0,28,40,0.4117647058823529,0.5882352941176471,4370,12000,0.3641666666666667,0,https://www.championat.com/hockey/_superleague/tournament/5077/match/1054383/
Динамо Мн,Спартак,3,2,26,33,0.11538461538461539,0.06060606060606061,29,30,0.4915254237288136,0.5084745762711864,6912,15266,0.4527708633564784,1,https://www.championat.com/hockey/_superleague/tournament/5077/match/1054385/
Амур,СКА,0,0,29,28,0.0,0.0,32,26,0.5517241379310345,0.4482758620689655,4880,7100,0.6873239436619718,0,https://www.championat.com/hockey/_superleague/tournament/5077/match/1054389/
Адмирал,Трактор,3,0,24,34,0.125,0.0,20,33,0.37735849056603776,0.6226415094339622,2790,5915,0.4716821639898563,1,https://www.championat.com/hockey/_superleague/tournament/5077/match/1054387/
Сибирь,Динамо М,5,3,32,29,0.15625,0.10344827586206896,29,33,0.46774193548387094,0.532258064516129,5381,6055,0.8886870355078448,1,https://www.championat.com/hockey/_superleague/tournament/5077/match/1054391/
Куньлунь Ред Стар,Автомобилист,1,5,32,32,0.03125,0.15625,29,28,0.5087719298245614,0.49122807017543857,521,7000,0.07442857142857143,0,https://www.championat.com/hockey/_superleague/tournament/5077/match/1054393/
Северсталь,Нефтехимик,3,0,21,29,0.14285714285714285,0.0,28,31,0.4745762711864407,0.5254237288135594,2435,6064,0.4015501319261214,1,https://www.championat.com/hockey/_superleague/tournament/5077/match/1054395/
Торпедо,Ак Барс,6,4,25,31,0.24,0.12903225806451613,31,40,0.43661971830985913,0.5633802816901409,5500,5600,0.9821428571428571,1,https://www.championat.com/hockey/_superleague/tournament/5077/match/1054397/
Металлург Мг,Барыс,3,2,30,39,0.1,0.05128205128205128,21,33,0.3888888888888889,0.6111111111111112,3842,7700,0.49896103896103894,1,https://www.championat.com/hockey/_superleague/tournament/5077/match/1054399/
Салават Юлаев,Авангард,3,4,25,37,0.12,0.10810810810810811,24,33,0.42105263157894735,0.5789473684210527,7558,8522,0.8868810138465149,0,https://www.championat.com/hockey/_superleague/tournament/5077/match/1054401/
ЦСКА,Спартак,1,2,44,25,0.022727272727272728,0.08,34,29,0.5396825396825397,0.4603174603174603,7255,12680,0.5721608832807571,0,https://www.championat.com/hockey/_superleague/tournament/5077/match/1054403/
Динамо Мн,Локомотив,2,1,19,21,0.10526315789473684,0.047619047619047616,18,43,0.29508196721311475,0.7049180327868853,11940,15266,0.7821302240272501,1,https://www.championat.com/hockey/_superleague/tournament/5077/match/1054405/
Адмирал,Трактор,1,0,24,33,0.041666666666666664,0.0,23,32,0.41818181818181815,0.5818181818181818,5090,5915,0.8605240912933221,1,https://www.championat.com/hockey/_superleague/tournament/5077/match/1054407/
Витязь,Автомобилист,1,4,36,24,0.027777777777777776,0.16666666666666666,26,37,0.4126984126984127,0.5873015873015873,2451,5525,0.44361990950226243,0,https://www.championat.com/hockey/_superleague/tournament/5077/match/1054413/
Сибирь,СКА,3,2,25,29,0.12,0.06896551724137931,25,33,0.43103448275862066,0.5689655172413793,6055,6055,1.0,1,https://www.championat.com/hockey/_superleague/tournament/5077/match/1054409/
Куньлунь Ред Стар,Нефтехимик,7,4,33,27,0.21212121212121213,0.14814814814814814,34,30,0.53125,0.46875,622,7000,0.08885714285714286,1,https://www.championat.com/hockey/_superleague/tournament/5077/match/1054411/
ХК Сочи,Торпедо,3,5,24,35,0.125,0.14285714285714285,33,31,0.515625,0.484375,4138,12000,0.3448333333333333,0,https://www.championat.com/hockey/_superleague/tournament/5077/match/1054415/
Салават Юлаев,Барыс,0,2,26,15,0.0,0.13333333333333333,31,18,0.6326530612244898,0.3673469387755102,6855,8522,0.804388641164046,0,https://www.championat.com/hockey/_superleague/tournament/5077/match/1054417/
Ак Барс,Авангард,3,4,29,24,0.10344827586206896,0.16666666666666666,31,19,0.62,0.38,8890,8900,0.998876404494382,0,https://www.championat.com/hockey/_superleague/tournament/5077/match/1054419/
ЦСКА,Динамо Мн,8,5,36,21,0.2222222222222222,0.23809523809523808,42,30,0.5833333333333334,0.4166666666666667,5161,12680,0.40701892744479495,1,https://www.championat.com/hockey/_superleague/tournament/5077/match/1054421/
Амур,Трактор,2,0,28,28,0.07142857142857142,0.0,31,32,0.49206349206349204,0.5079365079365079,4223,7100,0.5947887323943662,1,https://www.championat.com/hockey/_superleague/tournament/5077/match/1054423/
Куньлунь Ред Стар,Торпедо,0,5,15,38,0.0,0.13157894736842105,22,23,0.4888888888888889,0.5111111111111111,563,7000,0.08042857142857143,0,https://www.championat.com/hockey/_superleague/tournament/5077/match/1054425/
Локомотив,Северсталь,0,0,26,26,0.0,0.0,34,15,0.6938775510204082,0.30612244897959184,2000,9071,0.22048285745783266,0,https://www.championat.com/hockey/_superleague/tournament/5077/match/1054427/
Витязь,Нефтехимик,4,5,29,45,0.13793103448275862,0.1111111111111111,27,28,0.4909090909090909,0.509090909090909,1301,5525,0.23547511312217195,0,https://www.championat.com/hockey/_superleague/tournament/5077/match/1054429/
Динамо М,Спартак,2,3,33,14,0.06060606060606061,0.21428571428571427,44,25,0.6376811594202898,0.36231884057971014,6511,11500,0.5661739130434783,0,https://www.championat.com/hockey/_superleague/tournament/5077/match/1054431/
Автомобилист,Барыс,2,0,32,31,0.0625,0.0,32,20,0.6153846153846154,0.38461538461538464,3678,5570,0.6603231597845601,1,https://www.championat.com/hockey/_superleague/tournament/5077/match/1054433/
Металлург Мг,Сибирь,4,2,25,34,0.16,0.058823529411764705,32,28,0.5333333333333333,0.4666666666666667,3636,7700,0.4722077922077922,1,https://www.championat.com/hockey/_superleague/tournament/5077/match/1054435/
Салават Юлаев,ХК Сочи,0,0,39,21,0.0,0.0,37,27,0.578125,0.421875,5645,8522,0.6624031917390284,0,https://www.championat.com/hockey/_superleague/tournament/5077/match/1054437/
СКА,Динамо Мн,7,2,8,8,0.875,0.25,11,7,0.6111111111111112,0.3888888888888889,11240,12500,0.8992,1,https://www.championat.com/hockey/_superleague/tournament/5077/match/1054439/
ЦСКА,Адмирал,2,0,32,19,0.0625,0.0,24,22,0.5217391304347826,0.4782608695652174,2804,12680,0.22113564668769717,1,https://www.championat.com/hockey/_superleague/tournament/5077/match/1054441/
Амур,Трактор,2,3,36,33,0.05555555555555555,0.09090909090909091,16,41,0.2807017543859649,0.7192982456140351,4452,7100,0.6270422535211267,0,https://www.championat.com/hockey/_superleague/tournament/5077/match/1054443/
Витязь,Торпедо,0,0,30,26,0.0,0.0,26,22,0.5416666666666666,0.4583333333333333,1576,5525,0.28524886877828054,0,https://www.championat.com/hockey/_superleague/tournament/5077/match/1054445/
Спартак,Северсталь,4,2,33,23,0.12121212121212122,0.08695652173913043,29,23,0.5576923076923077,0.4423076923076923,2458,12724,0.1931782458346432,1,https://www.championat.com/hockey/_superleague/tournament/5077/match/1054447/
Авангард,ХК Сочи,0,0,40,27,0.0,0.0,39,35,0.527027027027027,0.47297297297297297,11817,12011,0.9838481392057281,0,https://www.championat.com/hockey/_superleague/tournament/5077/match/1054449/
Автомобилист,Металлург Мг,0,0,38,27,0.0,0.0,26,42,0.38235294117647056,0.6176470588235294,5504,5570,0.9881508078994614,0,https://www.championat.com/hockey/_superleague/tournament/5077/match/1054451/
Динамо Мн,Сибирь,0,0,42,33,0.0,0.0,30,26,0.5357142857142857,0.4642857142857143,5914,15266,0.3873968295558758,0,https://www.championat.com/hockey/_superleague/tournament/5077/match/1054459/
Ак Барс,СКА,5,2,26,36,0.19230769230769232,0.05555555555555555,23,34,0.40350877192982454,0.5964912280701754,8490,8900,0.9539325842696629,1,https://www.championat.com/hockey/_superleague/tournament/5077/match/1054453/
Локомотив,Куньлунь Ред Стар,2,3,35,18,0.05714285714285714,0.16666666666666666,34,22,0.6071428571428571,0.39285714285714285,2000,9071,0.22048285745783266,0,https://www.championat.com/hockey/_superleague/tournament/5077/match/1054455/
Динамо М,Адмирал,1,2,37,13,0.02702702702702703,0.15384615384615385,42,29,0.5915492957746479,0.4084507042253521,3265,11500,0.28391304347826085,0,https://www.championat.com/hockey/_superleague/tournament/5077/match/1054457/
Торпедо,Северсталь,0,0,27,28,0.0,0.0,21,22,0.4883720930232558,0.5116279069767442,5500,5600,0.9821428571428571,0,https://www.championat.com/hockey/_superleague/tournament/5077/match/1054461/
Спартак,ЦСКА,2,4,30,38,0.06666666666666667,0.10526315789473684,32,33,0.49230769230769234,0.5076923076923077,7563,12724,0.5943885570575291,0,https://www.championat.com/hockey/_superleague/tournament/5077/match/1054463/
Авангард,Ак Барс,0,0,30,19,0.0,0.0,24,22,0.5217391304347826,0.4782608695652174,11911,12011,0.9916742985596536,0,https://www.championat.com/hockey/_superleague/tournament/5077/match/1054465/
Барыс,Амур,1,3,30,30,0.03333333333333333,0.1,23,31,0.42592592592592593,0.5740740740740741,6126,12000,0.5105,0,https://www.championat.com/hockey/_superleague/tournament/5077/match/1054467/
Салават Юлаев,Сибирь,1,2,29,26,0.034482758620689655,0.07692307692307693,29,20,0.5918367346938775,0.40816326530612246,7822,8522,0.9178596573574278,0,https://www.championat.com/hockey/_superleague/tournament/5077/match/1054471/
Трактор,Металлург Мг,0,0,32,42,0.0,0.0,26,35,0.4262295081967213,0.5737704918032787,7500,7500,1.0,0,https://www.championat.com/hockey/_superleague/tournament/5077/match/1054473/
Автомобилист,ХК Сочи,8,2,48,15,0.16666666666666666,0.13333333333333333,39,24,0.6190476190476191,0.38095238095238093,5200,5570,0.933572710951526,1,https://www.championat.com/hockey/_superleague/tournament/5077/match/1054469/
Нефтехимик,СКА,2,1,18,31,0.1111111111111111,0.03225806451612903,20,33,0.37735849056603776,0.6226415094339622,4196,6050,0.6935537190082645,1,https://www.championat.com/hockey/_superleague/tournament/5077/match/1054475/
Динамо М,Куньлунь Ред Стар,5,3,29,35,0.1724137931034483,0.08571428571428572,34,34,0.5,0.5,5756,11500,0.5005217391304347,1,https://www.championat.com/hockey/_superleague/tournament/5077/match/1054477/
Динамо Мн,Адмирал,3,4,49,16,0.061224489795918366,0.25,41,23,0.640625,0.359375,15011,15266,0.9832962138084632,0,https://www.championat.com/hockey/_superleague/tournament/5077/match/1054479/
Спартак,Локомотив,2,1,26,34,0.07692307692307693,0.029411764705882353,29,28,0.5087719298245614,0.49122807017543857,5341,12396,0.430864795095192,1,https://www.championat.com/hockey/_superleague/tournament/5077/match/1054483/
Витязь,ЦСКА,0,0,29,35,0.0,0.0,28,46,0.3783783783783784,0.6216216216216216,5195,5525,0.9402714932126697,0,https://www.championat.com/hockey/_superleague/tournament/5077/match/1054481/
Сибирь,Ак Барс,4,2,15,35,0.26666666666666666,0.05714285714285714,21,33,0.3888888888888889,0.6111111111111112,6055,6055,1.0,1,https://www.championat.com/hockey/_superleague/tournament/5077/match/1054485/
Барыс,Салават Юлаев,4,1,30,27,0.13333333333333333,0.037037037037037035,23,31,0.42592592592592593,0.5740740740740741,4893,12000,0.40775,1,https://www.championat.com/hockey/_superleague/tournament/5077/match/1054487/
Трактор,Амур,3,2,34,30,0.08823529411764706,0.06666666666666667,37,25,0.5967741935483871,0.4032258064516129,4124,7500,0.5498666666666666,1,https://www.championat.com/hockey/_superleague/tournament/5077/match/1054489/
Нефтехимик,Адмирал,1,0,33,24,0.030303030303030304,0.0,32,34,0.48484848484848486,0.5151515151515151,2355,6050,0.38925619834710745,1,https://www.championat.com/hockey/_superleague/tournament/5077/match/1054491/
Северсталь,Динамо М,2,3,36,18,0.05555555555555555,0.16666666666666666,28,29,0.49122807017543857,0.5087719298245614,2976,6064,0.49076517150395776,0,https://www.championat.com/hockey/_superleague/tournament/5077/match/1054493/
Торпедо,Куньлунь Ред Стар,4,1,38,21,0.10526315789473684,0.047619047619047616,41,29,0.5857142857142857,0.4142857142857143,5150,5600,0.9196428571428571,1,https://www.championat.com/hockey/_superleague/tournament/5077/match/1054495/
Динамо Мн,Витязь,0,0,46,18,0.0,0.0,30,26,0.5357142857142857,0.4642857142857143,5025,15266,0.3291628455391065,0,https://www.championat.com/hockey/_superleague/tournament/5077/match/1054501/
СКА,ЦСКА,6,2,22,31,0.2727272727272727,0.06451612903225806,43,29,0.5972222222222222,0.4027777777777778,12378,12500,0.99024,1,https://www.championat.com/hockey/_superleague/tournament/5077/match/1054497/
ХК Сочи,Локомотив,1,4,20,39,0.05,0.10256410256410256,20,32,0.38461538461538464,0.6153846153846154,3949,12000,0.32908333333333334,0,https://www.championat.com/hockey/_superleague/tournament/5077/match/1054499/
Сибирь,Амур,4,1,35,31,0.11428571428571428,0.03225806451612903,15,32,0.3191489361702128,0.6808510638297872,5014,6055,0.828075970272502,1,https://www.championat.com/hockey/_superleague/tournament/5077/match/1054503/
Авангард,Спартак,1,3,29,35,0.034482758620689655,0.08571428571428572,39,19,0.6724137931034483,0.3275862068965517,11687,12011,0.9730247273332778,0,https://www.championat.com/hockey/_superleague/tournament/5077/match/1054505/
Барыс,Ак Барс,1,2,35,16,0.02857142857142857,0.125,27,30,0.47368421052631576,0.5263157894736842,5171,12000,0.43091666666666667,0,https://www.championat.com/hockey/_superleague/tournament/5077/match/1054507/
Металлург Мг,Салават Юлаев,2,1,21,40,0.09523809523809523,0.025,36,21,0.631578947368421,0.3684210526315789,6276,7700,0.815064935064935,1,https://www.championat.com/hockey/_superleague/tournament/5077/match/1054509/
Трактор,Автомобилист,0,0,28,37,0.0,0.0,34,25,0.576271186440678,0.423728813559322,5023,7500,0.6697333333333333,0,https://www.championat.com/hockey/_superleague/tournament/5077/match/1054511/
Северсталь,Витязь,3,2,37,24,0.08108108108108109,0.08333333333333333,29,22,0.5686274509803921,0.43137254901960786,2254,6064,0.3717018469656992,1,https://www.championat.com/hockey/_superleague/tournament/5077/match/1054513/
Торпедо,ЦСКА,0,4,33,31,0.0,0.12903225806451613,25,30,0.45454545454545453,0.5454545454545454,5500,5600,0.9821428571428571,0,https://www.championat.com/hockey/_superleague/tournament/5077/match/1054515/
Динамо Мн,Динамо М,4,3,33,32,0.12121212121212122,0.09375,35,29,0.546875,0.453125,6326,15266,0.4143849076378881,1,https://www.championat.com/hockey/_superleague/tournament/5077/match/1054519/
СКА,Локомотив,0,0,32,25,0.0,0.0,28,24,0.5384615384615384,0.46153846153846156,11355,12500,0.9084,0,https://www.championat.com/hockey/_superleague/tournament/5077/match/1054517/
Адмирал,Нефтехимик,4,3,37,42,0.10810810810810811,0.07142857142857142,28,26,0.5185185185185185,0.48148148148148145,3871,5915,0.6544378698224852,1,https://www.championat.com/hockey/_superleague/tournament/5077/match/1054521/
Барыс,Спартак,1,4,27,30,0.037037037037037035,0.13333333333333333,31,27,0.5344827586206896,0.46551724137931033,7651,12000,0.6375833333333333,0,https://www.championat.com/hockey/_superleague/tournament/5077/match/1054523/
Салават Юлаев,Автомобилист,0,0,30,19,0.0,0.0,23,37,0.38333333333333336,0.6166666666666667,5984,8522,0.7021825862473597,0,https://www.championat.com/hockey/_superleague/tournament/5077/match/1054525/
Куньлунь Ред Стар,ХК Сочи,5,2,28,31,0.17857142857142858,0.06451612903225806,32,19,0.6274509803921569,0.37254901960784315,603,7000,0.08614285714285715,1,https://www.championat.com/hockey/_superleague/tournament/5077/match/1054527/
Адмирал,Нефтехимик,2,1,27,37,0.07407407407407407,0.02702702702702703,22,32,0.4074074074074074,0.5925925925925926,5169,5915,0.8738799661876585,1,https://www.championat.com/hockey/_superleague/tournament/5077/match/1054529/
Локомотив,Сибирь,3,0,30,24,0.1,0.0,33,18,0.6470588235294118,0.35294117647058826,2000,9071,0.22048285745783266,1,https://www.championat.com/hockey/_superleague/tournament/5077/match/1054531/
Северсталь,Авангард,1,2,30,22,0.03333333333333333,0.09090909090909091,14,35,0.2857142857142857,0.7142857142857143,5078,6064,0.837401055408971,0,https://www.championat.com/hockey/_superleague/tournament/5077/match/1054533/
Торпедо,СКА,2,6,34,31,0.058823529411764705,0.1935483870967742,24,29,0.4528301886792453,0.5471698113207547,5500,5600,0.9821428571428571,0,https://www.championat.com/hockey/_superleague/tournament/5077/match/1054535/
Салават Юлаев,Металлург Мг,1,3,20,24,0.05,0.125,21,26,0.44680851063829785,0.5531914893617021,7203,8522,0.8452241257920676,0,https://www.championat.com/hockey/_superleague/tournament/5077/match/1054537/
Трактор,Спартак,3,5,35,35,0.08571428571428572,0.14285714285714285,37,29,0.5606060606060606,0.4393939393939394,6900,7500,0.92,0,https://www.championat.com/hockey/_superleague/tournament/5077/match/1054539/
Ак Барс,ХК Сочи,6,2,43,28,0.13953488372093023,0.07142857142857142,31,30,0.5081967213114754,0.4918032786885246,6785,8900,0.7623595505617977,1,https://www.championat.com/hockey/_superleague/tournament/5077/match/1054541/
Амур,Нефтехимик,0,0,34,27,0.0,0.0,29,30,0.4915254237288136,0.5084745762711864,3685,7100,0.5190140845070422,0,https://www.championat.com/hockey/_superleague/tournament/5077/match/1054543/
Автомобилист,Барыс,0,0,43,25,0.0,0.0,38,28,0.5757575757575758,0.42424242424242425,3749,5570,0.6730700179533213,0,https://www.championat.com/hockey/_superleague/tournament/5077/match/1054545/
Северсталь,Сибирь,2,3,31,24,0.06451612903225806,0.125,28,23,0.5490196078431373,0.45098039215686275,2166,6064,0.3571899736147757,0,https://www.championat.com/hockey/_superleague/tournament/5077/match/1054549/
Локомотив,Авангард,3,2,26,20,0.11538461538461539,0.1,28,22,0.56,0.44,2000,9071,0.22048285745783266,1,https://www.championat.com/hockey/_superleague/tournament/5077/match/1054547/
Динамо М,Динамо Мн,2,6,20,20,0.1,0.3,27,28,0.4909090909090909,0.509090909090909,3401,11500,0.2957391304347826,0,https://www.championat.com/hockey/_superleague/tournament/5077/match/1054551/
ЦСКА,Витязь,6,4,52,14,0.11538461538461539,0.2857142857142857,38,17,0.6909090909090909,0.3090909090909091,2522,12680,0.19889589905362776,1,https://www.championat.com/hockey/_superleague/tournament/5077/match/1054553/
Куньлунь Ред Стар,Металлург Мг,1,6,32,33,0.03125,0.18181818181818182,27,21,0.5625,0.4375,695,7000,0.09928571428571428,0,https://www.championat.com/hockey/_superleague/tournament/5077/match/1054555/
СКА,ХК Сочи,5,2,56,20,0.08928571428571429,0.1,40,21,0.6557377049180327,0.3442622950819672,10034,12500,0.80272,1,https://www.championat.com/hockey/_superleague/tournament/5077/match/1054557/
Амур,Нефтехимик,5,1,34,36,0.14705882352941177,0.027777777777777776,29,36,0.4461538461538462,0.5538461538461539,3143,7100,0.44267605633802815,1,https://www.championat.com/hockey/_superleague/tournament/5077/match/1054561/
Адмирал,Торпедо,1,2,28,29,0.03571428571428571,0.06896551724137931,23,23,0.5,0.5,3365,5915,0.5688926458157227,0,https://www.championat.com/hockey/_superleague/tournament/5077/match/1054559/
Трактор,Барыс,1,4,27,31,0.037037037037037035,0.12903225806451613,41,24,0.6307692307692307,0.36923076923076925,4567,7500,0.6089333333333333,0,https://www.championat.com/hockey/_superleague/tournament/5077/match/1054563/
Ак Барс,Сибирь,3,6,33,30,0.09090909090909091,0.2,34,23,0.5964912280701754,0.40350877192982454,5749,8900,0.6459550561797753,0,https://www.championat.com/hockey/_superleague/tournament/5077/match/1054565/
Динамо М,Витязь,0,0,40,23,0.0,0.0,33,21,0.6111111111111112,0.3888888888888889,2834,11500,0.24643478260869564,0,https://www.championat.com/hockey/_superleague/tournament/5077/match/1054567/
Спартак,Динамо Мн,2,1,48,31,0.041666666666666664,0.03225806451612903,29,26,0.5272727272727272,0.4727272727272727,2687,12724,0.211175730902232,1,https://www.championat.com/hockey/_superleague/tournament/5077/match/1054569/
ЦСКА,Авангард,2,3,42,30,0.047619047619047616,0.1,33,38,0.4647887323943662,0.5352112676056338,6280,12680,0.4952681388012618,0,https://www.championat.com/hockey/_superleague/tournament/5077/match/1054571/
СКА,Северсталь,0,0,31,34,0.0,0.0,36,26,0.5806451612903226,0.41935483870967744,10248,12500,0.81984,0,https://www.championat.com/hockey/_superleague/tournament/5077/match/1054573/
Амур,Торпедо,4,2,39,32,0.10256410256410256,0.0625,34,32,0.5151515151515151,0.48484848484848486,3630,7100,0.5112676056338028,1,https://www.championat.com/hockey/_superleague/tournament/5077/match/1054575/
Барыс,Автомобилист,0,2,27,27,0.0,0.07407407407407407,33,23,0.5892857142857143,0.4107142857142857,3875,12000,0.3229166666666667,0,https://www.championat.com/hockey/_superleague/tournament/5077/match/1054577/
Металлург Мг,ЦСКА,2,1,28,33,0.07142857142857142,0.030303030303030304,25,26,0.49019607843137253,0.5098039215686274,5290,7700,0.687012987012987,1,https://www.championat.com/hockey/_superleague/tournament/5077/match/1054579/
Салават Юлаев,Трактор,6,4,31,21,0.1935483870967742,0.19047619047619047,29,33,0.46774193548387094,0.532258064516129,6274,8522,0.7362121567707111,1,https://www.championat.com/hockey/_superleague/tournament/5077/match/1054581/
Ак Барс,Локомотив,3,2,23,29,0.13043478260869565,0.06896551724137931,29,28,0.5087719298245614,0.49122807017543857,5910,8900,0.6640449438202247,1,https://www.championat.com/hockey/_superleague/tournament/5077/match/1054583/
Куньлунь Ред Стар,Динамо М,1,5,25,33,0.04,0.15151515151515152,34,25,0.576271186440678,0.423728813559322,794,7000,0.11342857142857143,0,https://www.championat.com/hockey/_superleague/tournament/5077/match/1054585/
ХК Сочи,Динамо Мн,1,2,27,23,0.037037037037037035,0.08695652173913043,22,24,0.4782608695652174,0.5217391304347826,2823,12000,0.23525,0,https://www.championat.com/hockey/_superleague/tournament/5077/match/1054587/
Витязь,Северсталь,3,2,32,36,0.09375,0.05555555555555555,24,19,0.5581395348837209,0.4418604651162791,2436,5525,0.4409049773755656,1,https://www.championat.com/hockey/_superleague/tournament/5077/match/1054589/
Сибирь,Торпедо,0,0,38,26,0.0,0.0,28,29,0.49122807017543857,0.5087719298245614,6055,6055,1.0,0,https://www.championat.com/hockey/_superleague/tournament/5077/match/1054591/
Авангард,Трактор,5,1,18,24,0.2777777777777778,0.041666666666666664,30,22,0.5769230769230769,0.4230769230769231,11845,12011,0.986179335609025,1,https://www.championat.com/hockey/_superleague/tournament/5077/match/1054593/
Барыс,Салават Юлаев,2,1,24,21,0.08333333333333333,0.047619047619047616,36,25,0.5901639344262295,0.4098360655737705,5120,12000,0.4266666666666667,1,https://www.championat.com/hockey/_superleague/tournament/5077/match/1054595/
Витязь,Спартак,1,4,38,42,0.02631578947368421,0.09523809523809523,25,27,0.4807692307692308,0.5192307692307693,4723,5525,0.8548416289592761,0,https://www.championat.com/hockey/_superleague/tournament/5077/match/1054605/
Металлург Мг,Автомобилист,1,2,28,24,0.03571428571428571,0.08333333333333333,36,17,0.6792452830188679,0.32075471698113206,4782,7700,0.6210389610389611,0,https://www.championat.com/hockey/_superleague/tournament/5077/match/1054597/
Ак Барс,Динамо М,0,0,29,25,0.0,0.0,35,18,0.660377358490566,0.33962264150943394,6676,8900,0.7501123595505618,0,https://www.championat.com/hockey/_superleague/tournament/5077/match/1054599/
Куньлунь Ред Стар,СКА,3,4,27,55,0.1111111111111111,0.07272727272727272,24,35,0.4067796610169492,0.5932203389830508,1117,7000,0.15957142857142856,0,https://www.championat.com/hockey/_superleague/tournament/5077/match/1054601/
ХК Сочи,ЦСКА,2,4,28,35,0.07142857142857142,0.11428571428571428,20,29,0.40816326530612246,0.5918367346938775,4654,12000,0.3878333333333333,0,https://www.championat.com/hockey/_superleague/tournament/5077/match/1054607/
Нефтехимик,Локомотив,1,4,31,26,0.03225806451612903,0.15384615384615385,28,35,0.4444444444444444,0.5555555555555556,3255,6050,0.5380165289256198,0,https://www.championat.com/hockey/_superleague/tournament/5077/match/1054603/
Адмирал,Амур,0,2,37,33,0.0,0.06060606060606061,24,35,0.4067796610169492,0.5932203389830508,5295,5915,0.8951817413355875,0,https://www.championat.com/hockey/_superleague/tournament/5077/match/1054609/
Динамо Мн,Северсталь,3,4,27,37,0.1111111111111111,0.10810810810810811,28,25,0.5283018867924528,0.4716981132075472,6015,15266,0.3940128389886021,0,https://www.championat.com/hockey/_superleague/tournament/5077/match/1054611/
Сибирь,Трактор,2,4,28,23,0.07142857142857142,0.17391304347826086,29,20,0.5918367346938775,0.40816326530612246,3815,6055,0.630057803468208,0,https://www.championat.com/hockey/_superleague/tournament/5077/match/1054613/
Авангард,Салават Юлаев,1,3,33,23,0.030303030303030304,0.13043478260869565,42,26,0.6176470588235294,0.38235294117647056,11367,12011,0.9463824827241695,0,https://www.championat.com/hockey/_superleague/tournament/5077/match/1054615/
Барыс,Ак Барс,3,2,28,37,0.10714285714285714,0.05405405405405406,32,36,0.47058823529411764,0.5294117647058824,4027,12000,0.33558333333333334,1,https://www.championat.com/hockey/_superleague/tournament/5077/match/1054617/
Автомобилист,Металлург Мг,4,1,22,35,0.18181818181818182,0.02857142857142857,33,28,0.5409836065573771,0.45901639344262296,4730,5570,0.8491921005385996,1,https://www.championat.com/hockey/_superleague/tournament/5077/match/1054619/
Куньлунь Ред Стар,Витязь,1,3,38,28,0.02631578947368421,0.10714285714285714,26,30,0.4642857142857143,0.5357142857142857,297,7000,0.04242857142857143,0,https://www.championat.com/hockey/_superleague/tournament/5077/match/1054621/
Нефтехимик,ХК Сочи,3,2,36,24,0.08333333333333333,0.08333333333333333,29,34,0.4603174603174603,0.5396825396825397,1887,6050,0.311900826446281,1,https://www.championat.com/hockey/_superleague/tournament/5077/match/1054623/
Динамо М,СКА,0,0,24,24,0.0,0.0,14,19,0.42424242424242425,0.5757575757575758,7046,11500,0.6126956521739131,0,https://www.championat.com/hockey/_superleague/tournament/5077/match/1054625/
Спартак,Локомотив,2,3,31,31,0.06451612903225806,0.0967741935483871,23,33,0.4107142857142857,0.5892857142857143,3085,12396,0.24887060342045822,0,https://www.championat.com/hockey/_superleague/tournament/5077/match/1054627/
Амур,Адмирал,0,0,40,32,0.0,0.0,24,31,0.43636363636363634,0.5636363636363636,6134,7100,0.863943661971831,0,https://www.championat.com/hockey/_superleague/tournament/5077/match/1054629/
ЦСКА,Торпедо,2,4,46,27,0.043478260869565216,0.14814814814814814,36,22,0.6206896551724138,0.3793103448275862,3916,12680,0.3088328075709779,0,https://www.championat.com/hockey/_superleague/tournament/5077/match/1054647/
Амур,Адмирал,1,3,29,30,0.034482758620689655,0.1,26,24,0.52,0.48,5326,7100,0.7501408450704226,0,https://www.championat.com/hockey/_superleague/tournament/5077/match/1054631/
Сибирь,Салават Юлаев,3,6,32,27,0.09375,0.2222222222222222,21,26,0.44680851063829785,0.5531914893617021,5581,6055,0.9217175887696119,0,https://www.championat.com/hockey/_superleague/tournament/5077/match/1054633/
Авангард,Ак Барс,0,0,37,31,0.0,0.0,26,34,0.43333333333333335,0.5666666666666667,11468,12011,0.9547914411789193,0,https://www.championat.com/hockey/_superleague/tournament/5077/match/1054635/
Автомобилист,Трактор,2,1,21,36,0.09523809523809523,0.027777777777777776,20,21,0.4878048780487805,0.5121951219512195,4445,5570,0.7980251346499102,1,https://www.championat.com/hockey/_superleague/tournament/5077/match/1054637/
Локомотив,Куньлунь Ред Стар,0,1,47,20,0.0,0.05,34,22,0.6071428571428571,0.39285714285714285,2000,9071,0.22048285745783266,0,https://www.championat.com/hockey/_superleague/tournament/5077/match/1054639/
Нефтехимик,Металлург Мг,3,2,40,31,0.075,0.06451612903225806,20,35,0.36363636363636365,0.6363636363636364,2302,6050,0.38049586776859506,1,https://www.championat.com/hockey/_superleague/tournament/5077/match/1054641/
Витязь,ХК Сочи,6,2,30,26,0.2,0.07692307692307693,31,25,0.5535714285714286,0.44642857142857145,1179,5525,0.21339366515837105,1,https://www.championat.com/hockey/_superleague/tournament/5077/match/1054643/
Динамо Мн,СКА,3,5,27,38,0.1111111111111111,0.13157894736842105,26,31,0.45614035087719296,0.543859649122807,7666,15266,0.5021616664483165,0,https://www.championat.com/hockey/_superleague/tournament/5077/match/1054649/
Спартак,Динамо М,1,2,35,31,0.02857142857142857,0.06451612903225806,23,20,0.5348837209302325,0.46511627906976744,5709,12724,0.4486796604841245,0,https://www.championat.com/hockey/_superleague/tournament/5077/match/1054645/
Автомобилист,Адмирал,2,3,31,32,0.06451612903225806,0.09375,27,29,0.48214285714285715,0.5178571428571429,3450,5570,0.6193895870736086,0,https://www.championat.com/hockey/_superleague/tournament/5077/match/1054651/
Металлург Мг,Амур,3,1,33,26,0.09090909090909091,0.038461538461538464,35,20,0.6363636363636364,0.36363636363636365,2980,7700,0.38701298701298703,1,https://www.championat.com/hockey/_superleague/tournament/5077/match/1054653/
Салават Юлаев,Авангард,1,2,25,33,0.04,0.06060606060606061,21,32,0.39622641509433965,0.6037735849056604,5760,8522,0.6758976766017367,0,https://www.championat.com/hockey/_superleague/tournament/5077/match/1054655/
Трактор,Сибирь,3,2,31,35,0.0967741935483871,0.05714285714285714,36,22,0.6206896551724138,0.3793103448275862,4012,7500,0.5349333333333334,1,https://www.championat.com/hockey/_superleague/tournament/5077/match/1054657/
Ак Барс,Куньлунь Ред Стар,3,1,33,17,0.09090909090909091,0.058823529411764705,26,31,0.45614035087719296,0.543859649122807,5187,8900,0.582808988764045,1,https://www.championat.com/hockey/_superleague/tournament/5077/match/1054659/
Локомотив,ХК Сочи,2,1,50,19,0.04,0.05263157894736842,34,23,0.5964912280701754,0.40350877192982454,3916,9071,0.43170543490243635,1,https://www.championat.com/hockey/_superleague/tournament/5077/match/1054661/
Динамо Мн,ЦСКА,1,5,21,42,0.047619047619047616,0.11904761904761904,34,32,0.5151515151515151,0.48484848484848486,7680,15266,0.5030787370627539,0,https://www.championat.com/hockey/_superleague/tournament/5077/match/1054669/
Нефтехимик,Барыс,1,3,16,19,0.0625,0.15789473684210525,21,29,0.42,0.58,2151,6050,0.3555371900826446,0,https://www.championat.com/hockey/_superleague/tournament/5077/match/1054663/
Торпедо,Северсталь,0,0,35,34,0.0,0.0,36,25,0.5901639344262295,0.4098360655737705,5500,5600,0.9821428571428571,0,https://www.championat.com/hockey/_superleague/tournament/5077/match/1054665/
СКА,Витязь,4,1,38,31,0.10526315789473684,0.03225806451612903,30,43,0.410958904109589,0.589041095890411,10046,12500,0.80368,1,https://www.championat.com/hockey/_superleague/tournament/5077/match/1054667/
Динамо М,Спартак,5,2,28,32,0.17857142857142858,0.0625,29,24,0.5471698113207547,0.4528301886792453,9247,11500,0.8040869565217391,1,https://www.championat.com/hockey/_superleague/tournament/5077/match/1054671/
Барыс,Авангард,1,3,26,29,0.038461538461538464,0.10344827586206896,33,29,0.532258064516129,0.46774193548387094,4808,12000,0.40066666666666667,0,https://www.championat.com/hockey/_superleague/tournament/5077/match/1054673/
Автомобилист,Сибирь,0,4,31,19,0.0,0.21052631578947367,31,21,0.5961538461538461,0.40384615384615385,3952,5570,0.7095152603231598,0,https://www.championat.com/hockey/_superleague/tournament/5077/match/1054675/
Металлург Мг,Адмирал,3,2,30,28,0.1,0.07142857142857142,26,26,0.5,0.5,3496,7700,0.454025974025974,1,https://www.championat.com/hockey/_superleague/tournament/5077/match/1054677/
Салават Юлаев,Амур,1,5,33,25,0.030303030303030304,0.2,23,23,0.5,0.5,6320,8522,0.7416099507157944,0,https://www.championat.com/hockey/_superleague/tournament/5077/match/1054679/
Нефтехимик,Куньлунь Ред Стар,2,3,32,21,0.0625,0.14285714285714285,21,29,0.42,0.58,2065,6050,0.3413223140495868,0,https://www.championat.com/hockey/_superleague/tournament/5077/match/1054683/
Северсталь,ХК Сочи,0,0,39,21,0.0,0.0,29,27,0.5178571428571429,0.48214285714285715,2149,6064,0.35438654353562005,0,https://www.championat.com/hockey/_superleague/tournament/5077/match/1054685/
Локомотив,Ак Барс,2,1,24,15,0.08333333333333333,0.06666666666666667,34,19,0.6415094339622641,0.3584905660377358,4756,9071,0.524308235034726,1,https://www.championat.com/hockey/_superleague/tournament/5077/match/1054681/
Торпедо,Витязь,4,0,27,33,0.14814814814814814,0.0,24,32,0.42857142857142855,0.5714285714285714,5250,5600,0.9375,1,https://www.championat.com/hockey/_superleague/tournament/5077/match/1054687/
СКА,ЦСКА,1,2,34,20,0.029411764705882353,0.1,27,35,0.43548387096774194,0.5645161290322581,12294,12500,0.98352,0,https://www.championat.com/hockey/_superleague/tournament/5077/match/1054689/
Динамо М,Динамо Мн,2,0,23,36,0.08695652173913043,0.0,24,28,0.46153846153846156,0.5384615384615384,4017,11500,0.34930434782608694,1,https://www.championat.com/hockey/_superleague/tournament/5077/match/1054691/
Авангард,Амур,3,1,34,24,0.08823529411764706,0.041666666666666664,35,21,0.625,0.375,10988,12011,0.9148280742652568,1,https://www.championat.com/hockey/_superleague/tournament/5077/match/1054693/
Металлург Мг,Сибирь,2,3,36,27,0.05555555555555555,0.1111111111111111,37,24,0.6065573770491803,0.39344262295081966,4087,7700,0.5307792207792208,0,https://www.championat.com/hockey/_superleague/tournament/5077/match/1054695/
Салават Юлаев,Адмирал,5,3,25,30,0.2,0.1,25,28,0.4716981132075472,0.5283018867924528,5541,8522,0.6501994836892748,1,https://www.championat.com/hockey/_superleague/tournament/5077/match/1054697/
Локомотив,ЦСКА,3,1,26,21,0.11538461538461539,0.047619047619047616,27,20,0.574468085106383,0.425531914893617,2000,9071,0.22048285745783266,1,https://www.championat.com/hockey/_superleague/tournament/5077/match/1054699/
Витязь,Ак Барс,3,4,23,32,0.13043478260869565,0.125,25,37,0.4032258064516129,0.5967741935483871,2946,5525,0.5332126696832579,0,https://www.championat.com/hockey/_superleague/tournament/5077/match/1054701/
ХК Сочи,Куньлунь Ред Стар,0,3,26,24,0.0,0.125,28,37,0.4307692307692308,0.5692307692307692,2516,12000,0.20966666666666667,0,https://www.championat.com/hockey/_superleague/tournament/5077/match/1054703/
Барыс,Автомобилист,5,4,34,28,0.14705882352941177,0.14285714285714285,35,28,0.5555555555555556,0.4444444444444444,5699,12000,0.47491666666666665,1,https://www.championat.com/hockey/_superleague/tournament/5077/match/1054705/
Динамо М,Трактор,0,0,43,27,0.0,0.0,28,35,0.4444444444444444,0.5555555555555556,6011,11500,0.522695652173913,0,https://www.championat.com/hockey/_superleague/tournament/5077/match/1054711/
Северсталь,Динамо Мн,4,0,25,37,0.16,0.0,26,37,0.4126984126984127,0.5873015873015873,4188,6064,0.6906332453825857,1,https://www.championat.com/hockey/_superleague/tournament/5077/match/1054707/
Торпедо,Нефтехимик,0,0,27,24,0.0,0.0,26,31,0.45614035087719296,0.543859649122807,5500,5600,0.9821428571428571,0,https://www.championat.com/hockey/_superleague/tournament/5077/match/1054709/
СКА,Спартак,4,2,43,19,0.09302325581395349,0.10526315789473684,22,37,0.3728813559322034,0.6271186440677966,12401,12500,0.99208,1,https://www.championat.com/hockey/_superleague/tournament/5077/match/1054713/
ХК Сочи,Ак Барс,3,4,30,35,0.1,0.11428571428571428,21,35,0.375,0.625,3389,12000,0.28241666666666665,0,https://www.championat.com/hockey/_superleague/tournament/5077/match/1054715/
Авангард,Барыс,5,2,26,33,0.19230769230769232,0.06060606060606061,30,29,0.5084745762711864,0.4915254237288136,10566,12011,0.8796936141869952,1,https://www.championat.com/hockey/_superleague/tournament/5077/match/1054717/
Металлург Мг,Трактор,4,5,32,34,0.125,0.14705882352941177,36,21,0.631578947368421,0.3684210526315789,5276,7700,0.6851948051948052,0,https://www.championat.com/hockey/_superleague/tournament/5077/match/1054719/
Салават Юлаев,Автомобилист,0,0,21,32,0.0,0.0,27,17,0.6136363636363636,0.38636363636363635,7143,8522,0.8381835249941328,0,https://www.championat.com/hockey/_superleague/tournament/5077/match/1054721/
Куньлунь Ред Стар,Торпедо,3,7,32,40,0.09375,0.175,27,37,0.421875,0.578125,596,7000,0.08514285714285715,0,https://www.championat.com/hockey/_superleague/tournament/5077/match/1054723/
Северсталь,Витязь,1,4,30,22,0.03333333333333333,0.18181818181818182,24,37,0.39344262295081966,0.6065573770491803,2172,6064,0.358179419525066,0,https://www.championat.com/hockey/_superleague/tournament/5077/match/1054727/
Динамо Мн,Нефтехимик,4,7,22,36,0.18181818181818182,0.19444444444444445,26,24,0.52,0.48,6020,15266,0.394340364208044,0,https://www.championat.com/hockey/_superleague/tournament/5077/match/1054731/
Локомотив,Спартак,2,1,41,22,0.04878048780487805,0.045454545454545456,37,25,0.5967741935483871,0.4032258064516129,2000,9071,0.22048285745783266,1,https://www.championat.com/hockey/_superleague/tournament/5077/match/1054725/
ЦСКА,Динамо М,1,2,23,27,0.043478260869565216,0.07407407407407407,21,35,0.375,0.625,5346,12680,0.421608832807571,0,https://www.championat.com/hockey/_superleague/tournament/5077/match/1054729/
Амур,Адмирал,1,3,40,30,0.025,0.1,26,31,0.45614035087719296,0.543859649122807,7100,7100,1.0,0,https://www.championat.com/hockey/_superleague/tournament/5077/match/1054733/
Сибирь,Барыс,1,2,29,23,0.034482758620689655,0.08695652173913043,19,23,0.4523809523809524,0.5476190476190477,6055,6055,1.0,0,https://www.championat.com/hockey/_superleague/tournament/5077/match/1054735/
Авангард,Автомобилист,5,0,16,35,0.3125,0.0,30,20,0.6,0.4,10617,12011,0.8839397219215719,1,https://www.championat.com/hockey/_superleague/tournament/5077/match/1054737/
Трактор,Салават Юлаев,4,2,35,23,0.11428571428571428,0.08695652173913043,26,24,0.52,0.48,7034,7500,0.9378666666666666,1,https://www.championat.com/hockey/_superleague/tournament/5077/match/1054739/
Куньлунь Ред Стар,Локомотив,2,4,26,41,0.07692307692307693,0.0975609756097561,17,30,0.3617021276595745,0.6382978723404256,687,7000,0.09814285714285714,0,https://www.championat.com/hockey/_superleague/tournament/5077/match/1054743/
Динамо Мн,Торпедо,2,3,36,24,0.05555555555555555,0.125,33,25,0.5689655172413793,0.43103448275862066,6212,15266,0.4069173326346129,0,https://www.championat.com/hockey/_superleague/tournament/5077/match/1054751/
Ак Барс,Металлург Мг,2,4,28,37,0.07142857142857142,0.10810810810810811,42,26,0.6176470588235294,0.38235294117647056,8890,8900,0.998876404494382,0,https://www.championat.com/hockey/_superleague/tournament/5077/match/1054741/
Северсталь,Спартак,0,0,33,31,0.0,0.0,20,44,0.3125,0.6875,2932,6064,0.48350923482849606,0,https://www.championat.com/hockey/_superleague/tournament/5077/match/1054745/
ХК Сочи,Нефтехимик,0,4,15,35,0.0,0.11428571428571428,20,30,0.4,0.6,2153,12000,0.17941666666666667,0,https://www.championat.com/hockey/_superleague/tournament/5077/match/1054747/
ЦСКА,СКА,3,1,28,36,0.10714285714285714,0.027777777777777776,35,32,0.5223880597014925,0.47761194029850745,6973,12680,0.5499211356466877,1,https://www.championat.com/hockey/_superleague/tournament/5077/match/1054749/
Адмирал,Амур,2,0,32,29,0.0625,0.0,24,33,0.42105263157894735,0.5789473684210527,3385,5915,0.5722738799661876,1,https://www.championat.com/hockey/_superleague/tournament/5077/match/1054753/
Адмирал,Амур,3,5,44,18,0.06818181818181818,0.2777777777777778,40,31,0.5633802816901409,0.43661971830985913,3325,5915,0.5621301775147929,0,https://www.championat.com/hockey/_superleague/tournament/5077/match/1054755/
Сибирь,Автомобилист,1,0,29,21,0.034482758620689655,0.0,16,40,0.2857142857142857,0.7142857142857143,6055,6055,1.0,1,https://www.championat.com/hockey/_superleague/tournament/5077/match/1054757/
Авангард,Салават Юлаев,3,2,32,24,0.09375,0.08333333333333333,39,25,0.609375,0.390625,11977,12011,0.9971692615102823,1,https://www.championat.com/hockey/_superleague/tournament/5077/match/1054759/
Трактор,Металлург Мг,5,2,32,29,0.15625,0.06896551724137931,25,31,0.44642857142857145,0.5535714285714286,7005,7500,0.934,1,https://www.championat.com/hockey/_superleague/tournament/5077/match/1054761/
Северсталь,Торпедо,3,2,35,26,0.08571428571428572,0.07692307692307693,31,24,0.5636363636363636,0.43636363636363634,4239,6064,0.6990435356200527,1,https://www.championat.com/hockey/_superleague/tournament/5077/match/1054765/
Витязь,СКА,0,0,29,33,0.0,0.0,31,35,0.4696969696969697,0.5303030303030303,3267,5525,0.5913122171945702,0,https://www.championat.com/hockey/_superleague/tournament/5077/match/1054767/
Динамо Мн,Спартак,5,6,40,34,0.125,0.17647058823529413,36,42,0.46153846153846156,0.5384615384615384,12007,15266,0.7865190619677715,0,https://www.championat.com/hockey/_superleague/tournament/5077/match/1054773/
Ак Барс,Нефтехимик,3,1,24,16,0.125,0.0625,29,22,0.5686274509803921,0.43137254901960786,6144,8900,0.6903370786516854,1,https://www.championat.com/hockey/_superleague/tournament/5077/match/1054763/
ХК Сочи,Динамо М,3,5,24,45,0.125,0.1111111111111111,23,31,0.42592592592592593,0.5740740740740741,4224,12000,0.352,0,https://www.championat.com/hockey/_superleague/tournament/5077/match/1054769/
ЦСКА,Локомотив,0,0,42,26,0.0,0.0,27,28,0.4909090909090909,0.509090909090909,5402,12680,0.42602523659305996,0,https://www.championat.com/hockey/_superleague/tournament/5077/match/1054771/
Амур,Динамо Мн,1,4,34,27,0.029411764705882353,0.14814814814814814,24,30,0.4444444444444444,0.5555555555555556,7100,7100,1.0,0,https://www.championat.com/hockey/_superleague/tournament/5077/match/1054775/
Барыс,Металлург Мг,3,2,30,25,0.1,0.08,19,26,0.4222222222222222,0.5777777777777777,9002,12000,0.7501666666666666,1,https://www.championat.com/hockey/_superleague/tournament/5077/match/1054777/
Автомобилист,Авангард,1,7,30,25,0.03333333333333333,0.28,32,22,0.5925925925925926,0.4074074074074074,5545,5570,0.9955116696588869,0,https://www.championat.com/hockey/_superleague/tournament/5077/match/1054779/
Торпедо,ХК Сочи,5,2,50,25,0.1,0.08,31,20,0.6078431372549019,0.39215686274509803,5500,5600,0.9821428571428571,1,https://www.championat.com/hockey/_superleague/tournament/5077/match/1054781/
Витязь,Куньлунь Ред Стар,2,1,42,27,0.047619047619047616,0.037037037037037035,20,29,0.40816326530612246,0.5918367346938775,3145,5525,0.5692307692307692,1,https://www.championat.com/hockey/_superleague/tournament/5077/match/1054783/
ЦСКА,Динамо М,0,0,21,31,0.0,0.0,33,29,0.532258064516129,0.46774193548387094,9383,12680,0.7399842271293375,0,https://www.championat.com/hockey/_superleague/tournament/5077/match/1054785/
Салават Юлаев,Локомотив,2,1,16,27,0.125,0.037037037037037035,23,26,0.46938775510204084,0.5306122448979592,7669,8522,0.8999061253226942,1,https://www.championat.com/hockey/_superleague/tournament/5077/match/1054787/
Трактор,СКА,3,9,27,31,0.1111111111111111,0.2903225806451613,31,30,0.5081967213114754,0.4918032786885246,7500,7500,1.0,0,https://www.championat.com/hockey/_superleague/tournament/5077/match/1054789/
Ак Барс,Северсталь,0,0,32,28,0.0,0.0,30,31,0.4918032786885246,0.5081967213114754,8679,8900,0.9751685393258427,0,https://www.championat.com/hockey/_superleague/tournament/5077/match/1054791/
Нефтехимик,Спартак,3,2,35,38,0.08571428571428572,0.05263157894736842,29,33,0.46774193548387094,0.532258064516129,3686,6050,0.6092561983471074,1,https://www.championat.com/hockey/_superleague/tournament/5077/match/1054793/
Адмирал,Динамо Мн,1,2,36,33,0.027777777777777776,0.06060606060606061,28,26,0.5185185185185185,0.48148148148148145,4943,5915,0.835672020287405,0,https://www.championat.com/hockey/_superleague/tournament/5077/match/1054795/
Амур,Барыс,4,3,30,30,0.13333333333333333,0.1,27,32,0.4576271186440678,0.5423728813559322,7100,7100,1.0,1,https://www.championat.com/hockey/_superleague/tournament/5077/match/1054797/
Сибирь,Авангард,3,1,19,37,0.15789473684210525,0.02702702702702703,21,35,0.375,0.625,6055,6055,1.0,1,https://www.championat.com/hockey/_superleague/tournament/5077/match/1054799/
ЦСКА,ХК Сочи,2,0,50,17,0.04,0.0,35,16,0.6862745098039216,0.3137254901960784,8548,12680,0.6741324921135646,1,https://www.championat.com/hockey/_superleague/tournament/5077/match/1054801/
Амур,Барыс,1,0,21,37,0.047619047619047616,0.0,25,31,0.44642857142857145,0.5535714285714286,5969,7100,0.8407042253521126,1,https://www.championat.com/hockey/_superleague/tournament/5077/match/1054803/
Динамо М,Куньлунь Ред Стар,3,2,36,30,0.08333333333333333,0.06666666666666667,28,25,0.5283018867924528,0.4716981132075472,7750,11500,0.6739130434782609,1,https://www.championat.com/hockey/_superleague/tournament/5077/match/1054817/
Металлург Мг,Локомотив,3,2,26,25,0.11538461538461539,0.08,23,21,0.5227272727272727,0.4772727272727273,6419,7700,0.8336363636363636,1,https://www.championat.com/hockey/_superleague/tournament/5077/match/1054805/
Салават Юлаев,СКА,5,1,26,27,0.19230769230769232,0.037037037037037035,33,29,0.532258064516129,0.46774193548387094,8550,8522,1.003285613705703,1,https://www.championat.com/hockey/_superleague/tournament/5077/match/1054807/
Трактор,Автомобилист,4,3,17,43,0.23529411764705882,0.06976744186046512,23,39,0.3709677419354839,0.6290322580645161,7500,7500,1.0,1,https://www.championat.com/hockey/_superleague/tournament/5077/match/1054809/
Ак Барс,Витязь,2,0,25,26,0.08,0.0,20,16,0.5555555555555556,0.4444444444444444,7027,8900,0.7895505617977528,1,https://www.championat.com/hockey/_superleague/tournament/5077/match/1054811/
Нефтехимик,Северсталь,4,3,28,39,0.14285714285714285,0.07692307692307693,32,35,0.47761194029850745,0.5223880597014925,2856,6050,0.47206611570247936,1,https://www.championat.com/hockey/_superleague/tournament/5077/match/1054813/
Торпедо,Спартак,5,2,38,33,0.13157894736842105,0.06060606060606061,29,30,0.4915254237288136,0.5084745762711864,5500,5600,0.9821428571428571,1,https://www.championat.com/hockey/_superleague/tournament/5077/match/1054815/
Сибирь,Динамо Мн,0,0,26,29,0.0,0.0,34,25,0.576271186440678,0.423728813559322,6055,6055,1.0,0,https://www.championat.com/hockey/_superleague/tournament/5077/match/1054819/
Адмирал,Барыс,1,5,30,25,0.03333333333333333,0.2,27,33,0.45,0.55,4936,5915,0.8344885883347422,0,https://www.championat.com/hockey/_superleague/tournament/5077/match/1054821/
Динамо М,Торпедо,1,3,33,21,0.030303030303030304,0.14285714285714285,28,17,0.6222222222222222,0.37777777777777777,9021,11500,0.7844347826086957,0,https://www.championat.com/hockey/_superleague/tournament/5077/match/1054835/
Авангард,Автомобилист,2,1,24,23,0.08333333333333333,0.043478260869565216,24,22,0.5217391304347826,0.4782608695652174,11880,12011,0.9890933311131462,1,https://www.championat.com/hockey/_superleague/tournament/5077/match/1054823/
Металлург Мг,Салават Юлаев,0,2,28,32,0.0,0.0625,27,25,0.5192307692307693,0.4807692307692308,7140,7700,0.9272727272727272,0,https://www.championat.com/hockey/_superleague/tournament/5077/match/1054825/
Трактор,ЦСКА,1,2,24,39,0.041666666666666664,0.05128205128205128,24,27,0.47058823529411764,0.5294117647058824,7500,7500,1.0,0,https://www.championat.com/hockey/_superleague/tournament/5077/match/1054827/
Локомотив,Спартак,3,5,32,32,0.09375,0.15625,35,20,0.6363636363636364,0.36363636363636365,6555,9071,0.7226325653180465,0,https://www.championat.com/hockey/_superleague/tournament/5077/match/1054829/
Нефтехимик,Витязь,2,5,34,35,0.058823529411764705,0.14285714285714285,37,22,0.6271186440677966,0.3728813559322034,2630,6050,0.43471074380165287,0,https://www.championat.com/hockey/_superleague/tournament/5077/match/1054831/
Северсталь,Куньлунь Ред Стар,6,5,37,25,0.16216216216216217,0.2,13,40,0.24528301886792453,0.7547169811320755,3967,6064,0.654188654353562,1,https://www.championat.com/hockey/_superleague/tournament/5077/match/1054833/
ХК Сочи,СКА,3,6,24,45,0.125,0.13333333333333333,29,47,0.3815789473684211,0.618421052631579,5235,12000,0.43625,0,https://www.championat.com/hockey/_superleague/tournament/5077/match/1054837/
Адмирал,Барыс,3,0,43,18,0.06976744186046512,0.0,25,30,0.45454545454545453,0.5454545454545454,1880,5915,0.31783601014370244,1,https://www.championat.com/hockey/_superleague/tournament/5077/match/1054839/
Сибирь,Ак Барс,2,3,18,30,0.1111111111111111,0.1,30,28,0.5172413793103449,0.4827586206896552,6030,6055,0.9958711808422791,0,https://www.championat.com/hockey/_superleague/tournament/5077/match/1054843/
Автомобилист,ЦСКА,4,2,24,28,0.16666666666666666,0.07142857142857142,29,26,0.5272727272727272,0.4727272727272727,5021,5570,0.9014362657091562,1,https://www.championat.com/hockey/_superleague/tournament/5077/match/1054845/
Северсталь,Торпедо,5,4,43,26,0.11627906976744186,0.15384615384615385,16,36,0.3076923076923077,0.6923076923076923,2711,6064,0.4470646437994723,1,https://www.championat.com/hockey/_superleague/tournament/5077/match/1054847/
Динамо М,Салават Юлаев,3,2,32,35,0.09375,0.05714285714285714,30,25,0.5454545454545454,0.45454545454545453,6113,11500,0.5315652173913044,1,https://www.championat.com/hockey/_superleague/tournament/5077/match/1054849/
СКА,Спартак,3,2,31,32,0.0967741935483871,0.0625,36,24,0.6,0.4,11023,12500,0.88184,1,https://www.championat.com/hockey/_superleague/tournament/5077/match/1054851/
ХК Сочи,Витязь,2,3,31,42,0.06451612903225806,0.07142857142857142,27,31,0.46551724137931033,0.5344827586206896,2179,12000,0.18158333333333335,0,https://www.championat.com/hockey/_superleague/tournament/5077/match/1054853/
Авангард,Ак Барс,1,2,24,36,0.041666666666666664,0.05555555555555555,26,31,0.45614035087719296,0.543859649122807,11503,12011,0.9577054366830405,0,https://www.championat.com/hockey/_superleague/tournament/5077/match/1054855/
Локомотив,Трактор,0,1,33,17,0.0,0.058823529411764705,34,11,0.7555555555555555,0.24444444444444444,2000,9071,0.22048285745783266,0,https://www.championat.com/hockey/_superleague/tournament/5077/match/1054857/
Нефтехимик,Амур,1,0,30,31,0.03333333333333333,0.0,24,27,0.47058823529411764,0.5294117647058824,2032,6050,0.3358677685950413,1,https://www.championat.com/hockey/_superleague/tournament/5077/match/1054859/
Динамо Мн,Куньлунь Ред Стар,2,6,31,24,0.06451612903225806,0.25,24,32,0.42857142857142855,0.5714285714285714,5201,15266,0.3406917332634613,0,https://www.championat.com/hockey/_superleague/tournament/5077/match/1054861/
Барыс,ЦСКА,2,5,31,36,0.06451612903225806,0.1388888888888889,28,32,0.4666666666666667,0.5333333333333333,6013,12000,0.5010833333333333,0,https://www.championat.com/hockey/_superleague/tournament/5077/match/1054863/
Металлург Мг,Адмирал,1,2,34,31,0.029411764705882353,0.06451612903225806,38,21,0.6440677966101694,0.3559322033898305,3653,7700,0.4744155844155844,0,https://www.championat.com/hockey/_superleague/tournament/5077/match/1054865/
ХК Сочи,Торпедо,0,0,30,39,0.0,0.0,26,29,0.4727272727272727,0.5272727272727272,2702,12000,0.22516666666666665,0,https://www.championat.com/hockey/_superleague/tournament/5077/match/1054867/
Куньлунь Ред Стар,Витязь,4,0,33,38,0.12121212121212122,0.0,30,26,0.5357142857142857,0.4642857142857143,575,7000,0.08214285714285714,1,https://www.championat.com/hockey/_superleague/tournament/5077/match/1054869/
Локомотив,Северсталь,6,2,25,29,0.24,0.06896551724137931,42,15,0.7368421052631579,0.2631578947368421,5088,9071,0.5609083893727262,1,https://www.championat.com/hockey/_superleague/tournament/5077/match/1054871/
Динамо Мн,Амур,1,2,30,27,0.03333333333333333,0.07407407407407407,34,22,0.6071428571428571,0.39285714285714285,5613,15266,0.3676798113454736,0,https://www.championat.com/hockey/_superleague/tournament/5077/match/1054877/
СКА,Динамо М,2,0,28,37,0.07142857142857142,0.0,22,19,0.5365853658536586,0.4634146341463415,11446,12500,0.91568,1,https://www.championat.com/hockey/_superleague/tournament/5077/match/1054873/
Спартак,Трактор,2,4,35,28,0.05714285714285714,0.14285714285714285,28,31,0.4745762711864407,0.5254237288135594,4546,12724,0.35727758566488527,0,https://www.championat.com/hockey/_superleague/tournament/5077/match/1054875/
Барыс,Нефтехимик,3,5,28,22,0.10714285714285714,0.22727272727272727,36,18,0.6666666666666666,0.3333333333333333,4833,12000,0.40275,0,https://www.championat.com/hockey/_superleague/tournament/5077/match/1054879/
Салават Юлаев,Адмирал,2,0,32,25,0.0625,0.0,27,25,0.5192307692307693,0.4807692307692308,7647,8522,0.8973245716967848,1,https://www.championat.com/hockey/_superleague/tournament/5077/match/1054881/
Ак Барс,Сибирь,0,0,30,31,0.0,0.0,30,24,0.5555555555555556,0.4444444444444444,8548,8900,0.9604494382022472,0,https://www.championat.com/hockey/_superleague/tournament/5077/match/1054883/
ХК Сочи,Металлург Мг,3,2,26,38,0.11538461538461539,0.05263157894736842,21,39,0.35,0.65,3519,12000,0.29325,1,https://www.championat.com/hockey/_superleague/tournament/5077/match/1054885/
Спартак,Куньлунь Ред Стар,3,2,42,32,0.07142857142857142,0.0625,41,31,0.5694444444444444,0.4305555555555556,4203,12724,0.33032065388242693,1,https://www.championat.com/hockey/_superleague/tournament/5077/match/1054893/
Локомотив,Динамо М,0,2,22,21,0.0,0.09523809523809523,19,11,0.6333333333333333,0.36666666666666664,6058,9071,0.6678425752397751,0,https://www.championat.com/hockey/_superleague/tournament/5077/match/1054887/
Витязь,Трактор,4,3,38,40,0.10526315789473684,0.075,34,32,0.5151515151515151,0.48484848484848486,3256,5525,0.5893212669683258,1,https://www.championat.com/hockey/_superleague/tournament/5077/match/1054889/
СКА,Амур,3,1,45,25,0.06666666666666667,0.04,31,23,0.5740740740740741,0.42592592592592593,12025,12500,0.962,1,https://www.championat.com/hockey/_superleague/tournament/5077/match/1054891/
ЦСКА,Северсталь,4,2,31,39,0.12903225806451613,0.05128205128205128,32,22,0.5925925925925926,0.4074074074074074,5417,12680,0.4272082018927445,1,https://www.championat.com/hockey/_superleague/tournament/5077/match/1054895/
Динамо Мн,Автомобилист,0,0,40,29,0.0,0.0,32,34,0.48484848484848486,0.5151515151515151,7499,15266,0.49122232411895717,0,https://www.championat.com/hockey/_superleague/tournament/5077/match/1054897/
Авангард,Нефтехимик,3,0,23,29,0.13043478260869565,0.0,33,23,0.5892857142857143,0.4107142857142857,10815,12011,0.9004246107734577,1,https://www.championat.com/hockey/_superleague/tournament/5077/match/1054899/
Барыс,Сибирь,1,2,29,26,0.034482758620689655,0.07692307692307693,30,25,0.5454545454545454,0.45454545454545453,3647,12000,0.30391666666666667,0,https://www.championat.com/hockey/_superleague/tournament/5077/match/1054901/
Салават Юлаев,Металлург Мг,2,3,24,30,0.08333333333333333,0.1,25,28,0.4716981132075472,0.5283018867924528,6153,8522,0.7220136118282093,0,https://www.championat.com/hockey/_superleague/tournament/5077/match/1054903/
Ак Барс,Адмирал,2,1,28,25,0.07142857142857142,0.04,19,25,0.4318181818181818,0.5681818181818182,4689,8900,0.5268539325842697,1,https://www.championat.com/hockey/_superleague/tournament/5077/match/1054905/
Куньлунь Ред Стар,Локомотив,0,3,17,34,0.0,0.08823529411764706,23,19,0.5476190476190477,0.4523809523809524,643,7000,0.09185714285714286,0,https://www.championat.com/hockey/_superleague/tournament/5077/match/1054907/
Торпедо,Динамо М,4,6,32,28,0.125,0.21428571428571427,37,28,0.5692307692307692,0.4307692307692308,5500,5600,0.9821428571428571,0,https://www.championat.com/hockey/_superleague/tournament/5077/match/1054909/
Динамо Мн,Северсталь,2,0,26,20,0.07692307692307693,0.0,29,20,0.5918367346938775,0.40816326530612246,6917,15266,0.45309838857592033,1,https://www.championat.com/hockey/_superleague/tournament/5077/match/1054915/
Спартак,Автомобилист,4,7,28,35,0.14285714285714285,0.2,27,31,0.46551724137931033,0.5344827586206896,2951,12724,0.23192392329456146,0,https://www.championat.com/hockey/_superleague/tournament/5077/match/1054911/
ЦСКА,СКА,4,2,25,34,0.16,0.058823529411764705,32,38,0.45714285714285713,0.5428571428571428,1100,12680,0.08675078864353312,1,https://www.championat.com/hockey/_superleague/tournament/5077/match/1054913/
Амур,Адмирал,3,1,32,27,0.09375,0.037037037037037035,35,26,0.5737704918032787,0.4262295081967213,5791,7100,0.8156338028169015,1,https://www.championat.com/hockey/_superleague/tournament/5077/match/1054917/
Сибирь,Нефтехимик,4,1,34,20,0.11764705882352941,0.05,23,21,0.5227272727272727,0.4772727272727273,4961,6055,0.8193228736581337,1,https://www.championat.com/hockey/_superleague/tournament/5077/match/1054919/
Авангард,Металлург Мг,0,0,28,30,0.0,0.0,29,24,0.5471698113207547,0.4528301886792453,11899,12011,0.990675214386812,0,https://www.championat.com/hockey/_superleague/tournament/5077/match/1054921/
Ак Барс,Салават Юлаев,2,1,28,22,0.07142857142857142,0.045454545454545456,29,19,0.6041666666666666,0.3958333333333333,8890,8900,0.998876404494382,1,https://www.championat.com/hockey/_superleague/tournament/5077/match/1054923/
Витязь,ХК Сочи,3,2,39,41,0.07692307692307693,0.04878048780487805,31,29,0.5166666666666667,0.48333333333333334,1244,5525,0.22515837104072398,1,https://www.championat.com/hockey/_superleague/tournament/5077/match/1054925/
Трактор,Барыс,0,0,30,28,0.0,0.0,31,34,0.47692307692307695,0.5230769230769231,7500,7500,1.0,0,https://www.championat.com/hockey/_superleague/tournament/5077/match/1054927/
Северсталь,СКА,1,2,27,42,0.037037037037037035,0.047619047619047616,29,30,0.4915254237288136,0.5084745762711864,3771,6064,0.6218667546174143,0,https://www.championat.com/hockey/_superleague/tournament/5077/match/1054929/
Торпедо,Локомотив,0,0,22,35,0.0,0.0,26,30,0.4642857142857143,0.5357142857142857,5500,5600,0.9821428571428571,0,https://www.championat.com/hockey/_superleague/tournament/5077/match/1054931/
Динамо М,Автомобилист,3,0,31,24,0.0967741935483871,0.0,25,30,0.45454545454545453,0.5454545454545454,5876,11500,0.5109565217391304,1,https://www.championat.com/hockey/_superleague/tournament/5077/match/1054933/
Сибирь,Металлург Мг,4,2,37,31,0.10810810810810811,0.06451612903225806,22,27,0.4489795918367347,0.5510204081632653,6055,6055,1.0,1,https://www.championat.com/hockey/_superleague/tournament/5077/match/1054935/
Ак Барс,Авангард,2,0,28,25,0.07142857142857142,0.0,22,25,0.46808510638297873,0.5319148936170213,8215,8900,0.9230337078651686,1,https://www.championat.com/hockey/_superleague/tournament/5077/match/1054937/
Куньлунь Ред Стар,ХК Сочи,5,1,38,38,0.13157894736842105,0.02631578947368421,29,25,0.5370370370370371,0.46296296296296297,497,7000,0.071,1,https://www.championat.com/hockey/_superleague/tournament/5077/match/1054939/
Нефтехимик,Салават Юлаев,5,2,26,34,0.19230769230769232,0.058823529411764705,22,29,0.43137254901960786,0.5686274509803921,3296,6050,0.5447933884297521,1,https://www.championat.com/hockey/_superleague/tournament/5077/match/1054941/
Адмирал,Амур,0,1,40,27,0.0,0.037037037037037035,33,24,0.5789473684210527,0.42105263157894735,5191,5915,0.87759932375317,0,https://www.championat.com/hockey/_superleague/tournament/5077/match/1054943/
Автомобилист,Барыс,3,5,29,19,0.10344827586206896,0.2631578947368421,25,24,0.5102040816326531,0.4897959183673469,5545,5570,0.9955116696588869,0,https://www.championat.com/hockey/_superleague/tournament/5077/match/1054945/
Торпедо,СКА,2,6,26,33,0.07692307692307693,0.18181818181818182,24,38,0.3870967741935484,0.6129032258064516,5500,5600,0.9821428571428571,0,https://www.championat.com/hockey/_superleague/tournament/5077/match/1054947/
Динамо М,ЦСКА,2,1,34,28,0.058823529411764705,0.03571428571428571,29,28,0.5087719298245614,0.49122807017543857,10203,11500,0.8872173913043478,1,https://www.championat.com/hockey/_superleague/tournament/5077/match/1054949/
Спартак,ХК Сочи,2,0,43,26,0.046511627906976744,0.0,24,30,0.4444444444444444,0.5555555555555556,5307,12724,0.4170858220685319,1,https://www.championat.com/hockey/_superleague/tournament/5077/match/1054959/
Куньлунь Ред Стар,Витязь,0,1,33,25,0.0,0.04,30,27,0.5263157894736842,0.47368421052631576,852,7000,0.12171428571428572,0,https://www.championat.com/hockey/_superleague/tournament/5077/match/1054951/
Локомотив,Салават Юлаев,3,2,21,28,0.14285714285714285,0.07142857142857142,26,24,0.52,0.48,6155,9071,0.67853599382648,1,https://www.championat.com/hockey/_superleague/tournament/5077/match/1054953/
Нефтехимик,Авангард,2,1,31,26,0.06451612903225806,0.038461538461538464,31,30,0.5081967213114754,0.4918032786885246,3978,6050,0.6575206611570248,1,https://www.championat.com/hockey/_superleague/tournament/5077/match/1054955/
Северсталь,Динамо Мн,2,1,33,35,0.06060606060606061,0.02857142857142857,26,25,0.5098039215686274,0.49019607843137253,5227,6064,0.8619722955145118,1,https://www.championat.com/hockey/_superleague/tournament/5077/match/1054957/
Сибирь,Амур,4,6,35,28,0.11428571428571428,0.21428571428571427,41,29,0.5857142857142857,0.4142857142857143,5410,6055,0.893476465730801,0,https://www.championat.com/hockey/_superleague/tournament/5077/match/1054961/
Металлург Мг,Барыс,0,0,27,21,0.0,0.0,22,28,0.44,0.56,3600,7700,0.4675324675324675,0,https://www.championat.com/hockey/_superleague/tournament/5077/match/1054963/
Трактор,Ак Барс,1,4,32,34,0.03125,0.11764705882352941,35,20,0.6363636363636364,0.36363636363636365,5988,7500,0.7984,0,https://www.championat.com/hockey/_superleague/tournament/5077/match/1054965/
Торпедо,ЦСКА,3,1,23,44,0.13043478260869565,0.022727272727272728,27,24,0.5294117647058824,0.47058823529411764,5500,5600,0.9821428571428571,1,https://www.championat.com/hockey/_superleague/tournament/5077/match/1054967/
Локомотив,Витязь,3,1,26,18,0.11538461538461539,0.05555555555555555,31,21,0.5961538461538461,0.40384615384615385,4630,9071,0.5104178150148826,1,https://www.championat.com/hockey/_superleague/tournament/5077/match/1054969/
Спартак,Динамо Мн,0,0,25,34,0.0,0.0,25,33,0.43103448275862066,0.5689655172413793,2782,12724,0.21864193649795663,0,https://www.championat.com/hockey/_superleague/tournament/5077/match/1054971/
Авангард,Трактор,2,4,26,36,0.07692307692307693,0.1111111111111111,36,34,0.5142857142857142,0.4857142857142857,11703,12011,0.9743568395637332,0,https://www.championat.com/hockey/_superleague/tournament/5077/match/1054973/
Барыс,Северсталь,0,1,26,36,0.0,0.027777777777777776,25,23,0.5208333333333334,0.4791666666666667,3636,12000,0.303,0,https://www.championat.com/hockey/_superleague/tournament/5077/match/1054975/
Автомобилист,Динамо М,3,1,20,33,0.15,0.030303030303030304,33,25,0.5689655172413793,0.43103448275862066,4154,5570,0.7457809694793537,1,https://www.championat.com/hockey/_superleague/tournament/5077/match/1054977/
Салават Юлаев,Ак Барс,0,0,36,22,0.0,0.0,26,30,0.4642857142857143,0.5357142857142857,8550,8522,1.003285613705703,0,https://www.championat.com/hockey/_superleague/tournament/5077/match/1054979/
Нефтехимик,Амур,1,2,37,33,0.02702702702702703,0.06060606060606061,29,28,0.5087719298245614,0.49122807017543857,2523,6050,0.41702479338842974,0,https://www.championat.com/hockey/_superleague/tournament/5077/match/1054981/
СКА,ЦСКА,3,1,34,29,0.08823529411764706,0.034482758620689655,35,23,0.603448275862069,0.39655172413793105,12368,12500,0.98944,1,https://www.championat.com/hockey/_superleague/tournament/5077/match/1054983/
Адмирал,Сибирь,2,3,36,28,0.05555555555555555,0.10714285714285714,24,36,0.4,0.6,2505,5915,0.4234995773457312,0,https://www.championat.com/hockey/_superleague/tournament/5077/match/1054985/
Куньлунь Ред Стар,Динамо Мн,1,5,30,42,0.03333333333333333,0.11904761904761904,30,32,0.4838709677419355,0.5161290322580645,473,7000,0.06757142857142857,0,https://www.championat.com/hockey/_superleague/tournament/5077/match/1054987/
Спартак,Торпедо,0,4,34,34,0.0,0.11764705882352941,24,22,0.5217391304347826,0.4782608695652174,3892,12724,0.30587865451116003,0,https://www.championat.com/hockey/_superleague/tournament/5077/match/1054989/
ХК Сочи,Витязь,2,5,36,36,0.05555555555555555,0.1388888888888889,24,30,0.4444444444444444,0.5555555555555556,2433,12000,0.20275,0,https://www.championat.com/hockey/_superleague/tournament/5077/match/1054991/
Авангард,Динамо М,0,0,26,35,0.0,0.0,41,27,0.6029411764705882,0.39705882352941174,11927,12011,0.9930064107901091,0,https://www.championat.com/hockey/_superleague/tournament/5077/match/1054993/
Барыс,Трактор,4,3,24,43,0.16666666666666666,0.06976744186046512,28,27,0.509090909090909,0.4909090909090909,6365,12000,0.5304166666666666,1,https://www.championat.com/hockey/_superleague/tournament/5077/match/1054995/
Автомобилист,Нефтехимик,1,2,28,14,0.03571428571428571,0.14285714285714285,31,22,0.5849056603773585,0.41509433962264153,4129,5570,0.7412926391382406,0,https://www.championat.com/hockey/_superleague/tournament/5077/match/1054997/
Металлург Мг,Ак Барс,0,0,30,36,0.0,0.0,26,27,0.49056603773584906,0.5094339622641509,6840,7700,0.8883116883116883,0,https://www.championat.com/hockey/_superleague/tournament/5077/match/1054999/
Салават Юлаев,Северсталь,4,1,33,32,0.12121212121212122,0.03125,33,26,0.559322033898305,0.4406779661016949,6945,8522,0.8149495423609482,1,https://www.championat.com/hockey/_superleague/tournament/5077/match/1055001/
Локомотив,СКА,1,0,32,20,0.03125,0.0,42,18,0.7,0.3,6599,9071,0.7274831881821189,1,https://www.championat.com/hockey/_superleague/tournament/5077/match/1055003/
ХК Сочи,Витязь,0,2,32,30,0.0,0.06666666666666667,19,31,0.38,0.62,2356,12000,0.19633333333333333,0,https://www.championat.com/hockey/_superleague/tournament/5077/match/1055005/
ЦСКА,Амур,3,1,33,18,0.09090909090909091,0.05555555555555555,31,21,0.5961538461538461,0.40384615384615385,4928,12680,0.3886435331230284,1,https://www.championat.com/hockey/_superleague/tournament/5077/match/1055007/
Адмирал,Сибирь,0,0,31,31,0.0,0.0,37,21,0.6379310344827587,0.3620689655172414,4475,5915,0.7565511411665258,0,https://www.championat.com/hockey/_superleague/tournament/5077/match/1055009/
Куньлунь Ред Стар,Спартак,0,0,35,46,0.0,0.0,42,27,0.6086956521739131,0.391304347826087,2859,7000,0.4084285714285714,0,https://www.championat.com/hockey/_superleague/tournament/5077/match/1055011/
Динамо Мн,Торпедо,2,3,24,48,0.08333333333333333,0.0625,28,36,0.4375,0.5625,12140,15266,0.795231232804926,0,https://www.championat.com/hockey/_superleague/tournament/5077/match/1055013/
Барыс,Динамо М,0,0,20,21,0.0,0.0,24,25,0.4897959183673469,0.5102040816326531,9776,12000,0.8146666666666667,0,https://www.championat.com/hockey/_superleague/tournament/5077/match/1055015/
Салават Юлаев,Нефтехимик,0,0,25,20,0.0,0.0,33,25,0.5689655172413793,0.43103448275862066,7878,8522,0.9244308847688336,0,https://www.championat.com/hockey/_superleague/tournament/5077/match/1055017/
Ак Барс,Трактор,6,0,32,24,0.1875,0.0,25,26,0.49019607843137253,0.5098039215686274,8890,8900,0.998876404494382,1,https://www.championat.com/hockey/_superleague/tournament/5077/match/1055019/
Локомотив,Автомобилист,0,1,22,23,0.0,0.043478260869565216,21,13,0.6176470588235294,0.38235294117647056,2000,9071,0.22048285745783266,0,https://www.championat.com/hockey/_superleague/tournament/5077/match/1055021/
Витязь,Металлург Мг,2,1,30,31,0.06666666666666667,0.03225806451612903,22,34,0.39285714285714285,0.6071428571428571,5108,5525,0.9245248868778281,1,https://www.championat.com/hockey/_superleague/tournament/5077/match/1055023/
ЦСКА,Северсталь,1,4,29,20,0.034482758620689655,0.2,33,22,0.6,0.4,5363,12680,0.42294952681388015,0,https://www.championat.com/hockey/_superleague/tournament/5077/match/1055025/
Амур,Сибирь,0,0,28,39,0.0,0.0,31,27,0.5344827586206896,0.46551724137931033,4951,7100,0.6973239436619718,0,https://www.championat.com/hockey/_superleague/tournament/5077/match/1055029/
Адмирал,Авангард,0,0,35,30,0.0,0.0,21,30,0.4117647058823529,0.5882352941176471,2701,5915,0.45663567202028743,0,https://www.championat.com/hockey/_superleague/tournament/5077/match/1055027/
Динамо Мн,Куньлунь Ред Стар,3,2,30,29,0.1,0.06896551724137931,27,33,0.45,0.55,6218,15266,0.40731036289794315,1,https://www.championat.com/hockey/_superleague/tournament/5077/match/1055033/
СКА,Торпедо,1,2,32,38,0.03125,0.05263157894736842,27,21,0.5625,0.4375,10530,12500,0.8424,0,https://www.championat.com/hockey/_superleague/tournament/5077/match/1055031/
Трактор,Динамо М,2,1,20,33,0.1,0.030303030303030304,25,27,0.4807692307692308,0.5192307692307693,5280,7500,0.704,1,https://www.championat.com/hockey/_superleague/tournament/5077/match/1055035/
Нефтехимик,Автомобилист,0,0,29,38,0.0,0.0,25,28,0.4716981132075472,0.5283018867924528,2640,6050,0.43636363636363634,0,https://www.championat.com/hockey/_superleague/tournament/5077/match/1055037/
Северсталь,Металлург Мг,4,1,26,35,0.15384615384615385,0.02857142857142857,30,27,0.5263157894736842,0.47368421052631576,3428,6064,0.5653034300791556,1,https://www.championat.com/hockey/_superleague/tournament/5077/match/1055039/
Спартак,ХК Сочи,3,4,45,32,0.06666666666666667,0.125,23,32,0.41818181818181815,0.5818181818181818,2519,12724,0.1979723357434769,0,https://www.championat.com/hockey/_superleague/tournament/5077/match/1055041/
Амур,Сибирь,3,0,23,27,0.13043478260869565,0.0,32,25,0.5614035087719298,0.43859649122807015,3852,7100,0.5425352112676056,1,https://www.championat.com/hockey/_superleague/tournament/5077/match/1055045/
Адмирал,Авангард,2,3,29,37,0.06896551724137931,0.08108108108108109,23,40,0.36507936507936506,0.6349206349206349,3051,5915,0.5158072696534235,0,https://www.championat.com/hockey/_superleague/tournament/5077/match/1055043/
Ак Барс,Барыс,2,1,26,14,0.07692307692307693,0.07142857142857142,31,18,0.6326530612244898,0.3673469387755102,7348,8900,0.8256179775280899,1,https://www.championat.com/hockey/_superleague/tournament/5077/match/1055047/
Торпедо,Салават Юлаев,5,1,15,29,0.3333333333333333,0.034482758620689655,24,34,0.41379310344827586,0.5862068965517241,5500,5600,0.9821428571428571,1,https://www.championat.com/hockey/_superleague/tournament/5077/match/1055049/
СКА,Локомотив,1,2,44,16,0.022727272727272728,0.125,30,27,0.5263157894736842,0.47368421052631576,10642,12500,0.85136,0,https://www.championat.com/hockey/_superleague/tournament/5077/match/1055051/
ЦСКА,Куньлунь Ред Стар,7,4,41,17,0.17073170731707318,0.23529411764705882,33,28,0.5409836065573771,0.45901639344262296,2157,12680,0.17011041009463723,1,https://www.championat.com/hockey/_superleague/tournament/5077/match/1055053/
Витязь,ХК Сочи,5,1,29,25,0.1724137931034483,0.04,28,23,0.5490196078431373,0.45098039215686275,1453,5525,0.2629864253393665,1,https://www.championat.com/hockey/_superleague/tournament/5077/match/1055055/
Динамо Мн,Металлург Мг,4,2,34,27,0.11764705882352941,0.07407407407407407,30,42,0.4166666666666667,0.5833333333333334,6005,15266,0.3933577885497183,1,https://www.championat.com/hockey/_superleague/tournament/5077/match/1055057/
Амур,Авангард,3,2,41,36,0.07317073170731707,0.05555555555555555,33,34,0.4925373134328358,0.5074626865671642,4885,7100,0.6880281690140845,1,https://www.championat.com/hockey/_superleague/tournament/5077/match/1055059/
Автомобилист,Трактор,1,2,40,17,0.025,0.11764705882352941,29,30,0.4915254237288136,0.5084745762711864,5545,5570,0.9955116696588869,0,https://www.championat.com/hockey/_superleague/tournament/5077/match/1055061/
Северсталь,Локомотив,3,0,21,25,0.14285714285714285,0.0,22,24,0.4782608695652174,0.5217391304347826,4558,6064,0.7516490765171504,1,https://www.championat.com/hockey/_superleague/tournament/5077/match/1055063/
Динамо М,Барыс,3,2,25,20,0.12,0.1,26,21,0.5531914893617021,0.44680851063829785,7087,11500,0.6162608695652174,1,https://www.championat.com/hockey/_superleague/tournament/5077/match/1055065/
СКА,Ак Барс,7,4,32,29,0.21875,0.13793103448275862,30,34,0.46875,0.53125,12385,12500,0.9908,1,https://www.championat.com/hockey/_superleague/tournament/5077/match/1055067/
Спартак,Нефтехимик,2,3,41,26,0.04878048780487805,0.11538461538461539,31,29,0.5166666666666667,0.48333333333333334,3430,12724,0.2695693178245835,0,https://www.championat.com/hockey/_superleague/tournament/5077/match/1055069/
ЦСКА,Салават Юлаев,4,2,20,19,0.2,0.10526315789473684,25,28,0.4716981132075472,0.5283018867924528,6278,12680,0.49511041009463724,1,https://www.championat.com/hockey/_superleague/tournament/5077/match/1055071/
Амур,Авангард,3,2,21,32,0.14285714285714285,0.0625,22,36,0.3793103448275862,0.6206896551724138,7100,7100,1.0,1,https://www.championat.com/hockey/_superleague/tournament/5077/match/1055073/
Торпедо,Динамо Мн,3,2,31,24,0.0967741935483871,0.08333333333333333,29,31,0.48333333333333334,0.5166666666666667,5500,5600,0.9821428571428571,1,https://www.championat.com/hockey/_superleague/tournament/5077/match/1055075/
Сибирь,Адмирал,0,0,31,28,0.0,0.0,27,31,0.46551724137931033,0.5344827586206896,6055,6055,1.0,0,https://www.championat.com/hockey/_superleague/tournament/5077/match/1055077/
Витязь,Нефтехимик,1,0,46,26,0.021739130434782608,0.0,30,23,0.5660377358490566,0.4339622641509434,3334,5525,0.6034389140271493,1,https://www.championat.com/hockey/_superleague/tournament/5077/match/1055085/
Металлург Мг,Трактор,0,0,25,28,0.0,0.0,19,35,0.35185185185185186,0.6481481481481481,4876,7700,0.6332467532467533,0,https://www.championat.com/hockey/_superleague/tournament/5077/match/1055079/
Локомотив,ХК Сочи,4,0,25,18,0.16,0.0,30,18,0.625,0.375,5185,9071,0.5716018079594312,1,https://www.championat.com/hockey/_superleague/tournament/5077/match/1055083/
Куньлунь Ред Стар,Ак Барс,1,5,17,48,0.058823529411764705,0.10416666666666667,20,33,0.37735849056603776,0.6226415094339622,2151,7000,0.3072857142857143,0,https://www.championat.com/hockey/_superleague/tournament/5077/match/1055081/
ЦСКА,Барыс,0,0,34,25,0.0,0.0,35,21,0.625,0.375,4767,12680,0.37594637223974764,0,https://www.championat.com/hockey/_superleague/tournament/5077/match/1055087/
Сибирь,Трактор,4,5,42,33,0.09523809523809523,0.15151515151515152,45,30,0.6,0.4,4151,6055,0.6855491329479769,0,https://www.championat.com/hockey/_superleague/tournament/5077/match/1055089/
Автомобилист,Витязь,3,0,30,25,0.1,0.0,34,19,0.6415094339622641,0.3584905660377358,3274,5570,0.5877917414721724,1,https://www.championat.com/hockey/_superleague/tournament/5077/match/1055091/
Металлург Мг,СКА,3,2,28,28,0.10714285714285714,0.07142857142857142,29,39,0.4264705882352941,0.5735294117647058,4977,7700,0.6463636363636364,1,https://www.championat.com/hockey/_superleague/tournament/5077/match/1055093/
Салават Юлаев,ЦСКА,0,0,27,33,0.0,0.0,26,20,0.5652173913043478,0.43478260869565216,7232,8522,0.8486270828444027,0,https://www.championat.com/hockey/_superleague/tournament/5077/match/1055095/
Локомотив,Амур,0,0,26,31,0.0,0.0,31,17,0.6458333333333334,0.3541666666666667,4816,9071,0.530922720758461,0,https://www.championat.com/hockey/_superleague/tournament/5077/match/1055097/
Северсталь,Куньлунь Ред Стар,2,3,45,32,0.044444444444444446,0.09375,19,40,0.3220338983050847,0.6779661016949152,2446,6064,0.4033641160949868,0,https://www.championat.com/hockey/_superleague/tournament/5077/match/1055101/
Нефтехимик,Ак Барс,3,4,33,30,0.09090909090909091,0.13333333333333333,25,27,0.4807692307692308,0.5192307692307693,4985,6050,0.8239669421487603,0,https://www.championat.com/hockey/_superleague/tournament/5077/match/1055099/
Торпедо,Адмирал,1,3,34,24,0.029411764705882353,0.125,27,24,0.5294117647058824,0.47058823529411764,5500,5600,0.9821428571428571,0,https://www.championat.com/hockey/_superleague/tournament/5077/match/1055103/
Динамо М,ХК Сочи,4,1,33,25,0.12121212121212122,0.04,34,24,0.5862068965517241,0.41379310344827586,5231,11500,0.4548695652173913,1,https://www.championat.com/hockey/_superleague/tournament/5077/match/1055105/
Динамо Мн,Спартак,3,1,33,30,0.09090909090909091,0.03333333333333333,43,26,0.6231884057971014,0.37681159420289856,9010,15266,0.5902004454342984,1,https://www.championat.com/hockey/_superleague/tournament/5077/match/1055107/
Авангард,ЦСКА,0,0,20,41,0.0,0.0,35,30,0.5384615384615384,0.46153846153846156,11887,12011,0.9896761302139705,0,https://www.championat.com/hockey/_superleague/tournament/5077/match/1055109/
Автомобилист,СКА,2,5,33,33,0.06060606060606061,0.15151515151515152,23,29,0.4423076923076923,0.5576923076923077,5545,5570,0.9955116696588869,0,https://www.championat.com/hockey/_superleague/tournament/5077/match/1055111/
Металлург Мг,Витязь,0,0,40,42,0.0,0.0,27,40,0.40298507462686567,0.5970149253731343,3765,7700,0.488961038961039,0,https://www.championat.com/hockey/_superleague/tournament/5077/match/1055113/
Салават Юлаев,Куньлунь Ред Стар,0,0,29,18,0.0,0.0,28,22,0.56,0.44,6287,8522,0.7377376202769304,0,https://www.championat.com/hockey/_superleague/tournament/5077/match/1055115/
Трактор,Динамо Мн,4,3,24,24,0.16666666666666666,0.125,21,29,0.42,0.58,6045,7500,0.806,1,https://www.championat.com/hockey/_superleague/tournament/5077/match/1055117/
Ак Барс,Амур,4,2,22,22,0.18181818181818182,0.09090909090909091,30,21,0.5882352941176471,0.4117647058823529,7399,8900,0.8313483146067415,1,https://www.championat.com/hockey/_superleague/tournament/5077/match/1055119/
Нефтехимик,Адмирал,2,1,25,26,0.08,0.038461538461538464,19,22,0.4634146341463415,0.5365853658536586,2384,6050,0.39404958677685953,1,https://www.championat.com/hockey/_superleague/tournament/5077/match/1055121/
Северсталь,Торпедо,4,3,41,26,0.0975609756097561,0.11538461538461539,31,22,0.5849056603773585,0.41509433962264153,2591,6064,0.42727572559366755,1,https://www.championat.com/hockey/_superleague/tournament/5077/match/1055123/
ХК Сочи,Спартак,2,3,39,38,0.05128205128205128,0.07894736842105263,27,36,0.42857142857142855,0.5714285714285714,4051,12000,0.33758333333333335,0,https://www.championat.com/hockey/_superleague/tournament/5077/match/1055125/
Локомотив,Динамо М,3,0,36,23,0.08333333333333333,0.0,26,15,0.6341463414634146,0.36585365853658536,6126,9071,0.6753389923933414,1,https://www.championat.com/hockey/_superleague/tournament/5077/match/1055127/
Авангард,СКА,5,4,20,36,0.25,0.1111111111111111,42,32,0.5675675675675675,0.43243243243243246,11999,12011,0.9990009158271584,1,https://www.championat.com/hockey/_superleague/tournament/5077/match/1055129/
Салават Юлаев,Витязь,4,0,29,17,0.13793103448275862,0.0,22,22,0.5,0.5,8500,8522,0.9974184463740906,1,https://www.championat.com/hockey/_superleague/tournament/5077/match/1055133/
Трактор,Адмирал,0,0,24,25,0.0,0.0,29,23,0.5576923076923077,0.4423076923076923,7500,7500,1.0,0,https://www.championat.com/hockey/_superleague/tournament/5077/match/1055135/
Автомобилист,Динамо Мн,5,3,39,25,0.1282051282051282,0.12,27,30,0.47368421052631576,0.5263157894736842,5253,5570,0.9430879712746858,1,https://www.championat.com/hockey/_superleague/tournament/5077/match/1055131/
Северсталь,Амур,4,3,40,21,0.1,0.14285714285714285,37,26,0.5873015873015873,0.4126984126984127,4973,6064,0.8200857519788918,1,https://www.championat.com/hockey/_superleague/tournament/5077/match/1055137/
Торпедо,Спартак,4,3,39,30,0.10256410256410256,0.1,30,28,0.5172413793103449,0.4827586206896552,5500,5600,0.9821428571428571,1,https://www.championat.com/hockey/_superleague/tournament/5077/match/1055139/
ХК Сочи,Куньлунь Ред Стар,7,2,34,26,0.20588235294117646,0.07692307692307693,31,33,0.484375,0.515625,3142,12000,0.2618333333333333,1,https://www.championat.com/hockey/_superleague/tournament/5077/match/1055141/
Сибирь,Металлург Мг,1,4,30,16,0.03333333333333333,0.25,29,15,0.6590909090909091,0.3409090909090909,6055,6055,1.0,0,https://www.championat.com/hockey/_superleague/tournament/5077/match/1055143/
Динамо М,ЦСКА,2,3,22,36,0.09090909090909091,0.08333333333333333,26,26,0.5,0.5,9807,11500,0.8527826086956521,0,https://www.championat.com/hockey/_superleague/tournament/5077/match/1055145/
Авангард,Динамо Мн,4,2,26,31,0.15384615384615385,0.06451612903225806,45,21,0.6818181818181818,0.3181818181818182,11010,12011,0.9166597285821331,1,https://www.championat.com/hockey/_superleague/tournament/5077/match/1055147/
Барыс,СКА,4,6,31,32,0.12903225806451613,0.1875,28,31,0.4745762711864407,0.5254237288135594,7371,12000,0.61425,0,https://www.championat.com/hockey/_superleague/tournament/5077/match/1055259/
Нефтехимик,Витязь,4,2,36,23,0.1111111111111111,0.08695652173913043,28,25,0.5283018867924528,0.4716981132075472,2655,6050,0.4388429752066116,1,https://www.championat.com/hockey/_superleague/tournament/5077/match/1055149/
Северсталь,Локомотив,0,1,26,37,0.0,0.02702702702702703,24,37,0.39344262295081966,0.6065573770491803,3942,6064,0.650065963060686,0,https://www.championat.com/hockey/_superleague/tournament/5077/match/1055151/
ХК Сочи,Салават Юлаев,1,4,15,35,0.06666666666666667,0.11428571428571428,16,37,0.3018867924528302,0.6981132075471698,4187,12000,0.34891666666666665,0,https://www.championat.com/hockey/_superleague/tournament/5077/match/1055153/
Амур,Автомобилист,3,2,30,29,0.1,0.06896551724137931,32,23,0.5818181818181818,0.41818181818181815,4503,7100,0.634225352112676,1,https://www.championat.com/hockey/_superleague/tournament/5077/match/1055157/
Адмирал,Ак Барс,2,3,27,29,0.07407407407407407,0.10344827586206896,24,31,0.43636363636363634,0.5636363636363636,3815,5915,0.6449704142011834,0,https://www.championat.com/hockey/_superleague/tournament/5077/match/1055155/
Торпедо,Сибирь,0,0,35,45,0.0,0.0,32,28,0.5333333333333333,0.4666666666666667,5500,5600,0.9821428571428571,0,https://www.championat.com/hockey/_superleague/tournament/5077/match/1055159/
Спартак,Динамо М,2,3,28,30,0.07142857142857142,0.1,20,38,0.3448275862068966,0.6551724137931034,4026,12724,0.3164099339830242,0,https://www.championat.com/hockey/_superleague/tournament/5077/match/1055161/
Авангард,Салават Юлаев,1,3,27,42,0.037037037037037035,0.07142857142857142,35,20,0.6363636363636364,0.36363636363636365,11787,12011,0.9813504287736242,0,https://www.championat.com/hockey/_superleague/tournament/5077/match/1055163/
Барыс,Динамо Мн,2,5,32,28,0.0625,0.17857142857142858,29,28,0.5087719298245614,0.49122807017543857,6712,12000,0.5593333333333333,0,https://www.championat.com/hockey/_superleague/tournament/5077/match/1055165/
Металлург Мг,Нефтехимик,2,4,44,28,0.045454545454545456,0.14285714285714285,27,19,0.5869565217391305,0.41304347826086957,4254,7700,0.5524675324675324,0,https://www.championat.com/hockey/_superleague/tournament/5077/match/1055167/
ЦСКА,Локомотив,1,4,30,32,0.03333333333333333,0.125,26,24,0.52,0.48,5908,12680,0.46593059936908515,0,https://www.championat.com/hockey/_superleague/tournament/5077/match/1055169/
Амур,Автомобилист,2,4,35,35,0.05714285714285714,0.11428571428571428,33,30,0.5238095238095238,0.47619047619047616,4334,7100,0.6104225352112677,0,https://www.championat.com/hockey/_superleague/tournament/5077/match/1055173/
Адмирал,Ак Барс,0,3,31,28,0.0,0.10714285714285714,28,28,0.5,0.5,3501,5915,0.5918850380388841,0,https://www.championat.com/hockey/_superleague/tournament/5077/match/1055171/
Трактор,ХК Сочи,5,0,36,36,0.1388888888888889,0.0,31,25,0.5535714285714286,0.44642857142857145,6910,7500,0.9213333333333333,1,https://www.championat.com/hockey/_superleague/tournament/5077/match/1055175/
Витязь,Куньлунь Ред Стар,5,1,28,25,0.17857142857142858,0.04,31,27,0.5344827586206896,0.46551724137931033,1235,5525,0.2235294117647059,1,https://www.championat.com/hockey/_superleague/tournament/5077/match/1055177/
СКА,Сибирь,1,0,31,27,0.03225806451612903,0.0,34,26,0.5666666666666667,0.43333333333333335,12223,12500,0.97784,1,https://www.championat.com/hockey/_superleague/tournament/5077/match/1055179/
Спартак,Динамо М,2,1,24,38,0.08333333333333333,0.02631578947368421,19,43,0.3064516129032258,0.6935483870967742,4045,12724,0.31790317510216914,1,https://www.championat.com/hockey/_superleague/tournament/5077/match/1055181/
Авангард,Нефтехимик,0,0,32,19,0.0,0.0,42,17,0.711864406779661,0.288135593220339,11503,12011,0.9577054366830405,0,https://www.championat.com/hockey/_superleague/tournament/5077/match/1055183/
Адмирал,Автомобилист,3,1,37,35,0.08108108108108109,0.02857142857142857,32,40,0.4444444444444444,0.5555555555555556,5220,5915,0.8825021132713441,1,https://www.championat.com/hockey/_superleague/tournament/5077/match/1055185/
Амур,Ак Барс,3,4,38,31,0.07894736842105263,0.12903225806451613,39,28,0.582089552238806,0.417910447761194,7100,7100,1.0,0,https://www.championat.com/hockey/_superleague/tournament/5077/match/1055187/
Спартак,Северсталь,1,3,31,27,0.03225806451612903,0.1111111111111111,24,29,0.4528301886792453,0.5471698113207547,4597,12724,0.3612857591952216,0,https://www.championat.com/hockey/_superleague/tournament/5077/match/1055199/
Салават Юлаев,Сибирь,1,2,29,29,0.034482758620689655,0.06896551724137931,32,22,0.5925925925925926,0.4074074074074074,8522,8522,1.0,0,https://www.championat.com/hockey/_superleague/tournament/5077/match/1055191/
Металлург Мг,ХК Сочи,4,2,40,22,0.1,0.09090909090909091,34,18,0.6538461538461539,0.34615384615384615,4620,7700,0.6,1,https://www.championat.com/hockey/_superleague/tournament/5077/match/1055189/
Куньлунь Ред Стар,Барыс,0,0,23,37,0.0,0.0,26,27,0.49056603773584906,0.5094339622641509,1008,7000,0.144,0,https://www.championat.com/hockey/_superleague/tournament/5077/match/1055193/
Локомотив,ЦСКА,0,0,29,30,0.0,0.0,34,24,0.5862068965517241,0.41379310344827586,7447,9071,0.8209679197442399,0,https://www.championat.com/hockey/_superleague/tournament/5077/match/1055195/
Динамо Мн,Торпедо,2,4,41,25,0.04878048780487805,0.16,28,19,0.5957446808510638,0.40425531914893614,15086,15266,0.9882090921000917,0,https://www.championat.com/hockey/_superleague/tournament/5077/match/1055201/
Витязь,Динамо М,3,1,20,46,0.15,0.021739130434782608,28,24,0.5384615384615384,0.46153846153846156,5115,5525,0.92579185520362,1,https://www.championat.com/hockey/_superleague/tournament/5077/match/1055197/
Адмирал,Автомобилист,1,4,31,35,0.03225806451612903,0.11428571428571428,21,41,0.3387096774193548,0.6612903225806451,4017,5915,0.6791208791208792,0,https://www.championat.com/hockey/_superleague/tournament/5077/match/1055203/
Амур,Ак Барс,0,4,39,39,0.0,0.10256410256410256,33,24,0.5789473684210527,0.42105263157894735,7100,7100,1.0,0,https://www.championat.com/hockey/_superleague/tournament/5077/match/1055205/
СКА,Трактор,4,1,26,28,0.15384615384615385,0.03571428571428571,29,34,0.4603174603174603,0.5396825396825397,12402,12500,0.99216,1,https://www.championat.com/hockey/_superleague/tournament/5077/match/1055207/
Авангард,Барыс,4,3,29,21,0.13793103448275862,0.14285714285714285,35,33,0.5147058823529411,0.4852941176470588,11539,12011,0.9607026892015652,1,https://www.championat.com/hockey/_superleague/tournament/5077/match/1055209/
Нефтехимик,ХК Сочи,1,3,62,25,0.016129032258064516,0.12,36,29,0.5538461538461539,0.4461538461538462,2926,6050,0.48363636363636364,0,https://www.championat.com/hockey/_superleague/tournament/5077/match/1055211/
Витязь,Северсталь,2,3,28,23,0.07142857142857142,0.13043478260869565,26,18,0.5909090909090909,0.4090909090909091,1460,5525,0.2642533936651584,0,https://www.championat.com/hockey/_superleague/tournament/5077/match/1055213/
Спартак,Металлург Мг,4,2,31,29,0.12903225806451613,0.06896551724137931,27,32,0.4576271186440678,0.5423728813559322,3528,12724,0.2772712983338573,1,https://www.championat.com/hockey/_superleague/tournament/5077/match/1055215/
ЦСКА,Торпедо,8,3,35,20,0.22857142857142856,0.15,42,22,0.65625,0.34375,6255,12680,0.49329652996845424,1,https://www.championat.com/hockey/_superleague/tournament/5077/match/1055217/
Динамо Мн,Трактор,2,3,48,26,0.041666666666666664,0.11538461538461539,31,25,0.5535714285714286,0.44642857142857145,8690,15266,0.5692388313900171,0,https://www.championat.com/hockey/_superleague/tournament/5077/match/1055221/
СКА,Куньлунь Ред Стар,7,2,38,19,0.18421052631578946,0.10526315789473684,28,24,0.5384615384615384,0.46153846153846156,11917,12500,0.95336,1,https://www.championat.com/hockey/_superleague/tournament/5077/match/1055219/
Сибирь,Барыс,4,2,23,23,0.17391304347826086,0.08695652173913043,24,26,0.48,0.52,6055,6055,1.0,1,https://www.championat.com/hockey/_superleague/tournament/5077/match/1055223/
Авангард,Локомотив,0,0,36,28,0.0,0.0,33,31,0.515625,0.484375,11955,12011,0.995337607193406,0,https://www.championat.com/hockey/_superleague/tournament/5077/match/1055225/
Автомобилист,Салават Юлаев,1,3,34,24,0.029411764705882353,0.125,26,23,0.5306122448979592,0.46938775510204084,5545,5570,0.9955116696588869,0,https://www.championat.com/hockey/_superleague/tournament/5077/match/1055227/
Нефтехимик,Металлург Мг,0,0,42,37,0.0,0.0,28,36,0.4375,0.5625,4214,6050,0.6965289256198347,0,https://www.championat.com/hockey/_superleague/tournament/5077/match/1055229/
Торпедо,Северсталь,2,3,27,30,0.07407407407407407,0.1,29,26,0.5272727272727272,0.4727272727272727,5500,5600,0.9821428571428571,0,https://www.championat.com/hockey/_superleague/tournament/5077/match/1055231/
Динамо М,Витязь,4,1,37,24,0.10810810810810811,0.041666666666666664,35,27,0.5645161290322581,0.43548387096774194,6781,11500,0.5896521739130435,1,https://www.championat.com/hockey/_superleague/tournament/5077/match/1055233/
Спартак,ЦСКА,1,7,38,46,0.02631578947368421,0.15217391304347827,37,38,0.49333333333333335,0.5066666666666667,7112,12724,0.5589437283872996,0,https://www.championat.com/hockey/_superleague/tournament/5077/match/1055235/
Адмирал,Амур,2,0,25,38,0.08,0.0,31,23,0.5740740740740741,0.42592592592592593,5858,5915,0.990363482671175,1,https://www.championat.com/hockey/_superleague/tournament/5077/match/1055237/
ХК Сочи,СКА,0,0,26,56,0.0,0.0,23,45,0.3382352941176471,0.6617647058823529,6036,12000,0.503,0,https://www.championat.com/hockey/_superleague/tournament/5077/match/1055239/
Сибирь,Салават Юлаев,1,3,29,18,0.034482758620689655,0.16666666666666666,32,29,0.5245901639344263,0.47540983606557374,6055,6055,1.0,0,https://www.championat.com/hockey/_superleague/tournament/5077/match/1055241/
Авангард,Торпедо,0,0,26,27,0.0,0.0,37,24,0.6065573770491803,0.39344262295081966,11928,12011,0.9930896678045126,0,https://www.championat.com/hockey/_superleague/tournament/5077/match/1055243/
Автомобилист,Трактор,1,5,23,27,0.043478260869565216,0.18518518518518517,32,27,0.5423728813559322,0.4576271186440678,5545,5570,0.9955116696588869,0,https://www.championat.com/hockey/_superleague/tournament/5077/match/1055247/
Барыс,Локомотив,3,5,23,25,0.13043478260869565,0.2,22,27,0.4489795918367347,0.5510204081632653,7946,12000,0.6621666666666667,0,https://www.championat.com/hockey/_superleague/tournament/5077/match/1055245/
Нефтехимик,Куньлунь Ред Стар,7,0,39,24,0.1794871794871795,0.0,33,30,0.5238095238095238,0.47619047619047616,4746,6050,0.7844628099173554,1,https://www.championat.com/hockey/_superleague/tournament/5077/match/1055251/
ХК Сочи,Северсталь,4,3,21,41,0.19047619047619047,0.07317073170731707,31,27,0.5344827586206896,0.46551724137931033,3977,12000,0.3314166666666667,1,https://www.championat.com/hockey/_superleague/tournament/5077/match/1055253/
Ак Барс,Металлург Мг,3,6,34,29,0.08823529411764706,0.20689655172413793,29,32,0.47540983606557374,0.5245901639344263,8890,8900,0.998876404494382,0,https://www.championat.com/hockey/_superleague/tournament/5077/match/1055249/
ЦСКА,Динамо М,0,0,32,25,0.0,0.0,33,33,0.5,0.5,9412,12680,0.7422712933753943,0,https://www.championat.com/hockey/_superleague/tournament/5077/match/1055255/
Амур,Адмирал,3,2,34,31,0.08823529411764706,0.06451612903225806,30,26,0.5357142857142857,0.4642857142857143,7100,7100,1.0,1,https://www.championat.com/hockey/_superleague/tournament/5077/match/1055257/
Витязь,Динамо Мн,1,2,30,41,0.03333333333333333,0.04878048780487805,17,46,0.2698412698412698,0.7301587301587301,4732,5525,0.8564705882352941,0,https://www.championat.com/hockey/_superleague/tournament/5077/match/1055261/
Сибирь,Автомобилист,0,2,26,29,0.0,0.06896551724137931,15,29,0.3409090909090909,0.6590909090909091,6055,6055,1.0,0,https://www.championat.com/hockey/_superleague/tournament/5077/match/1055263/
Трактор,Торпедо,6,2,24,35,0.25,0.05714285714285714,32,28,0.5333333333333333,0.4666666666666667,6895,7500,0.9193333333333333,1,https://www.championat.com/hockey/_superleague/tournament/5077/match/1055267/
Металлург Мг,Салават Юлаев,1,2,37,38,0.02702702702702703,0.05263157894736842,25,28,0.4716981132075472,0.5283018867924528,7500,7700,0.974025974025974,0,https://www.championat.com/hockey/_superleague/tournament/5077/match/1055265/
Северсталь,ЦСКА,6,4,26,27,0.23076923076923078,0.14814814814814814,28,28,0.5,0.5,5384,6064,0.8878627968337731,1,https://www.championat.com/hockey/_superleague/tournament/5077/match/1055271/
ХК Сочи,Куньлунь Ред Стар,5,3,46,23,0.10869565217391304,0.13043478260869565,30,38,0.4411764705882353,0.5588235294117647,4413,12000,0.36775,1,https://www.championat.com/hockey/_superleague/tournament/5077/match/1055275/
Ак Барс,Авангард,0,0,38,32,0.0,0.0,32,21,0.6037735849056604,0.39622641509433965,8356,8900,0.938876404494382,0,https://www.championat.com/hockey/_superleague/tournament/5077/match/1055269/
Динамо М,Спартак,4,2,33,36,0.12121212121212122,0.05555555555555555,27,27,0.5,0.5,8734,11500,0.7594782608695653,1,https://www.championat.com/hockey/_superleague/tournament/5077/match/1055273/
ЦСКА,Ак Барс,2,5,39,38,0.05128205128205128,0.13157894736842105,34,30,0.53125,0.46875,9756,12680,0.7694006309148265,0,https://www.championat.com/hockey/_superleague/tournament/5383/match/1103551/
Авангард,Сибирь,2,1,35,26,0.05714285714285714,0.038461538461538464,31,20,0.6078431372549019,0.39215686274509803,12003,12011,0.9993339438847723,1,https://www.championat.com/hockey/_superleague/tournament/5383/match/1103553/
Барыс,Салават Юлаев,2,3,28,22,0.07142857142857142,0.13636363636363635,30,27,0.5263157894736842,0.47368421052631576,9054,12000,0.7545,0,https://www.championat.com/hockey/_superleague/tournament/5383/match/1103555/
Спартак,Куньлунь Ред Стар,3,4,44,18,0.06818181818181818,0.2222222222222222,30,30,0.5,0.5,4516,12724,0.3549198365293933,0,https://www.championat.com/hockey/_superleague/tournament/5383/match/1103567/
Автомобилист,Металлург Мг,0,0,20,36,0.0,0.0,31,34,0.47692307692307695,0.5230769230769231,5545,5570,0.9955116696588869,0,https://www.championat.com/hockey/_superleague/tournament/5383/match/1103557/
Лада,Трактор,1,2,32,19,0.03125,0.10526315789473684,33,29,0.532258064516129,0.46774193548387094,5795,6200,0.9346774193548387,0,https://www.championat.com/hockey/_superleague/tournament/5383/match/1103561/
Северсталь,ХК Сочи,6,3,30,30,0.2,0.1,19,29,0.3958333333333333,0.6041666666666666,5221,6064,0.8609828496042217,1,https://www.championat.com/hockey/_superleague/tournament/5383/match/1103563/
Витязь,Амур,2,4,23,41,0.08695652173913043,0.0975609756097561,24,30,0.4444444444444444,0.5555555555555556,3100,5525,0.5610859728506787,0,https://www.championat.com/hockey/_superleague/tournament/5383/match/1103565/
Динамо М,СКА,1,2,27,28,0.037037037037037035,0.07142857142857142,28,33,0.45901639344262296,0.5409836065573771,7831,11500,0.6809565217391305,0,https://www.championat.com/hockey/_superleague/tournament/5383/match/1103569/
Нефтехимик,Динамо Мн,0,0,30,29,0.0,0.0,24,33,0.42105263157894735,0.5789473684210527,3700,6050,0.6115702479338843,0,https://www.championat.com/hockey/_superleague/tournament/5383/match/1103559/
Локомотив,Торпедо,2,5,45,21,0.044444444444444446,0.23809523809523808,35,27,0.5645161290322581,0.43548387096774194,2000,9071,0.22048285745783266,0,https://www.championat.com/hockey/_superleague/tournament/5383/match/1103571/
ЦСКА,Адмирал,4,1,31,30,0.12903225806451613,0.03333333333333333,35,30,0.5384615384615384,0.46153846153846156,4599,12680,0.36269716088328074,1,https://www.championat.com/hockey/_superleague/tournament/5383/match/1103573/
Барыс,Сибирь,0,0,37,26,0.0,0.0,25,26,0.49019607843137253,0.5098039215686274,4650,12000,0.3875,0,https://www.championat.com/hockey/_superleague/tournament/5383/match/1103575/
Автомобилист,Салават Юлаев,2,1,31,25,0.06451612903225806,0.04,21,26,0.44680851063829785,0.5531914893617021,5149,5570,0.9244165170556553,1,https://www.championat.com/hockey/_superleague/tournament/5383/match/1103577/
Лада,СКА,0,3,30,27,0.0,0.1111111111111111,17,32,0.3469387755102041,0.6530612244897959,5547,6200,0.8946774193548387,0,https://www.championat.com/hockey/_superleague/tournament/5383/match/1103579/
Витязь,Динамо Мн,0,7,26,29,0.0,0.2413793103448276,28,35,0.4444444444444444,0.5555555555555556,1251,5525,0.22642533936651585,0,https://www.championat.com/hockey/_superleague/tournament/5383/match/1103583/
Ак Барс,Трактор,5,3,30,27,0.16666666666666666,0.1111111111111111,25,19,0.5681818181818182,0.4318181818181818,7746,8900,0.8703370786516854,1,https://www.championat.com/hockey/_superleague/tournament/5383/match/1103581/
Динамо М,Амур,3,1,41,29,0.07317073170731707,0.034482758620689655,36,28,0.5625,0.4375,3143,11500,0.273304347826087,1,https://www.championat.com/hockey/_superleague/tournament/5383/match/1103585/
Спартак,Северсталь,6,4,30,28,0.2,0.14285714285714285,28,37,0.4307692307692308,0.5692307692307692,2523,12724,0.19828670229487583,1,https://www.championat.com/hockey/_superleague/tournament/5383/match/1103587/
Куньлунь Ред Стар,ХК Сочи,3,0,36,29,0.08333333333333333,0.0,33,28,0.5409836065573771,0.45901639344262296,937,7000,0.13385714285714287,1,https://www.championat.com/hockey/_superleague/tournament/5383/match/1103589/
ЦСКА,Металлург Мг,2,4,24,24,0.08333333333333333,0.16666666666666666,28,26,0.5185185185185185,0.48148148148148145,5220,12680,0.4116719242902208,0,https://www.championat.com/hockey/_superleague/tournament/5383/match/1103591/
Лада,Салават Юлаев,2,5,16,21,0.125,0.23809523809523808,27,20,0.574468085106383,0.425531914893617,5119,6200,0.8256451612903226,0,https://www.championat.com/hockey/_superleague/tournament/5383/match/1103595/
Нефтехимик,Северсталь,3,5,33,31,0.09090909090909091,0.16129032258064516,25,21,0.5434782608695652,0.45652173913043476,2717,6050,0.4490909090909091,0,https://www.championat.com/hockey/_superleague/tournament/5383/match/1103593/
Ак Барс,ХК Сочи,1,3,31,24,0.03225806451612903,0.125,42,26,0.6176470588235294,0.38235294117647056,6245,8900,0.7016853932584269,0,https://www.championat.com/hockey/_superleague/tournament/5383/match/1103597/
Локомотив,Трактор,0,0,35,45,0.0,0.0,35,21,0.625,0.375,5500,9071,0.6063278580090398,0,https://www.championat.com/hockey/_superleague/tournament/5383/match/1103601/
Витязь,Адмирал,2,1,33,37,0.06060606060606061,0.02702702702702703,31,19,0.62,0.38,2078,5525,0.37610859728506785,1,https://www.championat.com/hockey/_superleague/tournament/5383/match/1103603/
Торпедо,СКА,4,3,39,32,0.10256410256410256,0.09375,29,40,0.42028985507246375,0.5797101449275363,5500,5600,0.9821428571428571,1,https://www.championat.com/hockey/_superleague/tournament/5383/match/1103599/
Спартак,Амур,5,3,24,40,0.20833333333333334,0.075,32,28,0.5333333333333333,0.4666666666666667,2876,12724,0.2260295504558315,1,https://www.championat.com/hockey/_superleague/tournament/5383/match/1103605/
Куньлунь Ред Стар,Динамо Мн,4,3,18,29,0.2222222222222222,0.10344827586206896,21,33,0.3888888888888889,0.6111111111111112,539,7000,0.077,1,https://www.championat.com/hockey/_superleague/tournament/5383/match/1103607/
Сибирь,Барыс,0,0,26,34,0.0,0.0,30,30,0.5,0.5,10418,10587,0.9840370265419854,0,https://www.championat.com/hockey/_superleague/tournament/5383/match/1103609/
Авангард,Автомобилист,0,0,29,23,0.0,0.0,27,24,0.5294117647058824,0.47058823529411764,11574,12011,0.9636166847056864,0,https://www.championat.com/hockey/_superleague/tournament/5383/match/1103611/
Динамо М,Металлург Мг,3,5,33,30,0.09090909090909091,0.16666666666666666,43,29,0.5972222222222222,0.4027777777777778,5741,11500,0.49921739130434784,0,https://www.championat.com/hockey/_superleague/tournament/5383/match/1103613/
Нефтехимик,ЦСКА,1,5,13,46,0.07692307692307693,0.10869565217391304,30,31,0.4918032786885246,0.5081967213114754,3799,6050,0.6279338842975206,0,https://www.championat.com/hockey/_superleague/tournament/5383/match/1103615/
Ак Барс,Куньлунь Ред Стар,5,1,44,19,0.11363636363636363,0.05263157894736842,37,28,0.5692307692307692,0.4307692307692308,7002,8900,0.7867415730337078,1,https://www.championat.com/hockey/_superleague/tournament/5383/match/1103617/
Торпедо,Динамо Мн,6,4,34,21,0.17647058823529413,0.19047619047619047,32,36,0.47058823529411764,0.5294117647058824,5500,5600,0.9821428571428571,1,https://www.championat.com/hockey/_superleague/tournament/5383/match/1103619/
Локомотив,СКА,3,2,34,28,0.08823529411764706,0.07142857142857142,29,21,0.58,0.42,6188,9071,0.6821739609745342,1,https://www.championat.com/hockey/_superleague/tournament/5383/match/1103621/
Витязь,Трактор,2,3,31,34,0.06451612903225806,0.08823529411764706,37,20,0.6491228070175439,0.3508771929824561,2113,5525,0.38244343891402716,0,https://www.championat.com/hockey/_superleague/tournament/5383/match/1103623/
Спартак,Адмирал,2,6,32,28,0.0625,0.21428571428571427,29,27,0.5178571428571429,0.48214285714285715,3517,12724,0.2764067903175102,0,https://www.championat.com/hockey/_superleague/tournament/5383/match/1103625/
Динамо М,ХК Сочи,4,0,46,26,0.08695652173913043,0.0,29,25,0.5370370370370371,0.46296296296296297,3512,11500,0.3053913043478261,1,https://www.championat.com/hockey/_superleague/tournament/5383/match/1103635/
Сибирь,Автомобилист,1,6,33,24,0.030303030303030304,0.25,24,27,0.47058823529411764,0.5294117647058824,10190,10587,0.9625011806933031,0,https://www.championat.com/hockey/_superleague/tournament/5383/match/1103627/
Авангард,Барыс,4,1,39,14,0.10256410256410256,0.07142857142857142,40,26,0.6060606060606061,0.3939393939393939,11605,12011,0.9661976521521938,1,https://www.championat.com/hockey/_superleague/tournament/5383/match/1103629/
Лада,Амур,5,1,29,34,0.1724137931034483,0.029411764705882353,26,40,0.3939393939393939,0.6060606060606061,5374,6200,0.8667741935483871,1,https://www.championat.com/hockey/_superleague/tournament/5383/match/1103631/
Витязь,Металлург Мг,3,4,26,32,0.11538461538461539,0.125,29,34,0.4603174603174603,0.5396825396825397,2642,5525,0.47819004524886877,0,https://www.championat.com/hockey/_superleague/tournament/5383/match/1103633/
Куньлунь Ред Стар,ЦСКА,0,0,20,50,0.0,0.0,26,34,0.43333333333333335,0.5666666666666667,2315,7000,0.33071428571428574,0,https://www.championat.com/hockey/_superleague/tournament/5383/match/1103637/
Авангард,Амур,1,5,36,26,0.027777777777777776,0.19230769230769232,24,29,0.4528301886792453,0.5471698113207547,10455,12011,0.8704520855882109,0,https://www.championat.com/hockey/_superleague/tournament/5383/match/1103639/
Салават Юлаев,Металлург Мг,1,2,21,27,0.047619047619047616,0.07407407407407407,38,21,0.6440677966101694,0.3559322033898305,8108,8522,0.9514198544942502,0,https://www.championat.com/hockey/_superleague/tournament/5383/match/1103641/
Нефтехимик,Автомобилист,1,0,20,32,0.05,0.0,26,31,0.45614035087719296,0.543859649122807,2725,6050,0.45041322314049587,1,https://www.championat.com/hockey/_superleague/tournament/5383/match/1103643/
Локомотив,ХК Сочи,0,5,41,31,0.0,0.16129032258064516,40,24,0.625,0.375,5697,9071,0.6280454194686363,0,https://www.championat.com/hockey/_superleague/tournament/5383/match/1103645/
Динамо М,Барыс,0,0,42,19,0.0,0.0,41,25,0.6212121212121212,0.3787878787878788,3407,11500,0.2962608695652174,0,https://www.championat.com/hockey/_superleague/tournament/5383/match/1103647/
Трактор,Лада,1,3,32,29,0.03125,0.10344827586206896,35,26,0.5737704918032787,0.4262295081967213,7350,7500,0.98,0,https://www.championat.com/hockey/_superleague/tournament/5383/match/1103649/
Ак Барс,Динамо Мн,0,0,21,31,0.0,0.0,35,28,0.5555555555555556,0.4444444444444444,7237,8900,0.8131460674157304,0,https://www.championat.com/hockey/_superleague/tournament/5383/match/1103651/
Локомотив,Куньлунь Ред Стар,2,1,43,23,0.046511627906976744,0.043478260869565216,33,18,0.6470588235294118,0.35294117647058826,2000,9071,0.22048285745783266,1,https://www.championat.com/hockey/_superleague/tournament/5383/match/1103655/
Торпедо,Адмирал,3,1,40,27,0.075,0.037037037037037035,31,30,0.5081967213114754,0.4918032786885246,5500,5600,0.9821428571428571,1,https://www.championat.com/hockey/_superleague/tournament/5383/match/1103653/
СКА,Спартак,0,3,28,35,0.0,0.08571428571428572,32,27,0.5423728813559322,0.4576271186440678,12096,12500,0.96768,0,https://www.championat.com/hockey/_superleague/tournament/5383/match/1103657/
Сибирь,Амур,1,2,31,35,0.03225806451612903,0.05714285714285714,34,32,0.5151515151515151,0.48484848484848486,9101,10587,0.8596391801265704,0,https://www.championat.com/hockey/_superleague/tournament/5383/match/1103659/
Северсталь,ХК Сочи,0,0,42,26,0.0,0.0,37,34,0.5211267605633803,0.4788732394366197,4002,6064,0.6599604221635884,0,https://www.championat.com/hockey/_superleague/tournament/5383/match/1103661/
ЦСКА,Динамо М,1,4,30,30,0.03333333333333333,0.13333333333333333,27,36,0.42857142857142855,0.5714285714285714,5977,12680,0.4713722397476341,0,https://www.championat.com/hockey/_superleague/tournament/5383/match/1103663/
Авангард,Адмирал,0,0,29,25,0.0,0.0,33,20,0.6226415094339622,0.37735849056603776,10315,12011,0.8587961035717259,0,https://www.championat.com/hockey/_superleague/tournament/5383/match/1103665/
Трактор,Динамо Мн,3,2,24,35,0.125,0.05714285714285714,24,28,0.46153846153846156,0.5384615384615384,6756,7500,0.9008,1,https://www.championat.com/hockey/_superleague/tournament/5383/match/1103667/
Автомобилист,Нефтехимик,4,2,25,16,0.16,0.125,22,29,0.43137254901960786,0.5686274509803921,4751,5570,0.8529622980251347,1,https://www.championat.com/hockey/_superleague/tournament/5383/match/1103669/
Металлург Мг,Лада,0,0,35,19,0.0,0.0,25,31,0.44642857142857145,0.5535714285714286,5454,7700,0.7083116883116883,0,https://www.championat.com/hockey/_superleague/tournament/5383/match/1103671/
Салават Юлаев,Ак Барс,3,2,21,27,0.14285714285714285,0.07407407407407407,28,20,0.5833333333333334,0.4166666666666667,8522,8522,1.0,1,https://www.championat.com/hockey/_superleague/tournament/5383/match/1103673/
Торпедо,Куньлунь Ред Стар,5,2,50,17,0.1,0.11764705882352941,34,27,0.5573770491803278,0.4426229508196721,5500,5600,0.9821428571428571,1,https://www.championat.com/hockey/_superleague/tournament/5383/match/1103675/
Витязь,Спартак,1,4,11,35,0.09090909090909091,0.11428571428571428,19,26,0.4222222222222222,0.5777777777777777,3179,5525,0.5753846153846154,0,https://www.championat.com/hockey/_superleague/tournament/5383/match/1103677/
СКА,Динамо М,1,3,38,29,0.02631578947368421,0.10344827586206896,29,40,0.42028985507246375,0.5797101449275363,12006,12500,0.96048,0,https://www.championat.com/hockey/_superleague/tournament/5383/match/1103681/
ХК Сочи,Сибирь,4,2,35,37,0.11428571428571428,0.05405405405405406,28,37,0.4307692307692308,0.5692307692307692,6512,12000,0.5426666666666666,1,https://www.championat.com/hockey/_superleague/tournament/5383/match/1103679/
Авангард,Нефтехимик,5,1,33,34,0.15151515151515152,0.029411764705882353,30,31,0.4918032786885246,0.5081967213114754,11324,12011,0.9428024311048205,1,https://www.championat.com/hockey/_superleague/tournament/5383/match/1103683/
Барыс,Адмирал,4,3,30,35,0.13333333333333333,0.08571428571428572,28,25,0.5283018867924528,0.4716981132075472,7249,12000,0.6040833333333333,1,https://www.championat.com/hockey/_superleague/tournament/5383/match/1103685/
Витязь,Северсталь,0,3,20,25,0.0,0.12,26,32,0.4482758620689655,0.5517241379310345,2134,5525,0.3862443438914027,0,https://www.championat.com/hockey/_superleague/tournament/5383/match/1103693/
Трактор,Автомобилист,2,1,26,31,0.07692307692307693,0.03225806451612903,28,29,0.49122807017543857,0.5087719298245614,7500,7500,1.0,1,https://www.championat.com/hockey/_superleague/tournament/5383/match/1103687/
Металлург Мг,Лада,1,3,40,19,0.025,0.15789473684210525,30,24,0.5555555555555556,0.4444444444444444,5428,7700,0.704935064935065,0,https://www.championat.com/hockey/_superleague/tournament/5383/match/1103689/
Куньлунь Ред Стар,Локомотив,0,4,21,35,0.0,0.11428571428571428,22,23,0.4888888888888889,0.5111111111111111,874,7000,0.12485714285714286,0,https://www.championat.com/hockey/_superleague/tournament/5383/match/1103697/
Ак Барс,Торпедо,4,3,25,15,0.16,0.2,34,25,0.576271186440678,0.423728813559322,8890,8900,0.998876404494382,1,https://www.championat.com/hockey/_superleague/tournament/5383/match/1103691/
ЦСКА,Спартак,0,0,46,19,0.0,0.0,41,18,0.6949152542372882,0.3050847457627119,8726,12680,0.6881703470031546,0,https://www.championat.com/hockey/_superleague/tournament/5383/match/1103695/
СКА,Сибирь,1,2,44,20,0.022727272727272728,0.1,24,34,0.41379310344827586,0.5862068965517241,11846,12500,0.94768,0,https://www.championat.com/hockey/_superleague/tournament/5383/match/1103699/
Барыс,Нефтехимик,8,0,27,31,0.2962962962962963,0.0,31,22,0.5849056603773585,0.41509433962264153,5107,12000,0.4255833333333333,1,https://www.championat.com/hockey/_superleague/tournament/5383/match/1103701/
Трактор,Лада,1,2,37,15,0.02702702702702703,0.13333333333333333,32,25,0.5614035087719298,0.43859649122807015,6054,7500,0.8072,0,https://www.championat.com/hockey/_superleague/tournament/5383/match/1103703/
Металлург Мг,Автомобилист,4,2,25,32,0.16,0.0625,37,21,0.6379310344827587,0.3620689655172414,4737,7700,0.6151948051948052,1,https://www.championat.com/hockey/_superleague/tournament/5383/match/1103705/
Салават Юлаев,Торпедо,0,0,22,36,0.0,0.0,32,21,0.6037735849056604,0.39622641509433965,6412,8522,0.752405538605961,0,https://www.championat.com/hockey/_superleague/tournament/5383/match/1103707/
ЦСКА,Локомотив,1,2,35,32,0.02857142857142857,0.0625,35,24,0.5932203389830508,0.4067796610169492,4894,12680,0.3859621451104101,0,https://www.championat.com/hockey/_superleague/tournament/5383/match/1103715/
Ак Барс,Витязь,0,0,39,23,0.0,0.0,47,17,0.734375,0.265625,5889,8900,0.661685393258427,0,https://www.championat.com/hockey/_superleague/tournament/5383/match/1103709/
ХК Сочи,Северсталь,5,3,19,35,0.2631578947368421,0.08571428571428572,29,29,0.5,0.5,4045,12000,0.33708333333333335,1,https://www.championat.com/hockey/_superleague/tournament/5383/match/1103711/
Динамо М,Спартак,6,3,44,29,0.13636363636363635,0.10344827586206896,37,20,0.6491228070175439,0.3508771929824561,7120,11500,0.6191304347826087,1,https://www.championat.com/hockey/_superleague/tournament/5383/match/1103713/
Амур,Куньлунь Ред Стар,1,2,57,30,0.017543859649122806,0.06666666666666667,36,31,0.5373134328358209,0.4626865671641791,7100,7100,1.0,0,https://www.championat.com/hockey/_superleague/tournament/5383/match/1103717/
Металлург Мг,Автомобилист,2,1,35,26,0.05714285714285714,0.038461538461538464,24,21,0.5333333333333333,0.4666666666666667,5314,7700,0.6901298701298701,1,https://www.championat.com/hockey/_superleague/tournament/5383/match/1103719/
Салават Юлаев,Нефтехимик,4,2,21,35,0.19047619047619047,0.05714285714285714,26,38,0.40625,0.59375,5436,8522,0.637878432292889,1,https://www.championat.com/hockey/_superleague/tournament/5383/match/1103721/
Динамо Мн,Локомотив,1,4,43,21,0.023255813953488372,0.19047619047619047,31,26,0.543859649122807,0.45614035087719296,15086,15266,0.9882090921000917,0,https://www.championat.com/hockey/_superleague/tournament/5383/match/1103727/
Торпедо,Витязь,3,1,42,23,0.07142857142857142,0.043478260869565216,25,24,0.5102040816326531,0.4897959183673469,5500,5600,0.9821428571428571,1,https://www.championat.com/hockey/_superleague/tournament/5383/match/1103723/
СКА,Северсталь,4,1,33,23,0.12121212121212122,0.043478260869565216,32,26,0.5517241379310345,0.4482758620689655,11781,12500,0.94248,1,https://www.championat.com/hockey/_superleague/tournament/5383/match/1103725/
Амур,Динамо М,0,0,30,33,0.0,0.0,25,33,0.43103448275862066,0.5689655172413793,7100,7100,1.0,0,https://www.championat.com/hockey/_superleague/tournament/5383/match/1103729/
Адмирал,Куньлунь Ред Стар,3,1,44,22,0.06818181818181818,0.045454545454545456,21,36,0.3684210526315789,0.631578947368421,5784,5915,0.9778529163144548,1,https://www.championat.com/hockey/_superleague/tournament/5383/match/1103731/
Сибирь,Авангард,4,3,20,31,0.2,0.0967741935483871,28,30,0.4827586206896552,0.5172413793103449,10378,10587,0.9802588079720412,1,https://www.championat.com/hockey/_superleague/tournament/5383/match/1103733/
Лада,ЦСКА,3,1,25,27,0.12,0.037037037037037035,29,29,0.5,0.5,5877,6200,0.9479032258064516,1,https://www.championat.com/hockey/_superleague/tournament/5383/match/1103735/
ХК Сочи,Трактор,4,3,20,33,0.2,0.09090909090909091,42,28,0.6,0.4,6330,12000,0.5275,1,https://www.championat.com/hockey/_superleague/tournament/5383/match/1103737/
Спартак,Барыс,6,3,42,36,0.14285714285714285,0.08333333333333333,26,39,0.4,0.6,3308,12724,0.2599811380069161,1,https://www.championat.com/hockey/_superleague/tournament/5383/match/1103739/
Салават Юлаев,Автомобилист,0,1,29,26,0.0,0.038461538461538464,29,27,0.5178571428571429,0.48214285714285715,6332,8522,0.7430180708753814,0,https://www.championat.com/hockey/_superleague/tournament/5383/match/1103741/
Динамо Мн,Витязь,3,2,38,18,0.07894736842105263,0.1111111111111111,29,29,0.5,0.5,10916,15266,0.7150530590855496,1,https://www.championat.com/hockey/_superleague/tournament/5383/match/1103743/
Амур,СКА,0,4,39,34,0.0,0.11764705882352941,20,38,0.3448275862068966,0.6551724137931034,7100,7100,1.0,0,https://www.championat.com/hockey/_superleague/tournament/5383/match/1103745/
Адмирал,Динамо М,4,5,30,42,0.13333333333333333,0.11904761904761904,23,39,0.3709677419354839,0.6290322580645161,5670,5915,0.9585798816568047,0,https://www.championat.com/hockey/_superleague/tournament/5383/match/1103747/
Сибирь,Барыс,4,2,24,23,0.16666666666666666,0.08695652173913043,23,35,0.39655172413793105,0.603448275862069,10413,10587,0.9835647492207424,1,https://www.championat.com/hockey/_superleague/tournament/5383/match/1103749/
Спартак,Трактор,0,0,35,37,0.0,0.0,25,29,0.46296296296296297,0.5370370370370371,5063,12724,0.3979094624331971,0,https://www.championat.com/hockey/_superleague/tournament/5383/match/1103759/
Лада,Куньлунь Ред Стар,5,1,42,25,0.11904761904761904,0.04,28,31,0.4745762711864407,0.5254237288135594,5293,6200,0.8537096774193549,1,https://www.championat.com/hockey/_superleague/tournament/5383/match/1103753/
Нефтехимик,Авангард,0,0,33,26,0.0,0.0,27,26,0.5094339622641509,0.49056603773584906,3354,6050,0.5543801652892562,0,https://www.championat.com/hockey/_superleague/tournament/5383/match/1103751/
Локомотив,ЦСКА,1,2,33,30,0.030303030303030304,0.06666666666666667,48,14,0.7741935483870968,0.22580645161290322,2000,9071,0.22048285745783266,0,https://www.championat.com/hockey/_superleague/tournament/5383/match/1103755/
Северсталь,Металлург Мг,5,4,27,40,0.18518518518518517,0.1,26,37,0.4126984126984127,0.5873015873015873,5372,6064,0.8858839050131926,1,https://www.championat.com/hockey/_superleague/tournament/5383/match/1103757/
Ак Барс,Салават Юлаев,4,2,27,26,0.14814814814814814,0.07692307692307693,32,23,0.5818181818181818,0.41818181818181815,8890,8900,0.998876404494382,1,https://www.championat.com/hockey/_superleague/tournament/5383/match/1103761/
Динамо Мн,Торпедо,3,4,32,19,0.09375,0.21052631578947367,30,26,0.5357142857142857,0.4642857142857143,13158,15266,0.8619153674832962,0,https://www.championat.com/hockey/_superleague/tournament/5383/match/1103763/
Адмирал,СКА,1,2,26,42,0.038461538461538464,0.047619047619047616,21,46,0.31343283582089554,0.6865671641791045,5819,5915,0.9837700760777683,0,https://www.championat.com/hockey/_superleague/tournament/5383/match/1103765/
Сибирь,Динамо М,3,2,19,43,0.15789473684210525,0.046511627906976744,29,20,0.5918367346938775,0.40816326530612246,10317,10587,0.9744970246528761,1,https://www.championat.com/hockey/_superleague/tournament/5383/match/1103767/
Автомобилист,Авангард,5,1,33,26,0.15151515151515152,0.038461538461538464,33,22,0.6,0.4,5545,5570,0.9955116696588869,1,https://www.championat.com/hockey/_superleague/tournament/5383/match/1103769/
Лада,Трактор,0,0,26,26,0.0,0.0,29,17,0.6304347826086957,0.3695652173913043,5378,6200,0.8674193548387097,0,https://www.championat.com/hockey/_superleague/tournament/5383/match/1103773/
Нефтехимик,Барыс,0,0,33,38,0.0,0.0,36,39,0.48,0.52,2493,6050,0.41206611570247936,0,https://www.championat.com/hockey/_superleague/tournament/5383/match/1103771/
Локомотив,Металлург Мг,4,1,19,17,0.21052631578947367,0.058823529411764705,20,23,0.46511627906976744,0.5348837209302325,2000,9071,0.22048285745783266,1,https://www.championat.com/hockey/_superleague/tournament/5383/match/1103775/
Витязь,Торпедо,1,4,27,45,0.037037037037037035,0.08888888888888889,18,23,0.43902439024390244,0.5609756097560976,2756,5525,0.4988235294117647,0,https://www.championat.com/hockey/_superleague/tournament/5383/match/1103777/
Динамо Мн,Ак Барс,3,2,29,23,0.10344827586206896,0.08695652173913043,26,31,0.45614035087719296,0.543859649122807,10023,15266,0.6565570548932268,1,https://www.championat.com/hockey/_superleague/tournament/5383/match/1103783/
ЦСКА,Северсталь,1,2,23,15,0.043478260869565216,0.13333333333333333,21,24,0.4666666666666667,0.5333333333333333,3799,12680,0.2996056782334385,0,https://www.championat.com/hockey/_superleague/tournament/5383/match/1103779/
Спартак,ХК Сочи,2,3,44,29,0.045454545454545456,0.10344827586206896,35,27,0.5645161290322581,0.43548387096774194,3190,12724,0.2507073247406476,0,https://www.championat.com/hockey/_superleague/tournament/5383/match/1103781/
Сибирь,СКА,0,3,20,36,0.0,0.08333333333333333,22,27,0.4489795918367347,0.5510204081632653,10489,10587,0.9907433645036365,0,https://www.championat.com/hockey/_superleague/tournament/5383/match/1103785/
Салават Юлаев,Трактор,5,3,25,30,0.2,0.1,26,29,0.4727272727272727,0.5272727272727272,5541,8522,0.6501994836892748,1,https://www.championat.com/hockey/_superleague/tournament/5383/match/1103787/
Нефтехимик,Амур,3,2,26,33,0.11538461538461539,0.06060606060606061,36,29,0.5538461538461539,0.4461538461538462,2597,6050,0.42925619834710743,1,https://www.championat.com/hockey/_superleague/tournament/5383/match/1103789/
Локомотив,Автомобилист,3,1,34,30,0.08823529411764706,0.03333333333333333,34,21,0.6181818181818182,0.38181818181818183,5895,9071,0.6498732223569618,1,https://www.championat.com/hockey/_superleague/tournament/5383/match/1103791/
Куньлунь Ред Стар,Металлург Мг,3,2,21,33,0.14285714285714285,0.06060606060606061,29,26,0.5272727272727272,0.4727272727272727,805,7000,0.115,1,https://www.championat.com/hockey/_superleague/tournament/5383/match/1103793/
Барыс,Адмирал,2,3,42,27,0.047619047619047616,0.1111111111111111,40,28,0.5882352941176471,0.4117647058823529,6321,12000,0.52675,0,https://www.championat.com/hockey/_superleague/tournament/5383/match/1103795/
Торпедо,Ак Барс,0,0,28,32,0.0,0.0,29,32,0.47540983606557374,0.5245901639344263,5500,5600,0.9821428571428571,0,https://www.championat.com/hockey/_superleague/tournament/5383/match/1103797/
Северсталь,Спартак,3,5,33,35,0.09090909090909091,0.14285714285714285,32,34,0.48484848484848486,0.5151515151515151,3827,6064,0.6311015831134564,0,https://www.championat.com/hockey/_superleague/tournament/5383/match/1103799/
Витязь,Лада,0,0,35,34,0.0,0.0,33,26,0.559322033898305,0.4406779661016949,1323,5525,0.23945701357466062,0,https://www.championat.com/hockey/_superleague/tournament/5383/match/1103801/
ЦСКА,ХК Сочи,7,1,36,18,0.19444444444444445,0.05555555555555555,28,32,0.4666666666666667,0.5333333333333333,3590,12680,0.2831230283911672,1,https://www.championat.com/hockey/_superleague/tournament/5383/match/1103803/
Салават Юлаев,Металлург Мг,0,1,28,32,0.0,0.03125,22,30,0.4230769230769231,0.5769230769230769,7356,8522,0.8631776578268012,0,https://www.championat.com/hockey/_superleague/tournament/5383/match/1103805/
Динамо М,Авангард,6,0,31,28,0.1935483870967742,0.0,42,19,0.6885245901639344,0.3114754098360656,9022,11500,0.7845217391304348,1,https://www.championat.com/hockey/_superleague/tournament/5383/match/1103809/
Куньлунь Ред Стар,Амур,0,2,35,40,0.0,0.05,32,32,0.5,0.5,649,7000,0.09271428571428571,0,https://www.championat.com/hockey/_superleague/tournament/5383/match/1103807/
Барыс,Сибирь,1,2,38,24,0.02631578947368421,0.08333333333333333,37,27,0.578125,0.421875,7745,12000,0.6454166666666666,0,https://www.championat.com/hockey/_superleague/tournament/5383/match/1103811/
Автомобилист,Адмирал,3,1,46,25,0.06521739130434782,0.04,37,20,0.6491228070175439,0.3508771929824561,5545,5570,0.9955116696588869,1,https://www.championat.com/hockey/_superleague/tournament/5383/match/1103815/
Трактор,Спартак,0,0,40,38,0.0,0.0,46,22,0.6764705882352942,0.3235294117647059,7500,7500,1.0,0,https://www.championat.com/hockey/_superleague/tournament/5383/match/1104751/
Торпедо,ХК Сочи,2,5,40,34,0.05,0.14705882352941177,36,33,0.5217391304347826,0.4782608695652174,5500,5600,0.9821428571428571,0,https://www.championat.com/hockey/_superleague/tournament/5383/match/1103817/
Северсталь,Локомотив,0,5,19,31,0.0,0.16129032258064516,27,38,0.4153846153846154,0.5846153846153846,5402,6064,0.8908311345646438,0,https://www.championat.com/hockey/_superleague/tournament/5383/match/1103819/
Динамо Мн,Лада,0,0,39,16,0.0,0.0,36,16,0.6923076923076923,0.3076923076923077,14814,15266,0.9703917201624525,0,https://www.championat.com/hockey/_superleague/tournament/5383/match/1103821/
Куньлунь Ред Стар,Авангард,0,0,22,33,0.0,0.0,25,25,0.5,0.5,1572,7000,0.22457142857142856,0,https://www.championat.com/hockey/_superleague/tournament/5383/match/1103825/
Ак Барс,Амур,5,1,23,31,0.21739130434782608,0.03225806451612903,33,25,0.5689655172413793,0.43103448275862066,7282,8900,0.8182022471910112,1,https://www.championat.com/hockey/_superleague/tournament/5383/match/1103823/
Трактор,Сибирь,0,0,22,27,0.0,0.0,29,26,0.5272727272727272,0.4727272727272727,6560,7500,0.8746666666666667,0,https://www.championat.com/hockey/_superleague/tournament/5383/match/1103827/
Металлург Мг,Нефтехимик,8,3,39,16,0.20512820512820512,0.1875,29,41,0.4142857142857143,0.5857142857142857,4674,7700,0.607012987012987,1,https://www.championat.com/hockey/_superleague/tournament/5383/match/1103829/
Лада,Салават Юлаев,3,2,32,29,0.09375,0.06896551724137931,24,24,0.5,0.5,5188,6200,0.8367741935483871,1,https://www.championat.com/hockey/_superleague/tournament/5383/match/1103831/
Динамо Мн,Барыс,3,0,36,21,0.08333333333333333,0.0,41,20,0.6721311475409836,0.32786885245901637,6878,15266,0.45054369186427357,1,https://www.championat.com/hockey/_superleague/tournament/5383/match/1103841/
ХК Сочи,СКА,5,4,24,54,0.20833333333333334,0.07407407407407407,21,32,0.39622641509433965,0.6037735849056604,6595,12000,0.5495833333333333,1,https://www.championat.com/hockey/_superleague/tournament/5383/match/1103833/
Куньлунь Ред Стар,Динамо М,2,3,20,42,0.1,0.07142857142857142,25,23,0.5208333333333334,0.4791666666666667,873,7000,0.12471428571428571,0,https://www.championat.com/hockey/_superleague/tournament/5383/match/1103835/
Спартак,Локомотив,2,4,27,33,0.07407407407407407,0.12121212121212122,22,34,0.39285714285714285,0.6071428571428571,4211,12396,0.33970635688931916,0,https://www.championat.com/hockey/_superleague/tournament/5383/match/1103837/
ЦСКА,Витязь,9,1,44,22,0.20454545454545456,0.045454545454545456,39,22,0.639344262295082,0.36065573770491804,2799,12680,0.22074132492113566,1,https://www.championat.com/hockey/_superleague/tournament/5383/match/1103839/
Автомобилист,Амур,2,1,34,24,0.058823529411764705,0.041666666666666664,30,28,0.5172413793103449,0.4827586206896552,5300,5570,0.9515260323159784,1,https://www.championat.com/hockey/_superleague/tournament/5383/match/1103843/
Ак Барс,Северсталь,1,4,28,27,0.03571428571428571,0.14814814814814814,30,20,0.6,0.4,6775,8900,0.7612359550561798,0,https://www.championat.com/hockey/_superleague/tournament/5383/match/1103845/
Торпедо,Авангард,0,1,28,18,0.0,0.05555555555555555,23,22,0.5111111111111111,0.4888888888888889,5500,5600,0.9821428571428571,0,https://www.championat.com/hockey/_superleague/tournament/5383/match/1103847/
Трактор,Салават Юлаев,0,4,23,25,0.0,0.16,24,26,0.48,0.52,7500,7500,1.0,0,https://www.championat.com/hockey/_superleague/tournament/5383/match/1103849/
Металлург Мг,Нефтехимик,3,1,35,23,0.08571428571428572,0.043478260869565216,28,25,0.5283018867924528,0.4716981132075472,4660,7700,0.6051948051948052,1,https://www.championat.com/hockey/_superleague/tournament/5383/match/1103851/
Витязь,Куньлунь Ред Стар,2,1,24,26,0.08333333333333333,0.038461538461538464,18,33,0.35294117647058826,0.6470588235294118,1117,5525,0.20217194570135746,1,https://www.championat.com/hockey/_superleague/tournament/5383/match/1103853/
Динамо Мн,СКА,4,2,28,47,0.14285714285714285,0.0425531914893617,38,36,0.5135135135135135,0.4864864864864865,12319,15266,0.8069566356609459,1,https://www.championat.com/hockey/_superleague/tournament/5383/match/1103861/
Спартак,Сибирь,5,2,35,25,0.14285714285714285,0.08,30,27,0.5263157894736842,0.47368421052631576,3216,12724,0.25275070732474064,1,https://www.championat.com/hockey/_superleague/tournament/5383/match/1103855/
ЦСКА,Барыс,4,0,33,20,0.12121212121212122,0.0,22,36,0.3793103448275862,0.6206896551724138,2828,12680,0.22302839116719242,1,https://www.championat.com/hockey/_superleague/tournament/5383/match/1103859/
Динамо М,Локомотив,2,5,32,25,0.0625,0.2,23,29,0.4423076923076923,0.5576923076923077,6071,11500,0.5279130434782608,0,https://www.championat.com/hockey/_superleague/tournament/5383/match/1103857/
Адмирал,Лада,0,0,28,33,0.0,0.0,36,29,0.5538461538461539,0.4461538461538462,3514,5915,0.5940828402366863,0,https://www.championat.com/hockey/_superleague/tournament/5383/match/1103863/
Ак Барс,Авангард,0,0,36,36,0.0,0.0,44,28,0.6111111111111112,0.3888888888888889,7713,8900,0.866629213483146,0,https://www.championat.com/hockey/_superleague/tournament/5383/match/1103865/
ХК Сочи,Северсталь,4,3,28,39,0.14285714285714285,0.07692307692307693,28,30,0.4827586206896552,0.5172413793103449,4475,12000,0.3729166666666667,1,https://www.championat.com/hockey/_superleague/tournament/5383/match/1103867/
Куньлунь Ред Стар,Торпедо,2,4,28,35,0.07142857142857142,0.11428571428571428,34,19,0.6415094339622641,0.3584905660377358,753,7000,0.10757142857142857,0,https://www.championat.com/hockey/_superleague/tournament/5383/match/1103869/
Адмирал,Лада,3,2,29,37,0.10344827586206896,0.05405405405405406,32,27,0.5423728813559322,0.4576271186440678,3719,5915,0.6287404902789518,1,https://www.championat.com/hockey/_superleague/tournament/5383/match/1103871/
Сибирь,Автомобилист,0,4,31,23,0.0,0.17391304347826086,32,27,0.5423728813559322,0.4576271186440678,10371,10587,0.979597619722301,0,https://www.championat.com/hockey/_superleague/tournament/5383/match/1103873/
Металлург Мг,Салават Юлаев,6,3,32,29,0.1875,0.10344827586206896,21,31,0.40384615384615385,0.5961538461538461,7777,7700,1.01,1,https://www.championat.com/hockey/_superleague/tournament/5383/match/1103875/
Витязь,Барыс,0,0,35,37,0.0,0.0,28,30,0.4827586206896552,0.5172413793103449,1144,5525,0.20705882352941177,0,https://www.championat.com/hockey/_superleague/tournament/5383/match/1103877/
ЦСКА,СКА,2,3,36,24,0.05555555555555555,0.125,28,36,0.4375,0.5625,8870,12680,0.6995268138801262,0,https://www.championat.com/hockey/_superleague/tournament/5383/match/1103879/
Динамо Мн,Локомотив,3,2,26,23,0.11538461538461539,0.08695652173913043,24,31,0.43636363636363634,0.5636363636363636,14201,15266,0.930237128258876,1,https://www.championat.com/hockey/_superleague/tournament/5383/match/1103881/
Куньлунь Ред Стар,Спартак,3,4,30,42,0.1,0.09523809523809523,40,25,0.6153846153846154,0.38461538461538464,2035,7000,0.2907142857142857,0,https://www.championat.com/hockey/_superleague/tournament/5383/match/1103889/
Авангард,Трактор,1,4,23,30,0.043478260869565216,0.13333333333333333,25,20,0.5555555555555556,0.4444444444444444,11912,12011,0.9917575555740571,0,https://www.championat.com/hockey/_superleague/tournament/5383/match/1103883/
ХК Сочи,Северсталь,1,10,19,47,0.05263157894736842,0.2127659574468085,25,31,0.44642857142857145,0.5535714285714286,3825,12000,0.31875,0,https://www.championat.com/hockey/_superleague/tournament/5383/match/1103885/
Динамо М,Торпедо,1,7,25,22,0.04,0.3181818181818182,36,26,0.5806451612903226,0.41935483870967744,9967,11500,0.8666956521739131,0,https://www.championat.com/hockey/_superleague/tournament/5383/match/1103887/
Амур,Лада,4,2,31,31,0.12903225806451613,0.06451612903225806,32,23,0.5818181818181818,0.41818181818181815,7100,7100,1.0,1,https://www.championat.com/hockey/_superleague/tournament/5383/match/1103891/
Адмирал,Ак Барс,1,2,47,21,0.02127659574468085,0.09523809523809523,34,29,0.5396825396825397,0.4603174603174603,5495,5915,0.9289940828402367,0,https://www.championat.com/hockey/_superleague/tournament/5383/match/1103893/
Металлург Мг,Салават Юлаев,2,6,29,21,0.06896551724137931,0.2857142857142857,33,25,0.5689655172413793,0.43103448275862066,7500,7700,0.974025974025974,0,https://www.championat.com/hockey/_superleague/tournament/5383/match/1103895/
Нефтехимик,Автомобилист,0,0,21,36,0.0,0.0,28,43,0.39436619718309857,0.6056338028169014,3054,6050,0.5047933884297521,0,https://www.championat.com/hockey/_superleague/tournament/5383/match/1103897/
Барыс,Трактор,2,1,26,25,0.07692307692307693,0.04,33,26,0.559322033898305,0.4406779661016949,6123,12000,0.51025,1,https://www.championat.com/hockey/_superleague/tournament/5383/match/1103899/
Локомотив,Торпедо,1,0,44,19,0.022727272727272728,0.0,36,12,0.75,0.25,2000,9071,0.22048285745783266,1,https://www.championat.com/hockey/_superleague/tournament/5383/match/1103901/
Северсталь,Динамо М,0,0,22,35,0.0,0.0,29,35,0.453125,0.546875,3837,6064,0.6327506596306068,0,https://www.championat.com/hockey/_superleague/tournament/5383/match/1103905/
ХК Сочи,ЦСКА,0,0,27,33,0.0,0.0,31,30,0.5081967213114754,0.4918032786885246,7532,12000,0.6276666666666667,0,https://www.championat.com/hockey/_superleague/tournament/5383/match/1103903/
Спартак,Витязь,5,1,42,29,0.11904761904761904,0.034482758620689655,26,24,0.52,0.48,3096,12724,0.2433197107827727,1,https://www.championat.com/hockey/_superleague/tournament/5383/match/1103907/
СКА,Куньлунь Ред Стар,6,2,41,27,0.14634146341463414,0.07407407407407407,31,32,0.49206349206349204,0.5079365079365079,11268,12500,0.90144,1,https://www.championat.com/hockey/_superleague/tournament/5383/match/1103909/
Амур,Лада,3,0,38,31,0.07894736842105263,0.0,37,19,0.6607142857142857,0.3392857142857143,4585,7100,0.645774647887324,1,https://www.championat.com/hockey/_superleague/tournament/5383/match/1103911/
Адмирал,Ак Барс,0,3,35,33,0.0,0.09090909090909091,34,31,0.5230769230769231,0.47692307692307695,5213,5915,0.8813186813186813,0,https://www.championat.com/hockey/_superleague/tournament/5383/match/1103913/
Салават Юлаев,Автомобилист,4,1,33,25,0.12121212121212122,0.04,29,20,0.5918367346938775,0.40816326530612246,7134,8522,0.8371274348744426,1,https://www.championat.com/hockey/_superleague/tournament/5383/match/1103915/
Сибирь,Трактор,4,5,24,32,0.16666666666666666,0.15625,24,25,0.4897959183673469,0.5102040816326531,9844,10587,0.9298195900632852,0,https://www.championat.com/hockey/_superleague/tournament/5383/match/1103917/
Авангард,Металлург Мг,4,1,27,24,0.14814814814814814,0.041666666666666664,28,28,0.5,0.5,10845,12011,0.9029223212055616,1,https://www.championat.com/hockey/_superleague/tournament/5383/match/1103919/
Барыс,Динамо М,3,2,27,32,0.1111111111111111,0.0625,21,33,0.3888888888888889,0.6111111111111112,5957,12000,0.4964166666666667,1,https://www.championat.com/hockey/_superleague/tournament/5383/match/1103921/
Нефтехимик,Витязь,3,0,32,23,0.09375,0.0,29,29,0.5,0.5,2498,6050,0.4128925619834711,1,https://www.championat.com/hockey/_superleague/tournament/5383/match/1103923/
Северсталь,Торпедо,3,4,26,27,0.11538461538461539,0.14814814814814814,30,25,0.5454545454545454,0.45454545454545453,4097,6064,0.6756266490765171,0,https://www.championat.com/hockey/_superleague/tournament/5383/match/1103925/
Спартак,ЦСКА,5,3,30,28,0.16666666666666666,0.10714285714285714,26,25,0.5098039215686274,0.49019607843137253,8382,12724,0.6587551084564602,1,https://www.championat.com/hockey/_superleague/tournament/5383/match/1103927/
Куньлунь Ред Стар,Динамо Мн,0,4,21,40,0.0,0.1,36,27,0.5714285714285714,0.42857142857142855,578,7000,0.08257142857142857,0,https://www.championat.com/hockey/_superleague/tournament/5383/match/1103929/
СКА,Локомотив,2,3,31,22,0.06451612903225806,0.13636363636363635,30,29,0.5084745762711864,0.4915254237288136,12098,12500,0.96784,0,https://www.championat.com/hockey/_superleague/tournament/5383/match/1103931/
Амур,Ак Барс,3,5,36,25,0.08333333333333333,0.2,29,44,0.3972602739726027,0.6027397260273972,7100,7100,1.0,0,https://www.championat.com/hockey/_superleague/tournament/5383/match/1103933/
Нефтехимик,ХК Сочи,2,3,29,35,0.06896551724137931,0.08571428571428572,30,29,0.5084745762711864,0.4915254237288136,2559,6050,0.42297520661157023,0,https://www.championat.com/hockey/_superleague/tournament/5383/match/1103935/
Сибирь,Металлург Мг,2,4,37,28,0.05405405405405406,0.14285714285714285,24,29,0.4528301886792453,0.5471698113207547,10433,10587,0.9854538585057145,0,https://www.championat.com/hockey/_superleague/tournament/5383/match/1103937/
Авангард,Динамо М,3,0,24,28,0.125,0.0,13,44,0.22807017543859648,0.7719298245614035,11832,12011,0.98509699442178,1,https://www.championat.com/hockey/_superleague/tournament/5383/match/1103939/
Барыс,Локомотив,0,6,25,31,0.0,0.1935483870967742,21,29,0.42,0.58,5936,12000,0.49466666666666664,0,https://www.championat.com/hockey/_superleague/tournament/5383/match/1103941/
Автомобилист,Трактор,2,1,22,31,0.09090909090909091,0.03225806451612903,29,30,0.4915254237288136,0.5084745762711864,5545,5570,0.9955116696588869,1,https://www.championat.com/hockey/_superleague/tournament/5383/match/1103943/
Салават Юлаев,Витязь,8,1,38,22,0.21052631578947367,0.045454545454545456,22,33,0.4,0.6,6421,8522,0.7534616287256513,1,https://www.championat.com/hockey/_superleague/tournament/5383/match/1103945/
СКА,Динамо Мн,3,2,22,45,0.13636363636363635,0.044444444444444446,39,26,0.6,0.4,12142,12500,0.97136,1,https://www.championat.com/hockey/_superleague/tournament/5383/match/1103947/
Амур,Ак Барс,0,0,31,24,0.0,0.0,25,33,0.43103448275862066,0.5689655172413793,7100,7100,1.0,0,https://www.championat.com/hockey/_superleague/tournament/5383/match/1103949/
Торпедо,Спартак,2,4,30,39,0.06666666666666667,0.10256410256410256,32,30,0.5161290322580645,0.4838709677419355,5500,5600,0.9821428571428571,0,https://www.championat.com/hockey/_superleague/tournament/5383/match/1103953/
Лада,Адмирал,3,1,25,22,0.12,0.045454545454545456,25,27,0.4807692307692308,0.5192307692307693,5108,6200,0.8238709677419355,1,https://www.championat.com/hockey/_superleague/tournament/5383/match/1103951/
Куньлунь Ред Стар,Нефтехимик,0,0,29,36,0.0,0.0,38,29,0.5671641791044776,0.43283582089552236,546,7000,0.078,0,https://www.championat.com/hockey/_superleague/tournament/5383/match/1103957/
ЦСКА,ХК Сочи,2,1,30,26,0.06666666666666667,0.038461538461538464,21,32,0.39622641509433965,0.6037735849056604,7220,12680,0.5694006309148265,1,https://www.championat.com/hockey/_superleague/tournament/5383/match/1103955/
Барыс,Металлург Мг,0,0,32,32,0.0,0.0,29,24,0.5471698113207547,0.4528301886792453,7492,12000,0.6243333333333333,0,https://www.championat.com/hockey/_superleague/tournament/5383/match/1103961/
Авангард,Локомотив,4,1,28,26,0.14285714285714285,0.038461538461538464,27,28,0.4909090909090909,0.509090909090909,12011,12011,1.0,1,https://www.championat.com/hockey/_superleague/tournament/5383/match/1103959/
Салават Юлаев,Динамо Мн,4,2,29,31,0.13793103448275862,0.06451612903225806,23,33,0.4107142857142857,0.5892857142857143,8520,8522,0.9997653133067355,1,https://www.championat.com/hockey/_superleague/tournament/5383/match/1103965/
Автомобилист,Витязь,0,0,39,20,0.0,0.0,35,23,0.603448275862069,0.39655172413793105,5500,5570,0.9874326750448833,0,https://www.championat.com/hockey/_superleague/tournament/5383/match/1103963/
Лада,Нефтехимик,0,4,22,27,0.0,0.14814814814814814,23,23,0.5,0.5,4582,6200,0.7390322580645161,0,https://www.championat.com/hockey/_superleague/tournament/5383/match/1103967/
Торпедо,Северсталь,0,4,30,30,0.0,0.13333333333333333,30,22,0.5769230769230769,0.4230769230769231,5500,5600,0.9821428571428571,0,https://www.championat.com/hockey/_superleague/tournament/5383/match/1103969/
ХК Сочи,Спартак,2,5,32,44,0.0625,0.11363636363636363,34,22,0.6071428571428571,0.39285714285714285,4757,12000,0.39641666666666664,0,https://www.championat.com/hockey/_superleague/tournament/5383/match/1103971/
Динамо М,Сибирь,2,1,31,32,0.06451612903225806,0.03125,37,20,0.6491228070175439,0.3508771929824561,4807,11500,0.418,1,https://www.championat.com/hockey/_superleague/tournament/5383/match/1103973/
ЦСКА,Куньлунь Ред Стар,7,0,39,18,0.1794871794871795,0.0,23,33,0.4107142857142857,0.5892857142857143,2920,12680,0.2302839116719243,1,https://www.championat.com/hockey/_superleague/tournament/5383/match/1103975/
СКА,Адмирал,5,0,37,31,0.13513513513513514,0.0,35,25,0.5833333333333334,0.4166666666666667,11998,12500,0.95984,1,https://www.championat.com/hockey/_superleague/tournament/5383/match/1103977/
Трактор,Амур,2,3,27,28,0.07407407407407407,0.10714285714285714,32,26,0.5517241379310345,0.4482758620689655,7500,7500,1.0,0,https://www.championat.com/hockey/_superleague/tournament/5383/match/1103979/
Автомобилист,Металлург Мг,0,4,29,26,0.0,0.15384615384615385,25,32,0.43859649122807015,0.5614035087719298,5545,5570,0.9955116696588869,0,https://www.championat.com/hockey/_superleague/tournament/5383/match/1103981/
Лада,Барыс,2,1,25,28,0.08,0.03571428571428571,20,29,0.40816326530612246,0.5918367346938775,4497,6200,0.7253225806451613,1,https://www.championat.com/hockey/_superleague/tournament/5383/match/1103985/
Нефтехимик,Адмирал,4,3,36,32,0.1111111111111111,0.09375,25,37,0.4032258064516129,0.5967741935483871,2192,6050,0.3623140495867769,1,https://www.championat.com/hockey/_superleague/tournament/5383/match/1103983/
Торпедо,Сибирь,4,5,37,24,0.10810810810810811,0.20833333333333334,30,29,0.5084745762711864,0.4915254237288136,5500,5600,0.9821428571428571,0,https://www.championat.com/hockey/_superleague/tournament/5383/match/1103987/
Витязь,Авангард,5,2,22,20,0.22727272727272727,0.1,24,24,0.5,0.5,4271,5525,0.7730316742081448,1,https://www.championat.com/hockey/_superleague/tournament/5383/match/1103991/
ХК Сочи,Спартак,1,3,26,34,0.038461538461538464,0.08823529411764706,24,22,0.5217391304347826,0.4782608695652174,5191,12000,0.4325833333333333,0,https://www.championat.com/hockey/_superleague/tournament/5383/match/1103989/
Динамо М,Северсталь,3,2,26,20,0.11538461538461539,0.1,43,17,0.7166666666666667,0.2833333333333333,4407,11500,0.38321739130434784,1,https://www.championat.com/hockey/_superleague/tournament/5383/match/1103993/
Трактор,Металлург Мг,2,1,37,32,0.05405405405405406,0.03125,29,28,0.5087719298245614,0.49122807017543857,7500,7500,1.0,1,https://www.championat.com/hockey/_superleague/tournament/5383/match/1103995/
Автомобилист,Амур,1,3,34,16,0.029411764705882353,0.1875,33,22,0.6,0.4,3805,5570,0.6831238779174147,0,https://www.championat.com/hockey/_superleague/tournament/5383/match/1103997/
ЦСКА,Локомотив,3,0,26,24,0.11538461538461539,0.0,21,32,0.39622641509433965,0.6037735849056604,7457,12680,0.5880914826498422,1,https://www.championat.com/hockey/_superleague/tournament/5383/match/1103999/
Динамо Мн,Куньлунь Ред Стар,3,4,30,29,0.1,0.13793103448275862,27,29,0.48214285714285715,0.5178571428571429,10957,15266,0.7177387658849731,0,https://www.championat.com/hockey/_superleague/tournament/5383/match/1104001/
Лада,Авангард,5,3,40,28,0.125,0.10714285714285714,34,32,0.5151515151515151,0.48484848484848486,5924,6200,0.9554838709677419,1,https://www.championat.com/hockey/_superleague/tournament/5383/match/1104003/
Ак Барс,Сибирь,0,0,34,21,0.0,0.0,39,21,0.65,0.35,8323,8900,0.9351685393258427,0,https://www.championat.com/hockey/_superleague/tournament/5383/match/1104005/
Северсталь,Салават Юлаев,3,4,30,15,0.1,0.26666666666666666,27,33,0.45,0.55,5344,6064,0.8812664907651715,0,https://www.championat.com/hockey/_superleague/tournament/5383/match/1104009/
ХК Сочи,Барыс,3,5,33,28,0.09090909090909091,0.17857142857142858,33,29,0.532258064516129,0.46774193548387094,3925,12000,0.32708333333333334,0,https://www.championat.com/hockey/_superleague/tournament/5383/match/1104007/
Торпедо,Амур,4,2,25,29,0.16,0.06896551724137931,19,32,0.37254901960784315,0.6274509803921569,5500,5600,0.9821428571428571,1,https://www.championat.com/hockey/_superleague/tournament/5383/match/1104013/
Витязь,Локомотив,2,1,14,28,0.14285714285714285,0.03571428571428571,26,32,0.4482758620689655,0.5517241379310345,4464,5525,0.8079638009049773,1,https://www.championat.com/hockey/_superleague/tournament/5383/match/1104015/
Нефтехимик,СКА,2,0,24,36,0.08333333333333333,0.0,23,33,0.4107142857142857,0.5892857142857143,3691,6050,0.6100826446280991,1,https://www.championat.com/hockey/_superleague/tournament/5383/match/1104011/
Адмирал,Спартак,3,4,27,44,0.1111111111111111,0.09090909090909091,31,29,0.5166666666666667,0.48333333333333334,5915,1,5915.0,0,https://www.championat.com/hockey/_superleague/tournament/5383/match/1104017/
Автомобилист,Сибирь,1,3,40,24,0.025,0.125,29,29,0.5,0.5,5545,5570,0.9955116696588869,0,https://www.championat.com/hockey/_superleague/tournament/5383/match/1104019/
Металлург Мг,Авангард,0,0,28,22,0.0,0.0,21,25,0.45652173913043476,0.5434782608695652,7350,7700,0.9545454545454546,0,https://www.championat.com/hockey/_superleague/tournament/5383/match/1104021/
Ак Барс,ЦСКА,4,1,19,29,0.21052631578947367,0.034482758620689655,42,24,0.6363636363636364,0.36363636363636365,8267,8900,0.928876404494382,1,https://www.championat.com/hockey/_superleague/tournament/5383/match/1104023/
Куньлунь Ред Стар,Барыс,2,3,22,34,0.09090909090909091,0.08823529411764706,35,22,0.6140350877192983,0.38596491228070173,671,7000,0.09585714285714286,0,https://www.championat.com/hockey/_superleague/tournament/5383/match/1104027/
Динамо Мн,Салават Юлаев,0,0,28,18,0.0,0.0,23,28,0.45098039215686275,0.5490196078431373,15086,15266,0.9882090921000917,0,https://www.championat.com/hockey/_superleague/tournament/5383/match/1104029/
Нефтехимик,Трактор,2,1,30,33,0.06666666666666667,0.030303030303030304,27,35,0.43548387096774194,0.5645161290322581,4090,6050,0.6760330578512397,1,https://www.championat.com/hockey/_superleague/tournament/5383/match/1104031/
Локомотив,СКА,2,3,37,31,0.05405405405405406,0.0967741935483871,32,30,0.5161290322580645,0.4838709677419355,2000,9071,0.22048285745783266,0,https://www.championat.com/hockey/_superleague/tournament/5383/match/1104033/
Динамо М,Лада,0,0,40,23,0.0,0.0,37,34,0.5211267605633803,0.4788732394366197,4885,11500,0.42478260869565215,0,https://www.championat.com/hockey/_superleague/tournament/5383/match/1104025/
Амур,Спартак,1,4,32,32,0.03125,0.125,31,20,0.6078431372549019,0.39215686274509803,7100,7100,1.0,0,https://www.championat.com/hockey/_superleague/tournament/5383/match/1104035/
Адмирал,ЦСКА,0,0,26,29,0.0,0.0,20,31,0.39215686274509803,0.6078431372549019,5201,5915,0.8792899408284024,0,https://www.championat.com/hockey/_superleague/tournament/5383/match/1104037/
Автомобилист,Барыс,5,2,40,20,0.125,0.1,29,22,0.5686274509803921,0.43137254901960786,3907,5570,0.7014362657091562,1,https://www.championat.com/hockey/_superleague/tournament/5383/match/1104039/
Торпедо,Салават Юлаев,0,1,32,23,0.0,0.043478260869565216,29,20,0.5918367346938775,0.40816326530612246,5500,5600,0.9821428571428571,0,https://www.championat.com/hockey/_superleague/tournament/5383/match/1104043/
Ак Барс,Авангард,0,0,20,32,0.0,0.0,25,30,0.45454545454545453,0.5454545454545454,8173,8900,0.9183146067415731,0,https://www.championat.com/hockey/_superleague/tournament/5383/match/1104041/
Динамо М,Витязь,5,2,28,21,0.17857142857142858,0.09523809523809523,30,23,0.5660377358490566,0.4339622641509434,4026,11500,0.35008695652173916,1,https://www.championat.com/hockey/_superleague/tournament/5383/match/1104047/
Металлург Мг,Трактор,2,4,38,21,0.05263157894736842,0.19047619047619047,35,27,0.5645161290322581,0.43548387096774194,7100,7700,0.922077922077922,0,https://www.championat.com/hockey/_superleague/tournament/5383/match/1104049/
Северсталь,Лада,3,4,31,20,0.0967741935483871,0.2,34,34,0.5,0.5,3451,6064,0.5690963060686016,0,https://www.championat.com/hockey/_superleague/tournament/5383/match/1104045/
Куньлунь Ред Стар,СКА,3,6,17,37,0.17647058823529413,0.16216216216216217,17,36,0.32075471698113206,0.6792452830188679,986,7000,0.14085714285714285,0,https://www.championat.com/hockey/_superleague/tournament/5383/match/1104051/
Амур,ЦСКА,2,3,30,25,0.06666666666666667,0.12,36,31,0.5373134328358209,0.4626865671641791,6951,7100,0.9790140845070423,0,https://www.championat.com/hockey/_superleague/tournament/5383/match/1104053/
Адмирал,Витязь,3,4,43,25,0.06976744186046512,0.16,31,31,0.5,0.5,3950,5915,0.6677937447168216,0,https://www.championat.com/hockey/_superleague/tournament/5383/match/1104055/
Сибирь,Спартак,4,3,20,36,0.2,0.08333333333333333,26,38,0.40625,0.59375,10518,10587,0.9934825729668462,1,https://www.championat.com/hockey/_superleague/tournament/5383/match/1104057/
Авангард,Салават Юлаев,1,0,24,22,0.041666666666666664,0.0,24,31,0.43636363636363634,0.5636363636363636,12011,12011,1.0,1,https://www.championat.com/hockey/_superleague/tournament/5383/match/1104059/
Барыс,Динамо Мн,0,0,25,46,0.0,0.0,26,43,0.37681159420289856,0.6231884057971014,5934,12000,0.4945,0,https://www.championat.com/hockey/_superleague/tournament/5383/match/1104061/
Трактор,Металлург Мг,5,1,31,21,0.16129032258064516,0.047619047619047616,30,20,0.6,0.4,7500,7500,1.0,1,https://www.championat.com/hockey/_superleague/tournament/5383/match/1104063/
Лада,Ак Барс,6,3,23,23,0.2608695652173913,0.13043478260869565,24,31,0.43636363636363634,0.5636363636363636,6074,6200,0.9796774193548388,1,https://www.championat.com/hockey/_superleague/tournament/5383/match/1104067/
Нефтехимик,Куньлунь Ред Стар,3,4,52,31,0.057692307692307696,0.12903225806451613,36,39,0.48,0.52,2634,6050,0.4353719008264463,0,https://www.championat.com/hockey/_superleague/tournament/5383/match/1104065/
Локомотив,Северсталь,4,3,35,18,0.11428571428571428,0.16666666666666666,40,17,0.7017543859649122,0.2982456140350877,2000,9071,0.22048285745783266,1,https://www.championat.com/hockey/_superleague/tournament/5383/match/1104071/
Торпедо,Автомобилист,4,2,41,25,0.0975609756097561,0.08,39,31,0.5571428571428572,0.44285714285714284,5500,5600,0.9821428571428571,1,https://www.championat.com/hockey/_superleague/tournament/5383/match/1104069/
ХК Сочи,СКА,5,4,33,35,0.15151515151515152,0.11428571428571428,23,37,0.38333333333333336,0.6166666666666667,6517,12000,0.5430833333333334,1,https://www.championat.com/hockey/_superleague/tournament/5383/match/1104073/
Амур,Витязь,4,2,33,25,0.12121212121212122,0.08,22,36,0.3793103448275862,0.6206896551724138,7100,1,7100.0,1,https://www.championat.com/hockey/_superleague/tournament/5383/match/1104075/
Сибирь,ЦСКА,3,6,25,40,0.12,0.15,20,34,0.37037037037037035,0.6296296296296297,10587,1,10587.0,0,https://www.championat.com/hockey/_superleague/tournament/5383/match/1104077/
Салават Юлаев,Динамо М,1,2,28,30,0.03571428571428571,0.06666666666666667,12,39,0.23529411764705882,0.7647058823529411,8522,8522,1.0,0,https://www.championat.com/hockey/_superleague/tournament/5383/match/1104079/
Авангард,Динамо Мн,3,4,24,29,0.125,0.13793103448275862,18,27,0.4,0.6,12011,12011,1.0,0,https://www.championat.com/hockey/_superleague/tournament/5383/match/1104081/
Барыс,Торпедо,1,2,23,29,0.043478260869565216,0.06896551724137931,25,20,0.5555555555555556,0.4444444444444444,6529,12000,0.5440833333333334,0,https://www.championat.com/hockey/_superleague/tournament/5383/match/1104083/
Трактор,Куньлунь Ред Стар,5,2,39,26,0.1282051282051282,0.07692307692307693,26,37,0.4126984126984127,0.5873015873015873,7500,7500,1.0,1,https://www.championat.com/hockey/_superleague/tournament/5383/match/1104085/
Лада,Металлург Мг,4,3,28,36,0.14285714285714285,0.08333333333333333,32,31,0.5079365079365079,0.49206349206349204,5922,6200,0.9551612903225807,1,https://www.championat.com/hockey/_superleague/tournament/5383/match/1104089/
Нефтехимик,Ак Барс,2,1,14,34,0.14285714285714285,0.029411764705882353,13,34,0.2765957446808511,0.723404255319149,4947,6050,0.8176859504132231,1,https://www.championat.com/hockey/_superleague/tournament/5383/match/1104087/
Северсталь,Автомобилист,4,2,39,32,0.10256410256410256,0.0625,26,29,0.4727272727272727,0.5272727272727272,4835,6064,0.7973284960422163,1,https://www.championat.com/hockey/_superleague/tournament/5383/match/1104091/
Сибирь,Витязь,3,2,32,30,0.09375,0.06666666666666667,22,34,0.39285714285714285,0.6071428571428571,10518,10587,0.9934825729668462,1,https://www.championat.com/hockey/_superleague/tournament/5383/match/1104093/
Лада,Адмирал,3,1,25,31,0.12,0.03225806451612903,27,37,0.421875,0.578125,4973,6200,0.8020967741935484,1,https://www.championat.com/hockey/_superleague/tournament/5383/match/1104095/
ХК Сочи,Динамо М,1,6,27,47,0.037037037037037035,0.1276595744680851,20,27,0.425531914893617,0.574468085106383,4688,12000,0.39066666666666666,0,https://www.championat.com/hockey/_superleague/tournament/5383/match/1104097/
Авангард,Торпедо,3,2,26,31,0.11538461538461539,0.06451612903225806,33,24,0.5789473684210527,0.42105263157894735,12011,12011,1.0,1,https://www.championat.com/hockey/_superleague/tournament/5383/match/1104099/
Автомобилист,Куньлунь Ред Стар,3,0,46,20,0.06521739130434782,0.0,28,30,0.4827586206896552,0.5172413793103449,4361,5570,0.7829443447037702,1,https://www.championat.com/hockey/_superleague/tournament/5383/match/1104101/
Металлург Мг,Барыс,3,2,32,24,0.09375,0.08333333333333333,32,26,0.5517241379310345,0.4482758620689655,6056,7700,0.7864935064935065,1,https://www.championat.com/hockey/_superleague/tournament/5383/match/1104103/
Салават Юлаев,Амур,4,1,35,26,0.11428571428571428,0.038461538461538464,22,34,0.39285714285714285,0.6071428571428571,8013,8522,0.9402722365641868,1,https://www.championat.com/hockey/_superleague/tournament/5383/match/1104105/
Динамо Мн,Северсталь,1,2,35,22,0.02857142857142857,0.09090909090909091,41,35,0.5394736842105263,0.4605263157894737,15266,1,15266.0,0,https://www.championat.com/hockey/_superleague/tournament/5383/match/1104113/
ХК Сочи,Динамо М,2,5,40,30,0.05,0.16666666666666666,37,36,0.5068493150684932,0.4931506849315068,12000,1,12000.0,0,https://www.championat.com/hockey/_superleague/tournament/5383/match/1104107/
Спартак,Нефтехимик,6,1,27,22,0.2222222222222222,0.045454545454545456,37,25,0.5967741935483871,0.4032258064516129,12724,1,12724.0,1,https://www.championat.com/hockey/_superleague/tournament/5383/match/1104109/
СКА,Ак Барс,2,3,45,21,0.044444444444444446,0.14285714285714285,36,23,0.6101694915254238,0.3898305084745763,12500,1,12500.0,0,https://www.championat.com/hockey/_superleague/tournament/5383/match/1104111/
Трактор,Адмирал,0,0,41,33,0.0,0.0,26,24,0.52,0.48,7500,7500,1.0,0,https://www.championat.com/hockey/_superleague/tournament/5383/match/1104115/
Автомобилист,Барыс,2,3,40,27,0.05,0.1111111111111111,28,36,0.4375,0.5625,4410,5570,0.7917414721723519,0,https://www.championat.com/hockey/_superleague/tournament/5383/match/1104117/
Салават Юлаев,Ак Барс,3,1,24,28,0.125,0.03571428571428571,20,27,0.425531914893617,0.574468085106383,8522,8522,1.0,1,https://www.championat.com/hockey/_superleague/tournament/5383/match/1104119/
Лада,Северсталь,1,4,9,27,0.1111111111111111,0.14814814814814814,32,30,0.5161290322580645,0.4838709677419355,5437,6200,0.8769354838709678,0,https://www.championat.com/hockey/_superleague/tournament/5383/match/1104123/
Нефтехимик,Сибирь,3,1,26,20,0.11538461538461539,0.05,28,19,0.5957446808510638,0.40425531914893614,6050,1,6050.0,1,https://www.championat.com/hockey/_superleague/tournament/5383/match/1104121/
Локомотив,Динамо Мн,0,0,34,23,0.0,0.0,22,35,0.38596491228070173,0.6140350877192983,2000,1,2000.0,0,https://www.championat.com/hockey/_superleague/tournament/5383/match/1104125/
ХК Сочи,Амур,1,3,40,26,0.025,0.11538461538461539,33,17,0.66,0.34,12000,1,12000.0,0,https://www.championat.com/hockey/_superleague/tournament/5383/match/1104127/
Спартак,ЦСКА,0,3,44,36,0.0,0.08333333333333333,35,35,0.5,0.5,12724,1,12724.0,0,https://www.championat.com/hockey/_superleague/tournament/5383/match/1104129/
Куньлунь Ред Стар,Торпедо,0,0,19,36,0.0,0.0,23,30,0.4339622641509434,0.5660377358490566,971,7000,0.1387142857142857,0,https://www.championat.com/hockey/_superleague/tournament/5383/match/1104131/
СКА,Авангард,3,5,47,24,0.06382978723404255,0.20833333333333334,23,23,0.5,0.5,12406,12500,0.99248,0,https://www.championat.com/hockey/_superleague/tournament/5383/match/1104133/
Трактор,Адмирал,6,1,42,26,0.14285714285714285,0.038461538461538464,36,24,0.6,0.4,7500,7500,1.0,1,https://www.championat.com/hockey/_superleague/tournament/5383/match/1104135/
Металлург Мг,Динамо Мн,5,1,27,35,0.18518518518518517,0.02857142857142857,39,26,0.6,0.4,7700,1,7700.0,1,https://www.championat.com/hockey/_superleague/tournament/5383/match/1104139/
Салават Юлаев,Сибирь,2,0,32,10,0.0625,0.0,26,30,0.4642857142857143,0.5357142857142857,8522,1,8522.0,1,https://www.championat.com/hockey/_superleague/tournament/5383/match/1104141/
Автомобилист,Нефтехимик,2,1,38,24,0.05263157894736842,0.041666666666666664,29,31,0.48333333333333334,0.5166666666666667,5570,1,5570.0,1,https://www.championat.com/hockey/_superleague/tournament/5383/match/1104137/
Ак Барс,Барыс,5,3,36,25,0.1388888888888889,0.12,39,17,0.6964285714285714,0.30357142857142855,8118,8900,0.9121348314606742,1,https://www.championat.com/hockey/_superleague/tournament/5383/match/1104143/
Локомотив,Динамо М,0,3,34,24,0.0,0.125,29,28,0.5087719298245614,0.49122807017543857,7336,9071,0.8087311211553302,0,https://www.championat.com/hockey/_superleague/tournament/5383/match/1104145/
ХК Сочи,Авангард,0,0,30,34,0.0,0.0,25,24,0.5102040816326531,0.4897959183673469,7025,12000,0.5854166666666667,0,https://www.championat.com/hockey/_superleague/tournament/5383/match/1104147/
Витязь,СКА,2,3,17,42,0.11764705882352941,0.07142857142857142,15,38,0.2830188679245283,0.7169811320754716,4464,5525,0.8079638009049773,0,https://www.championat.com/hockey/_superleague/tournament/5383/match/1104149/
Спартак,Торпедо,4,3,32,30,0.125,0.1,33,36,0.4782608695652174,0.5217391304347826,10088,12724,0.7928324426281044,1,https://www.championat.com/hockey/_superleague/tournament/5383/match/1104151/
ЦСКА,Лада,3,4,40,22,0.075,0.18181818181818182,31,26,0.543859649122807,0.45614035087719296,7776,12680,0.6132492113564669,0,https://www.championat.com/hockey/_superleague/tournament/5383/match/1104153/
Куньлунь Ред Стар,Северсталь,1,3,29,25,0.034482758620689655,0.12,39,17,0.6964285714285714,0.30357142857142855,1146,7000,0.1637142857142857,0,https://www.championat.com/hockey/_superleague/tournament/5383/match/1104155/
Амур,Локомотив,1,4,27,48,0.037037037037037035,0.08333333333333333,25,35,0.4166666666666667,0.5833333333333334,7100,7100,1.0,0,https://www.championat.com/hockey/_superleague/tournament/5383/match/1104157/
Автомобилист,Сибирь,2,3,31,18,0.06451612903225806,0.16666666666666666,23,29,0.4423076923076923,0.5576923076923077,5294,5570,0.9504488330341113,0,https://www.championat.com/hockey/_superleague/tournament/5383/match/1104159/
Салават Юлаев,Нефтехимик,3,4,31,27,0.0967741935483871,0.14814814814814814,33,23,0.5892857142857143,0.4107142857142857,7013,8522,0.8229288899319409,0,https://www.championat.com/hockey/_superleague/tournament/5383/match/1104161/
Куньлунь Ред Стар,Северсталь,3,4,32,45,0.09375,0.08888888888888889,47,28,0.6266666666666667,0.37333333333333335,423,7000,0.06042857142857143,0,https://www.championat.com/hockey/_superleague/tournament/5383/match/1104167/
Витязь,Динамо М,1,3,28,29,0.03571428571428571,0.10344827586206896,21,37,0.3620689655172414,0.6379310344827587,4136,5525,0.7485972850678733,0,https://www.championat.com/hockey/_superleague/tournament/5383/match/1104163/
Спартак,СКА,3,2,41,23,0.07317073170731707,0.08695652173913043,24,33,0.42105263157894735,0.5789473684210527,9082,12724,0.7137692549512732,1,https://www.championat.com/hockey/_superleague/tournament/5383/match/1104165/
Динамо Мн,Авангард,3,4,30,27,0.1,0.14814814814814814,37,20,0.6491228070175439,0.3508771929824561,15086,15266,0.9882090921000917,0,https://www.championat.com/hockey/_superleague/tournament/5383/match/1104169/
Барыс,Ак Барс,0,3,42,27,0.0,0.1111111111111111,32,32,0.5,0.5,5508,12000,0.459,0,https://www.championat.com/hockey/_superleague/tournament/5383/match/1104171/
Салават Юлаев,ХК Сочи,3,1,27,16,0.1111111111111111,0.0625,16,29,0.35555555555555557,0.6444444444444445,5544,8522,0.6505515137291715,1,https://www.championat.com/hockey/_superleague/tournament/5383/match/1104173/
ЦСКА,Трактор,0,4,28,25,0.0,0.16,39,29,0.5735294117647058,0.4264705882352941,4826,12680,0.3805993690851735,0,https://www.championat.com/hockey/_superleague/tournament/5383/match/1104175/
Адмирал,Локомотив,5,2,24,51,0.20833333333333334,0.0392156862745098,24,31,0.43636363636363634,0.5636363636363636,3603,5915,0.6091293322062553,1,https://www.championat.com/hockey/_superleague/tournament/5383/match/1104177/
Металлург Мг,Сибирь,6,3,31,38,0.1935483870967742,0.07894736842105263,26,23,0.5306122448979592,0.46938775510204084,6018,7700,0.7815584415584416,1,https://www.championat.com/hockey/_superleague/tournament/5383/match/1104179/
Витязь,Торпедо,1,4,23,24,0.043478260869565216,0.16666666666666666,24,28,0.46153846153846156,0.5384615384615384,2988,5525,0.5408144796380091,0,https://www.championat.com/hockey/_superleague/tournament/5383/match/1104181/
Динамо М,Куньлунь Ред Стар,0,0,49,31,0.0,0.0,31,21,0.5961538461538461,0.40384615384615385,4917,11500,0.4275652173913044,0,https://www.championat.com/hockey/_superleague/tournament/5383/match/1104183/
Амур,Автомобилист,5,1,42,26,0.11904761904761904,0.038461538461538464,40,35,0.5333333333333333,0.4666666666666667,5500,7100,0.7746478873239436,1,https://www.championat.com/hockey/_superleague/tournament/5383/match/1104185/
Лада,Ак Барс,3,2,26,36,0.11538461538461539,0.05555555555555555,24,36,0.4,0.6,6030,6200,0.9725806451612903,1,https://www.championat.com/hockey/_superleague/tournament/5383/match/1104189/
Нефтехимик,Спартак,1,4,27,32,0.037037037037037035,0.125,24,26,0.48,0.52,3462,6050,0.5722314049586776,0,https://www.championat.com/hockey/_superleague/tournament/5383/match/1104187/
Динамо Мн,ХК Сочи,2,1,45,19,0.044444444444444446,0.05263157894736842,37,32,0.5362318840579711,0.463768115942029,7110,15266,0.46574086204637755,1,https://www.championat.com/hockey/_superleague/tournament/5383/match/1104195/
ЦСКА,Авангард,4,6,41,23,0.0975609756097561,0.2608695652173913,31,15,0.6739130434782609,0.32608695652173914,8215,12680,0.6478706624605678,0,https://www.championat.com/hockey/_superleague/tournament/5383/match/1104191/
СКА,Трактор,0,0,47,33,0.0,0.0,42,20,0.6774193548387096,0.3225806451612903,11896,12500,0.95168,0,https://www.championat.com/hockey/_superleague/tournament/5383/match/1104193/
Амур,Автомобилист,2,3,25,38,0.08,0.07894736842105263,24,41,0.36923076923076925,0.6307692307692307,5726,7100,0.8064788732394366,0,https://www.championat.com/hockey/_superleague/tournament/5383/match/1104197/
Адмирал,Торпедо,0,3,24,34,0.0,0.08823529411764706,26,31,0.45614035087719296,0.543859649122807,5115,5915,0.8647506339814032,0,https://www.championat.com/hockey/_superleague/tournament/5383/match/1104199/
Сибирь,Локомотив,1,2,20,28,0.05,0.07142857142857142,17,27,0.38636363636363635,0.6136363636363636,10518,12000,0.8765,0,https://www.championat.com/hockey/_superleague/tournament/5383/match/1104201/
Барыс,Куньлунь Ред Стар,1,2,33,30,0.030303030303030304,0.06666666666666667,24,31,0.43636363636363634,0.5636363636363636,4618,12000,0.38483333333333336,0,https://www.championat.com/hockey/_superleague/tournament/5383/match/1104203/
Витязь,Северсталь,5,3,20,30,0.25,0.1,32,16,0.6666666666666666,0.3333333333333333,2036,5525,0.3685067873303167,1,https://www.championat.com/hockey/_superleague/tournament/5383/match/1104205/
Динамо Мн,ХК Сочи,6,2,43,35,0.13953488372093023,0.05714285714285714,38,22,0.6333333333333333,0.36666666666666664,9712,15266,0.6361849862439408,1,https://www.championat.com/hockey/_superleague/tournament/5383/match/1104207/
Лада,Спартак,4,3,23,33,0.17391304347826086,0.09090909090909091,31,32,0.49206349206349204,0.5079365079365079,6017,6200,0.9704838709677419,1,https://www.championat.com/hockey/_superleague/tournament/5383/match/1104211/
Металлург Мг,Ак Барс,3,0,47,24,0.06382978723404255,0.0,30,27,0.5263157894736842,0.47368421052631576,7180,7700,0.9324675324675324,1,https://www.championat.com/hockey/_superleague/tournament/5383/match/1104209/
СКА,Нефтехимик,4,2,36,29,0.1111111111111111,0.06896551724137931,42,36,0.5384615384615384,0.46153846153846156,11998,12500,0.95984,1,https://www.championat.com/hockey/_superleague/tournament/5383/match/1104213/
Амур,Торпедо,4,3,33,38,0.12121212121212122,0.07894736842105263,29,25,0.5370370370370371,0.46296296296296297,7100,7100,1.0,1,https://www.championat.com/hockey/_superleague/tournament/5383/match/1104215/
Адмирал,Автомобилист,3,4,31,33,0.0967741935483871,0.12121212121212122,31,40,0.43661971830985913,0.5633802816901409,5410,5915,0.9146238377007607,0,https://www.championat.com/hockey/_superleague/tournament/5383/match/1104217/
Авангард,Куньлунь Ред Стар,6,4,40,29,0.15,0.13793103448275862,27,38,0.4153846153846154,0.5846153846153846,12011,12011,1.0,1,https://www.championat.com/hockey/_superleague/tournament/5383/match/1104219/
Барыс,Северсталь,4,1,26,26,0.15384615384615385,0.038461538461538464,26,25,0.5098039215686274,0.49019607843137253,5525,12000,0.46041666666666664,1,https://www.championat.com/hockey/_superleague/tournament/5383/match/1104221/
Салават Юлаев,Локомотив,1,3,28,36,0.03571428571428571,0.08333333333333333,26,34,0.43333333333333335,0.5666666666666667,8211,8522,0.9635062191973716,0,https://www.championat.com/hockey/_superleague/tournament/5383/match/1104223/
Динамо Мн,Динамо М,1,2,30,26,0.03333333333333333,0.07692307692307693,30,25,0.5454545454545454,0.45454545454545453,14425,15266,0.944910258089873,0,https://www.championat.com/hockey/_superleague/tournament/5383/match/1104225/
ХК Сочи,Витязь,2,3,38,29,0.05263157894736842,0.10344827586206896,37,16,0.6981132075471698,0.3018867924528302,2934,12000,0.2445,0,https://www.championat.com/hockey/_superleague/tournament/5383/match/1104227/
ЦСКА,Нефтехимик,2,1,34,31,0.058823529411764705,0.03225806451612903,24,36,0.4,0.6,3668,12680,0.28927444794952684,1,https://www.championat.com/hockey/_superleague/tournament/5383/match/1104229/
Адмирал,Автомобилист,0,3,30,28,0.0,0.10714285714285714,24,23,0.5106382978723404,0.48936170212765956,2998,5915,0.5068469991546914,0,https://www.championat.com/hockey/_superleague/tournament/5383/match/1104231/
Сибирь,Торпедо,4,1,27,29,0.14814814814814814,0.034482758620689655,29,18,0.6170212765957447,0.3829787234042553,10518,10587,0.9934825729668462,1,https://www.championat.com/hockey/_superleague/tournament/5383/match/1104233/
Авангард,Северсталь,0,0,27,24,0.0,0.0,24,28,0.46153846153846156,0.5384615384615384,11430,12011,0.9516276746315877,0,https://www.championat.com/hockey/_superleague/tournament/5383/match/1104235/
Трактор,Салават Юлаев,3,4,25,27,0.12,0.14814814814814814,22,35,0.38596491228070173,0.6140350877192983,7500,7500,1.0,0,https://www.championat.com/hockey/_superleague/tournament/5383/match/1104237/
Ак Барс,СКА,2,4,20,41,0.1,0.0975609756097561,26,24,0.52,0.48,8519,8900,0.9571910112359551,0,https://www.championat.com/hockey/_superleague/tournament/5383/match/1104239/
Динамо Мн,Металлург Мг,1,4,27,23,0.037037037037037035,0.17391304347826086,33,32,0.5076923076923077,0.49230769230769234,8159,15266,0.5344556530852875,0,https://www.championat.com/hockey/_superleague/tournament/5383/match/1104245/
ХК Сочи,Витязь,1,3,33,38,0.030303030303030304,0.07894736842105263,34,33,0.5074626865671642,0.4925373134328358,2374,12000,0.19783333333333333,0,https://www.championat.com/hockey/_superleague/tournament/5383/match/1104241/
Спартак,Динамо М,0,0,25,26,0.0,0.0,19,31,0.38,0.62,8617,12724,0.6772241433511474,0,https://www.championat.com/hockey/_superleague/tournament/5383/match/1104243/
ЦСКА,Амур,2,1,30,37,0.06666666666666667,0.02702702702702703,29,35,0.453125,0.546875,5011,12680,0.39518927444794955,1,https://www.championat.com/hockey/_superleague/tournament/5383/match/1104247/
Сибирь,Металлург Мг,0,0,28,26,0.0,0.0,27,30,0.47368421052631576,0.5263157894736842,10518,10587,0.9934825729668462,0,https://www.championat.com/hockey/_superleague/tournament/5383/match/1104249/
Трактор,Барыс,2,0,33,29,0.06060606060606061,0.0,23,29,0.4423076923076923,0.5576923076923077,7500,7500,1.0,1,https://www.championat.com/hockey/_superleague/tournament/5383/match/1104251/
Ак Барс,Динамо М,4,1,17,43,0.23529411764705882,0.023255813953488372,26,31,0.45614035087719296,0.543859649122807,8245,8900,0.9264044943820224,1,https://www.championat.com/hockey/_superleague/tournament/5383/match/1104253/
Локомотив,Куньлунь Ред Стар,5,4,52,24,0.09615384615384616,0.16666666666666666,28,33,0.45901639344262296,0.5409836065573771,2000,9071,0.22048285745783266,1,https://www.championat.com/hockey/_superleague/tournament/5383/match/1104255/
Северсталь,СКА,2,5,17,29,0.11764705882352941,0.1724137931034483,28,36,0.4375,0.5625,5149,6064,0.8491094986807388,0,https://www.championat.com/hockey/_superleague/tournament/5383/match/1104259/
Динамо Мн,Витязь,1,2,28,18,0.03571428571428571,0.1111111111111111,31,17,0.6458333333333334,0.3541666666666667,8669,15266,0.5678632254683611,0,https://www.championat.com/hockey/_superleague/tournament/5383/match/1104263/
ХК Сочи,Лада,5,4,32,35,0.15625,0.11428571428571428,32,32,0.5,0.5,2430,12000,0.2025,1,https://www.championat.com/hockey/_superleague/tournament/5383/match/1104257/
Спартак,Салават Юлаев,6,2,32,34,0.1875,0.058823529411764705,21,33,0.3888888888888889,0.6111111111111112,6305,12396,0.5086318167150694,1,https://www.championat.com/hockey/_superleague/tournament/5383/match/1104261/
Авангард,Адмирал,2,1,48,20,0.041666666666666664,0.05,32,29,0.5245901639344263,0.47540983606557374,12011,12011,1.0,1,https://www.championat.com/hockey/_superleague/tournament/5383/match/1104265/
Нефтехимик,Амур,4,0,23,38,0.17391304347826086,0.0,36,23,0.6101694915254238,0.3898305084745763,2863,6050,0.4732231404958678,1,https://www.championat.com/hockey/_superleague/tournament/5383/match/1104267/
Спартак,Лада,5,3,37,27,0.13513513513513514,0.1111111111111111,33,24,0.5789473684210527,0.42105263157894735,8729,12724,0.6860264067903175,1,https://www.championat.com/hockey/_superleague/tournament/5383/match/1104283/
Трактор,Автомобилист,4,2,35,39,0.11428571428571428,0.05128205128205128,29,30,0.4915254237288136,0.5084745762711864,7500,7500,1.0,1,https://www.championat.com/hockey/_superleague/tournament/5383/match/1104269/
Металлург Мг,Барыс,2,0,36,20,0.05555555555555555,0.0,34,24,0.5862068965517241,0.41379310344827586,7086,7700,0.9202597402597402,1,https://www.championat.com/hockey/_superleague/tournament/5383/match/1104271/
Куньлунь Ред Стар,Сибирь,0,0,38,30,0.0,0.0,35,26,0.5737704918032787,0.4262295081967213,1317,7000,0.18814285714285714,0,https://www.championat.com/hockey/_superleague/tournament/5383/match/1104285/
Ак Барс,Салават Юлаев,0,1,21,26,0.0,0.038461538461538464,29,20,0.5918367346938775,0.40816326530612246,8695,8900,0.9769662921348314,0,https://www.championat.com/hockey/_superleague/tournament/5383/match/1104273/
Торпедо,Динамо М,3,1,19,48,0.15789473684210525,0.020833333333333332,25,24,0.5102040816326531,0.4897959183673469,5500,5600,0.9821428571428571,1,https://www.championat.com/hockey/_superleague/tournament/5383/match/1104275/
Локомотив,СКА,1,2,51,12,0.0196078431372549,0.16666666666666666,46,16,0.7419354838709677,0.25806451612903225,7450,9071,0.8212986440304266,0,https://www.championat.com/hockey/_superleague/tournament/5383/match/1104277/
ХК Сочи,ЦСКА,1,3,21,45,0.047619047619047616,0.06666666666666667,25,29,0.46296296296296297,0.5370370370370371,5353,12000,0.44608333333333333,0,https://www.championat.com/hockey/_superleague/tournament/5383/match/1104279/
Северсталь,Витязь,6,2,35,15,0.17142857142857143,0.13333333333333333,25,34,0.423728813559322,0.576271186440678,5300,6064,0.8740105540897097,1,https://www.championat.com/hockey/_superleague/tournament/5383/match/1104281/
Амур,Адмирал,0,2,48,35,0.0,0.05714285714285714,42,23,0.6461538461538462,0.35384615384615387,7100,7100,1.0,0,https://www.championat.com/hockey/_superleague/tournament/5383/match/1104287/
Нефтехимик,Авангард,1,4,26,32,0.038461538461538464,0.125,33,30,0.5238095238095238,0.47619047619047616,3671,6050,0.6067768595041322,0,https://www.championat.com/hockey/_superleague/tournament/5383/match/1104289/
Северсталь,Витязь,3,5,31,29,0.0967741935483871,0.1724137931034483,32,32,0.5,0.5,4748,6064,0.7829815303430079,0,https://www.championat.com/hockey/_superleague/tournament/5383/match/1104291/
Металлург Мг,Сибирь,4,1,33,37,0.12121212121212122,0.02702702702702703,21,26,0.44680851063829785,0.5531914893617021,6140,7700,0.7974025974025974,1,https://www.championat.com/hockey/_superleague/tournament/5383/match/1104293/
Лада,Динамо Мн,3,1,21,20,0.14285714285714285,0.05,26,31,0.45614035087719296,0.543859649122807,4327,6200,0.6979032258064516,1,https://www.championat.com/hockey/_superleague/tournament/5383/match/1104295/
Торпедо,Барыс,4,2,41,23,0.0975609756097561,0.08695652173913043,30,29,0.5084745762711864,0.4915254237288136,5500,5600,0.9821428571428571,1,https://www.championat.com/hockey/_superleague/tournament/5383/match/1104297/
СКА,ЦСКА,2,1,23,30,0.08695652173913043,0.03333333333333333,22,26,0.4583333333333333,0.5416666666666666,12448,12500,0.99584,1,https://www.championat.com/hockey/_superleague/tournament/5383/match/1104299/
Амур,Адмирал,2,1,46,32,0.043478260869565216,0.03125,32,29,0.5245901639344263,0.47540983606557374,7100,7100,1.0,1,https://www.championat.com/hockey/_superleague/tournament/5383/match/1104301/
Трактор,Авангард,0,0,33,42,0.0,0.0,27,30,0.47368421052631576,0.5263157894736842,7500,7500,1.0,0,https://www.championat.com/hockey/_superleague/tournament/5383/match/1104303/
Нефтехимик,Салават Юлаев,3,2,17,39,0.17647058823529413,0.05128205128205128,24,35,0.4067796610169492,0.5932203389830508,3390,6050,0.5603305785123966,1,https://www.championat.com/hockey/_superleague/tournament/5383/match/1104305/
Локомотив,Спартак,2,1,28,31,0.07142857142857142,0.03225806451612903,38,19,0.6666666666666666,0.3333333333333333,6979,9071,0.769374931099107,1,https://www.championat.com/hockey/_superleague/tournament/5383/match/1104307/
Динамо М,Ак Барс,4,1,35,22,0.11428571428571428,0.045454545454545456,32,19,0.6274509803921569,0.37254901960784315,9815,11500,0.8534782608695652,1,https://www.championat.com/hockey/_superleague/tournament/5383/match/1104309/
Сибирь,ХК Сочи,5,2,33,18,0.15151515151515152,0.1111111111111111,31,27,0.5344827586206896,0.46551724137931033,9812,12000,0.8176666666666667,1,https://www.championat.com/hockey/_superleague/tournament/5383/match/1104311/
Автомобилист,Динамо Мн,1,4,37,22,0.02702702702702703,0.18181818181818182,25,38,0.3968253968253968,0.6031746031746031,4284,5570,0.7691202872531419,0,https://www.championat.com/hockey/_superleague/tournament/5383/match/1104313/
Северсталь,ЦСКА,2,3,24,24,0.08333333333333333,0.125,26,40,0.3939393939393939,0.6060606060606061,4506,6064,0.7430738786279684,0,https://www.championat.com/hockey/_superleague/tournament/5383/match/1104315/
Барыс,Нефтехимик,0,0,25,25,0.0,0.0,30,37,0.44776119402985076,0.5522388059701493,4621,12000,0.38508333333333333,0,https://www.championat.com/hockey/_superleague/tournament/5383/match/1104317/
Металлург Мг,Трактор,6,3,30,35,0.2,0.08571428571428572,31,28,0.5254237288135594,0.4745762711864407,7120,7700,0.9246753246753247,1,https://www.championat.com/hockey/_superleague/tournament/5383/match/1104319/
Салават Юлаев,Авангард,3,1,35,37,0.08571428571428572,0.02702702702702703,25,45,0.35714285714285715,0.6428571428571429,7129,8522,0.8365407181412814,1,https://www.championat.com/hockey/_superleague/tournament/5383/match/1104321/
Локомотив,Лада,0,0,50,22,0.0,0.0,26,18,0.5909090909090909,0.4090909090909091,6686,9071,0.7370741924815346,0,https://www.championat.com/hockey/_superleague/tournament/5383/match/1104323/
Динамо М,Торпедо,3,2,26,27,0.11538461538461539,0.07407407407407407,25,21,0.5434782608695652,0.45652173913043476,9681,11500,0.8418260869565217,1,https://www.championat.com/hockey/_superleague/tournament/5383/match/1104325/
Куньлунь Ред Стар,Ак Барс,1,0,26,29,0.038461538461538464,0.0,26,25,0.5098039215686274,0.49019607843137253,1218,7000,0.174,1,https://www.championat.com/hockey/_superleague/tournament/5383/match/1104327/
СКА,Спартак,3,2,25,21,0.12,0.09523809523809523,30,23,0.5660377358490566,0.4339622641509434,12224,12500,0.97792,1,https://www.championat.com/hockey/_superleague/tournament/5383/match/1104329/
Амур,Северсталь,6,2,36,25,0.16666666666666666,0.08,39,18,0.6842105263157895,0.3157894736842105,5555,7100,0.782394366197183,1,https://www.championat.com/hockey/_superleague/tournament/5383/match/1104331/
Адмирал,ХК Сочи,3,1,34,24,0.08823529411764706,0.041666666666666664,20,32,0.38461538461538464,0.6153846153846154,4049,5915,0.684530853761623,1,https://www.championat.com/hockey/_superleague/tournament/5383/match/1104333/
Динамо Мн,ЦСКА,0,4,36,28,0.0,0.14285714285714285,30,21,0.5882352941176471,0.4117647058823529,15086,15266,0.9882090921000917,0,https://www.championat.com/hockey/_superleague/tournament/5383/match/1104335/
Сибирь,Нефтехимик,3,1,17,32,0.17647058823529413,0.03125,21,27,0.4375,0.5625,10587,10587,1.0,1,https://www.championat.com/hockey/_superleague/tournament/5383/match/1104337/
Металлург Мг,Спартак,3,1,47,31,0.06382978723404255,0.03225806451612903,34,18,0.6538461538461539,0.34615384615384615,7390,7700,0.9597402597402598,1,https://www.championat.com/hockey/_superleague/tournament/5383/match/1104341/
Салават Юлаев,Трактор,4,0,25,35,0.16,0.0,29,31,0.48333333333333334,0.5166666666666667,8414,8522,0.9873269185637175,1,https://www.championat.com/hockey/_superleague/tournament/5383/match/1104343/
Автомобилист,Лада,0,0,41,24,0.0,0.0,36,24,0.6,0.4,5545,5570,0.9955116696588869,0,https://www.championat.com/hockey/_superleague/tournament/5383/match/1104339/
Витязь,Ак Барс,2,3,29,19,0.06896551724137931,0.15789473684210525,24,31,0.43636363636363634,0.5636363636363636,5225,5525,0.9457013574660633,0,https://www.championat.com/hockey/_superleague/tournament/5383/match/1104345/
СКА,Торпедо,4,3,30,25,0.13333333333333333,0.12,32,32,0.5,0.5,12231,12500,0.97848,1,https://www.championat.com/hockey/_superleague/tournament/5383/match/1104347/
Амур,ХК Сочи,2,5,31,36,0.06451612903225806,0.1388888888888889,30,32,0.4838709677419355,0.5161290322580645,7100,7100,1.0,0,https://www.championat.com/hockey/_superleague/tournament/5383/match/1104349/
Адмирал,Северсталь,4,5,37,35,0.10810810810810811,0.14285714285714285,31,26,0.543859649122807,0.45614035087719296,5406,5915,0.9139475908706678,0,https://www.championat.com/hockey/_superleague/tournament/5383/match/1104351/
Динамо Мн,Динамо М,1,4,23,21,0.043478260869565216,0.19047619047619047,29,34,0.4603174603174603,0.5396825396825397,14501,15266,0.9498886414253898,0,https://www.championat.com/hockey/_superleague/tournament/5383/match/1104353/
Сибирь,Куньлунь Ред Стар,3,2,19,26,0.15789473684210525,0.07692307692307693,26,31,0.45614035087719296,0.543859649122807,9408,10587,0.8886370076508926,1,https://www.championat.com/hockey/_superleague/tournament/5383/match/1104355/
Барыс,Витязь,2,5,33,27,0.06060606060606061,0.18518518518518517,29,28,0.5087719298245614,0.49122807017543857,4101,12000,0.34175,0,https://www.championat.com/hockey/_superleague/tournament/5383/match/1104357/
Трактор,Торпедо,2,1,14,38,0.14285714285714285,0.02631578947368421,37,23,0.6166666666666667,0.38333333333333336,7500,7500,1.0,1,https://www.championat.com/hockey/_superleague/tournament/5383/match/1104359/
Автомобилист,Спартак,1,4,32,27,0.03125,0.14814814814814814,35,15,0.7,0.3,5545,5570,0.9955116696588869,0,https://www.championat.com/hockey/_superleague/tournament/5383/match/1104361/
ЦСКА,Локомотив,2,3,22,26,0.09090909090909091,0.11538461538461539,26,32,0.4482758620689655,0.5517241379310345,7575,12680,0.597397476340694,0,https://www.championat.com/hockey/_superleague/tournament/5383/match/1104363/
Амур,Адмирал,2,3,37,28,0.05405405405405406,0.10714285714285714,46,34,0.575,0.425,6555,7100,0.9232394366197183,0,https://www.championat.com/hockey/_superleague/tournament/5383/match/1104365/
Сибирь,Северсталь,1,2,37,24,0.02702702702702703,0.08333333333333333,30,21,0.5882352941176471,0.4117647058823529,9188,10587,0.8678568055161991,0,https://www.championat.com/hockey/_superleague/tournament/5383/match/1104367/
Нефтехимик,Металлург Мг,3,4,31,42,0.0967741935483871,0.09523809523809523,34,32,0.5151515151515151,0.48484848484848486,2916,6050,0.48198347107438017,0,https://www.championat.com/hockey/_superleague/tournament/5383/match/1104369/
Ак Барс,Лада,2,0,25,20,0.08,0.0,30,22,0.5769230769230769,0.4230769230769231,8008,8900,0.8997752808988764,1,https://www.championat.com/hockey/_superleague/tournament/5383/match/1104371/
СКА,Динамо М,5,3,32,36,0.15625,0.08333333333333333,27,32,0.4576271186440678,0.5423728813559322,11986,12500,0.95888,1,https://www.championat.com/hockey/_superleague/tournament/5383/match/1104373/
Авангард,Витязь,4,1,37,23,0.10810810810810811,0.043478260869565216,27,30,0.47368421052631576,0.5263157894736842,11570,12011,0.9632836566480726,1,https://www.championat.com/hockey/_superleague/tournament/5383/match/1104375/
Торпедо,Локомотив,3,2,29,43,0.10344827586206896,0.046511627906976744,38,41,0.4810126582278481,0.5189873417721519,5500,5600,0.9821428571428571,1,https://www.championat.com/hockey/_superleague/tournament/5383/match/1104377/
ЦСКА,Динамо Мн,5,3,29,33,0.1724137931034483,0.09090909090909091,29,31,0.48333333333333334,0.5166666666666667,5055,12680,0.39865930599369087,1,https://www.championat.com/hockey/_superleague/tournament/5383/match/1104379/
Сибирь,Адмирал,0,0,32,25,0.0,0.0,27,31,0.46551724137931033,0.5344827586206896,9832,12000,0.8193333333333334,0,https://www.championat.com/hockey/_superleague/tournament/5383/match/1104381/
Барыс,Металлург Мг,5,2,29,35,0.1724137931034483,0.05714285714285714,29,31,0.48333333333333334,0.5166666666666667,6387,12000,0.53225,1,https://www.championat.com/hockey/_superleague/tournament/5383/match/1104383/
Салават Юлаев,Лада,5,2,30,19,0.16666666666666666,0.10526315789473684,29,36,0.4461538461538462,0.5538461538461539,7212,8522,0.8462802159117578,1,https://www.championat.com/hockey/_superleague/tournament/5383/match/1104385/
Ак Барс,Автомобилист,3,2,18,29,0.16666666666666666,0.06896551724137931,21,22,0.4883720930232558,0.5116279069767442,7385,8900,0.8297752808988764,1,https://www.championat.com/hockey/_superleague/tournament/5383/match/1104387/
Куньлунь Ред Стар,Спартак,5,3,29,35,0.1724137931034483,0.08571428571428572,37,25,0.5967741935483871,0.4032258064516129,2634,7000,0.3762857142857143,1,https://www.championat.com/hockey/_superleague/tournament/5383/match/1104389/
Амур,Динамо Мн,2,1,24,31,0.08333333333333333,0.03225806451612903,28,28,0.5,0.5,5730,7100,0.8070422535211268,1,https://www.championat.com/hockey/_superleague/tournament/5383/match/1104391/
Авангард,Нефтехимик,4,3,27,33,0.14814814814814814,0.09090909090909091,29,30,0.4915254237288136,0.5084745762711864,11468,12011,0.9547914411789193,1,https://www.championat.com/hockey/_superleague/tournament/5383/match/1104393/
Трактор,Динамо М,2,4,36,30,0.05555555555555555,0.13333333333333333,30,31,0.4918032786885246,0.5081967213114754,7500,7500,1.0,0,https://www.championat.com/hockey/_superleague/tournament/5383/match/1104395/
ХК Сочи,Локомотив,0,2,29,37,0.0,0.05405405405405406,27,28,0.4909090909090909,0.509090909090909,3858,12000,0.3215,0,https://www.championat.com/hockey/_superleague/tournament/5383/match/1104397/
СКА,Витязь,0,0,34,21,0.0,0.0,26,30,0.4642857142857143,0.5357142857142857,11954,12500,0.95632,0,https://www.championat.com/hockey/_superleague/tournament/5383/match/1104399/
Сибирь,Лада,2,3,40,32,0.05,0.09375,27,24,0.5294117647058824,0.47058823529411764,10574,10587,0.9987720789647682,0,https://www.championat.com/hockey/_superleague/tournament/5383/match/1104401/
Салават Юлаев,Спартак,3,2,42,30,0.07142857142857142,0.06666666666666667,34,22,0.6071428571428571,0.39285714285714285,8501,8522,0.9975357897207229,1,https://www.championat.com/hockey/_superleague/tournament/5383/match/1104403/
Куньлунь Ред Стар,Автомобилист,5,2,36,44,0.1388888888888889,0.045454545454545456,38,19,0.6666666666666666,0.3333333333333333,1025,7000,0.14642857142857144,1,https://www.championat.com/hockey/_superleague/tournament/5383/match/1104405/
Адмирал,Динамо Мн,1,3,40,37,0.025,0.08108108108108109,21,33,0.3888888888888889,0.6111111111111112,5435,5915,0.9188503803888419,0,https://www.championat.com/hockey/_superleague/tournament/5383/match/1104407/
Трактор,ЦСКА,3,1,29,31,0.10344827586206896,0.03225806451612903,27,36,0.42857142857142855,0.5714285714285714,7500,7500,1.0,1,https://www.championat.com/hockey/_superleague/tournament/5383/match/1104409/
Металлург Мг,СКА,2,3,40,35,0.05,0.08571428571428572,29,26,0.5272727272727272,0.4727272727272727,7277,7700,0.945064935064935,0,https://www.championat.com/hockey/_superleague/tournament/5383/match/1104411/
Торпедо,Динамо М,4,1,27,38,0.14814814814814814,0.02631578947368421,21,32,0.39622641509433965,0.6037735849056604,5500,5600,0.9821428571428571,1,https://www.championat.com/hockey/_superleague/tournament/5383/match/1104415/
Северсталь,Барыс,0,0,39,12,0.0,0.0,26,25,0.5098039215686274,0.49019607843137253,4799,6064,0.791391820580475,0,https://www.championat.com/hockey/_superleague/tournament/5383/match/1104419/
Ак Барс,Нефтехимик,4,0,28,33,0.14285714285714285,0.0,34,22,0.6071428571428571,0.39285714285714285,7879,8900,0.8852808988764045,1,https://www.championat.com/hockey/_superleague/tournament/5383/match/1104413/
ХК Сочи,Локомотив,0,0,27,53,0.0,0.0,22,32,0.4074074074074074,0.5925925925925926,4088,12000,0.3406666666666667,0,https://www.championat.com/hockey/_superleague/tournament/5383/match/1104417/
Авангард,Амур,2,1,29,28,0.06896551724137931,0.03571428571428571,27,30,0.47368421052631576,0.5263157894736842,11254,12011,0.9369744400965782,1,https://www.championat.com/hockey/_superleague/tournament/5383/match/1104421/
Сибирь,Динамо Мн,2,3,29,34,0.06896551724137931,0.08823529411764706,25,40,0.38461538461538464,0.6153846153846154,8234,12000,0.6861666666666667,0,https://www.championat.com/hockey/_superleague/tournament/5383/match/1104423/
Авангард,Барыс,5,1,42,20,0.11904761904761904,0.05,29,23,0.5576923076923077,0.4423076923076923,11344,12011,0.9444675713928898,1,https://www.championat.com/hockey/_superleague/tournament/5383/match/1104425/
Трактор,Нефтехимик,4,1,44,23,0.09090909090909091,0.043478260869565216,29,28,0.5087719298245614,0.49122807017543857,7182,7500,0.9576,1,https://www.championat.com/hockey/_superleague/tournament/5383/match/1103813/
Автомобилист,СКА,3,2,22,44,0.13636363636363635,0.045454545454545456,27,38,0.4153846153846154,0.5846153846153846,5351,5570,0.9606822262118492,1,https://www.championat.com/hockey/_superleague/tournament/5383/match/1104427/
Металлург Мг,ЦСКА,0,3,28,25,0.0,0.12,25,25,0.5,0.5,6934,7700,0.9005194805194805,0,https://www.championat.com/hockey/_superleague/tournament/5383/match/1104429/
Лада,Торпедо,2,4,16,33,0.125,0.12121212121212122,25,24,0.5102040816326531,0.4897959183673469,5881,6200,0.9485483870967742,0,https://www.championat.com/hockey/_superleague/tournament/5383/match/1104431/
Северсталь,Ак Барс,4,1,27,45,0.14814814814814814,0.022222222222222223,28,35,0.4444444444444444,0.5555555555555556,4192,6064,0.6912928759894459,1,https://www.championat.com/hockey/_superleague/tournament/5383/match/1104433/
Витязь,Салават Юлаев,2,5,20,26,0.1,0.19230769230769232,30,14,0.6818181818181818,0.3181818181818182,2245,5525,0.4063348416289593,0,https://www.championat.com/hockey/_superleague/tournament/5383/match/1104435/
Спартак,Динамо М,0,0,26,39,0.0,0.0,29,40,0.42028985507246375,0.5797101449275363,8903,12724,0.699701351776171,0,https://www.championat.com/hockey/_superleague/tournament/5383/match/1104437/
Куньлунь Ред Стар,ХК Сочи,0,0,32,39,0.0,0.0,27,42,0.391304347826087,0.6086956521739131,549,7000,0.07842857142857143,0,https://www.championat.com/hockey/_superleague/tournament/5383/match/1104439/
Адмирал,Амур,3,4,38,50,0.07894736842105263,0.08,28,53,0.345679012345679,0.654320987654321,4328,5915,0.7316990701606086,0,https://www.championat.com/hockey/_superleague/tournament/5383/match/1104441/
Адмирал,Амур,1,0,28,30,0.03571428571428571,0.0,20,38,0.3448275862068966,0.6551724137931034,3829,5915,0.6473372781065089,1,https://www.championat.com/hockey/_superleague/tournament/5383/match/1104443/
Сибирь,Барыс,5,1,32,38,0.15625,0.02631578947368421,36,33,0.5217391304347826,0.4782608695652174,9003,10587,0.8503825446302069,1,https://www.championat.com/hockey/_superleague/tournament/5383/match/1104445/
Трактор,СКА,1,3,20,39,0.05,0.07692307692307693,21,38,0.3559322033898305,0.6440677966101694,7500,7500,1.0,0,https://www.championat.com/hockey/_superleague/tournament/5383/match/1104447/
Автомобилист,Салават Юлаев,0,0,24,30,0.0,0.0,19,29,0.3958333333333333,0.6041666666666666,4408,5570,0.7913824057450628,0,https://www.championat.com/hockey/_superleague/tournament/5383/match/1104449/
Металлург Мг,Торпедо,2,3,33,20,0.06060606060606061,0.15,26,23,0.5306122448979592,0.46938775510204084,6720,7700,0.8727272727272727,0,https://www.championat.com/hockey/_superleague/tournament/5383/match/1104451/
Лада,Нефтехимик,3,0,21,27,0.14285714285714285,0.0,25,20,0.5555555555555556,0.4444444444444444,4517,6200,0.7285483870967742,1,https://www.championat.com/hockey/_superleague/tournament/5383/match/1104453/
Локомотив,Ак Барс,3,1,33,28,0.09090909090909091,0.03571428571428571,37,28,0.5692307692307692,0.4307692307692308,2000,9071,0.22048285745783266,1,https://www.championat.com/hockey/_superleague/tournament/5383/match/1104455/
Витязь,ЦСКА,1,4,16,31,0.0625,0.12903225806451613,23,27,0.46,0.54,3434,5525,0.6215384615384615,0,https://www.championat.com/hockey/_superleague/tournament/5383/match/1104459/
Северсталь,Динамо М,1,2,27,25,0.037037037037037035,0.08,26,36,0.41935483870967744,0.5806451612903226,3728,6064,0.6147757255936676,0,https://www.championat.com/hockey/_superleague/tournament/5383/match/1104457/
Спартак,ХК Сочи,4,3,37,21,0.10810810810810811,0.14285714285714285,29,29,0.5,0.5,4591,12724,0.36081420936812325,1,https://www.championat.com/hockey/_superleague/tournament/5383/match/1104461/
Авангард,Ак Барс,0,4,36,26,0.0,0.15384615384615385,26,41,0.3880597014925373,0.6119402985074627,12011,12011,1.0,0,https://www.championat.com/hockey/_superleague/tournament/5383/match/1104463/
Автомобилист,Трактор,0,0,29,40,0.0,0.0,29,26,0.5272727272727272,0.4727272727272727,5320,5570,0.9551166965888689,0,https://www.championat.com/hockey/_superleague/tournament/5383/match/1104465/
Салават Юлаев,Барыс,5,4,19,32,0.2631578947368421,0.125,24,26,0.48,0.52,6834,8522,0.8019244308847688,1,https://www.championat.com/hockey/_superleague/tournament/5383/match/1104467/
Лада,Сибирь,0,0,15,24,0.0,0.0,25,27,0.4807692307692308,0.5192307692307693,6200,1,6200.0,0,https://www.championat.com/hockey/_superleague/tournament/5383/match/1104469/
Торпедо,Спартак,2,5,28,42,0.07142857142857142,0.11904761904761904,35,28,0.5555555555555556,0.4444444444444444,5500,5600,0.9821428571428571,0,https://www.championat.com/hockey/_superleague/tournament/5383/match/1104471/
Локомотив,Северсталь,0,1,30,16,0.0,0.0625,35,22,0.6140350877192983,0.38596491228070173,5911,9071,0.6516370852166244,0,https://www.championat.com/hockey/_superleague/tournament/5383/match/1104473/
Динамо Мн,Витязь,4,1,43,25,0.09302325581395349,0.04,35,24,0.5932203389830508,0.4067796610169492,11010,15266,0.7212105332110572,1,https://www.championat.com/hockey/_superleague/tournament/5383/match/1104479/
Динамо М,ЦСКА,4,1,42,29,0.09523809523809523,0.034482758620689655,38,33,0.5352112676056338,0.4647887323943662,9814,11500,0.8533913043478261,1,https://www.championat.com/hockey/_superleague/tournament/5383/match/1104475/
СКА,ХК Сочи,7,2,66,17,0.10606060606060606,0.11764705882352941,37,34,0.5211267605633803,0.4788732394366197,11244,12500,0.89952,1,https://www.championat.com/hockey/_superleague/tournament/5383/match/1104477/
Адмирал,Амур,0,0,32,48,0.0,0.0,30,34,0.46875,0.53125,4527,5915,0.7653423499577345,0,https://www.championat.com/hockey/_superleague/tournament/5383/match/1104481/
Авангард,ХК Сочи,8,3,42,22,0.19047619047619047,0.13636363636363635,31,31,0.5,0.5,11230,12011,0.934976271750895,1,https://www.championat.com/hockey/_superleague/tournament/5383/match/1104483/
Автомобилист,Ак Барс,2,1,24,28,0.08333333333333333,0.03571428571428571,21,23,0.4772727272727273,0.5227272727272727,5545,5570,0.9955116696588869,1,https://www.championat.com/hockey/_superleague/tournament/5383/match/1104485/
Лада,Сибирь,4,1,25,32,0.16,0.03125,28,29,0.49122807017543857,0.5087719298245614,4437,6200,0.7156451612903226,1,https://www.championat.com/hockey/_superleague/tournament/5383/match/1104489/
Нефтехимик,Барыс,3,2,23,33,0.13043478260869565,0.06060606060606061,30,28,0.5172413793103449,0.4827586206896552,2374,6050,0.39239669421487605,1,https://www.championat.com/hockey/_superleague/tournament/5383/match/1104487/
Локомотив,Витязь,5,2,53,19,0.09433962264150944,0.10526315789473684,47,22,0.6811594202898551,0.3188405797101449,2000,9071,0.22048285745783266,1,https://www.championat.com/hockey/_superleague/tournament/5383/match/1104491/
Северсталь,Торпедо,1,3,24,15,0.041666666666666664,0.2,29,26,0.5272727272727272,0.4727272727272727,3140,6064,0.5178100263852242,0,https://www.championat.com/hockey/_superleague/tournament/5383/match/1104493/
Динамо М,Трактор,4,3,41,32,0.0975609756097561,0.09375,36,22,0.6206896551724138,0.3793103448275862,6775,11500,0.5891304347826087,1,https://www.championat.com/hockey/_superleague/tournament/5383/match/1104495/
СКА,ЦСКА,6,2,40,39,0.15,0.05128205128205128,39,31,0.5571428571428572,0.44285714285714284,12362,12500,0.98896,1,https://www.championat.com/hockey/_superleague/tournament/5383/match/1104497/
Металлург Мг,Амур,0,0,29,42,0.0,0.0,34,24,0.5862068965517241,0.41379310344827586,7700,1,7700.0,0,https://www.championat.com/hockey/_superleague/tournament/5383/match/1104499/
Салават Юлаев,Адмирал,1,2,43,28,0.023255813953488372,0.07142857142857142,31,29,0.5166666666666667,0.48333333333333334,8522,8522,1.0,0,https://www.championat.com/hockey/_superleague/tournament/5383/match/1104501/
Спартак,Динамо Мн,4,2,26,27,0.15384615384615385,0.07407407407407407,20,25,0.4444444444444444,0.5555555555555556,3618,12396,0.2918683446272991,1,https://www.championat.com/hockey/_superleague/tournament/5383/match/1104503/
Куньлунь Ред Стар,Трактор,2,5,35,29,0.05714285714285714,0.1724137931034483,38,23,0.6229508196721312,0.3770491803278688,795,7000,0.11357142857142857,0,https://www.championat.com/hockey/_superleague/tournament/5383/match/1104505/
Сибирь,Ак Барс,4,2,25,35,0.16,0.05714285714285714,17,34,0.3333333333333333,0.6666666666666666,10620,12000,0.885,1,https://www.championat.com/hockey/_superleague/tournament/5383/match/1104507/
Барыс,ХК Сочи,0,0,37,28,0.0,0.0,31,24,0.5636363636363636,0.43636363636363634,5546,12000,0.46216666666666667,0,https://www.championat.com/hockey/_superleague/tournament/5383/match/1104509/
Нефтехимик,Динамо М,0,0,27,39,0.0,0.0,32,37,0.463768115942029,0.5362318840579711,3061,6050,0.5059504132231405,0,https://www.championat.com/hockey/_superleague/tournament/5383/match/1104511/
Торпедо,СКА,3,1,24,36,0.125,0.027777777777777776,35,36,0.49295774647887325,0.5070422535211268,5500,5600,0.9821428571428571,1,https://www.championat.com/hockey/_superleague/tournament/5383/match/1104513/
Локомотив,ЦСКА,0,0,38,29,0.0,0.0,37,27,0.578125,0.421875,7398,9071,0.815566089736523,0,https://www.championat.com/hockey/_superleague/tournament/5383/match/1104515/
Авангард,Металлург Мг,2,3,34,33,0.058823529411764705,0.09090909090909091,30,29,0.5084745762711864,0.4915254237288136,12011,12011,1.0,0,https://www.championat.com/hockey/_superleague/tournament/5383/match/1104517/
Витязь,Динамо Мн,6,4,22,35,0.2727272727272727,0.11428571428571428,28,37,0.4307692307692308,0.5692307692307692,3087,5525,0.5587330316742082,1,https://www.championat.com/hockey/_superleague/tournament/5383/match/1104523/
Спартак,Куньлунь Ред Стар,5,2,41,27,0.12195121951219512,0.07407407407407407,30,47,0.38961038961038963,0.6103896103896104,4277,8600,0.4973255813953488,1,https://www.championat.com/hockey/_superleague/tournament/5383/match/1104525/
Лада,Автомобилист,1,5,17,32,0.058823529411764705,0.15625,30,34,0.46875,0.53125,5116,6200,0.8251612903225807,0,https://www.championat.com/hockey/_superleague/tournament/5383/match/1104519/
Северсталь,Адмирал,3,1,25,27,0.12,0.037037037037037035,26,38,0.40625,0.59375,3898,6064,0.6428100263852242,1,https://www.championat.com/hockey/_superleague/tournament/5383/match/1104521/
Амур,Нефтехимик,4,1,22,36,0.18181818181818182,0.027777777777777776,34,30,0.53125,0.46875,5775,7100,0.8133802816901409,1,https://www.championat.com/hockey/_superleague/tournament/5383/match/1104527/
Динамо М,СКА,2,3,31,30,0.06451612903225806,0.1,32,26,0.5517241379310345,0.4482758620689655,8572,11500,0.7453913043478261,0,https://www.championat.com/hockey/_superleague/tournament/5383/match/1104529/
ЦСКА,Салават Юлаев,0,0,44,29,0.0,0.0,37,24,0.6065573770491803,0.39344262295081966,6909,12680,0.5448738170347003,0,https://www.championat.com/hockey/_superleague/tournament/5383/match/1104531/
Сибирь,Авангард,0,0,35,35,0.0,0.0,27,37,0.421875,0.578125,10576,10587,0.9989609898932653,0,https://www.championat.com/hockey/_superleague/tournament/5383/match/1104533/
Лада,Металлург Мг,5,1,28,37,0.17857142857142858,0.02702702702702703,22,20,0.5238095238095238,0.47619047619047616,6200,1,6200.0,1,https://www.championat.com/hockey/_superleague/tournament/5383/match/1104535/
Торпедо,Спартак,2,1,29,32,0.06896551724137931,0.03125,27,31,0.46551724137931033,0.5344827586206896,5500,5600,0.9821428571428571,1,https://www.championat.com/hockey/_superleague/tournament/5383/match/1104537/
Северсталь,Трактор,3,5,32,27,0.09375,0.18518518518518517,25,28,0.4716981132075472,0.5283018867924528,2432,6064,0.40105540897097625,0,https://www.championat.com/hockey/_superleague/tournament/5383/match/1104541/
Динамо Мн,Автомобилист,1,4,22,24,0.045454545454545456,0.16666666666666666,33,21,0.6111111111111112,0.3888888888888889,11418,15266,0.7479365911175161,0,https://www.championat.com/hockey/_superleague/tournament/5383/match/1104545/
ХК Сочи,Адмирал,3,5,30,28,0.1,0.17857142857142858,45,15,0.75,0.25,2543,12000,0.21191666666666667,0,https://www.championat.com/hockey/_superleague/tournament/5383/match/1104539/
Куньлунь Ред Стар,Локомотив,1,2,21,37,0.047619047619047616,0.05405405405405406,25,23,0.5208333333333334,0.4791666666666667,973,7000,0.139,0,https://www.championat.com/hockey/_superleague/tournament/5383/match/1104543/
Амур,Нефтехимик,4,2,23,39,0.17391304347826086,0.05128205128205128,34,28,0.5483870967741935,0.45161290322580644,6642,7100,0.9354929577464789,1,https://www.championat.com/hockey/_superleague/tournament/5383/match/1104547/
ЦСКА,СКА,0,2,43,35,0.0,0.05714285714285714,33,34,0.4925373134328358,0.5074626865671642,8560,12680,0.6750788643533123,0,https://www.championat.com/hockey/_superleague/tournament/5383/match/1104549/
Сибирь,Трактор,0,3,21,34,0.0,0.08823529411764706,23,25,0.4791666666666667,0.5208333333333334,10556,10587,0.9970718806082932,0,https://www.championat.com/hockey/_superleague/tournament/5383/match/1104551/
Барыс,Авангард,5,1,33,33,0.15151515151515152,0.030303030303030304,30,33,0.47619047619047616,0.5238095238095238,6027,12000,0.50225,1,https://www.championat.com/hockey/_superleague/tournament/5383/match/1104553/
Лада,Динамо М,4,0,20,38,0.2,0.0,25,32,0.43859649122807015,0.5614035087719298,5664,6200,0.9135483870967742,1,https://www.championat.com/hockey/_superleague/tournament/5383/match/1104555/
Ак Барс,Металлург Мг,1,4,24,40,0.041666666666666664,0.1,32,26,0.5517241379310345,0.4482758620689655,7617,8900,0.8558426966292135,0,https://www.championat.com/hockey/_superleague/tournament/5383/match/1104557/
Торпедо,Локомотив,3,5,29,33,0.10344827586206896,0.15151515151515152,27,30,0.47368421052631576,0.5263157894736842,5500,5600,0.9821428571428571,0,https://www.championat.com/hockey/_superleague/tournament/5383/match/1104559/
Северсталь,Куньлунь Ред Стар,3,1,33,30,0.09090909090909091,0.03333333333333333,18,35,0.33962264150943394,0.660377358490566,3075,6064,0.5070910290237467,1,https://www.championat.com/hockey/_superleague/tournament/5383/match/1104563/
Витязь,Автомобилист,2,3,24,30,0.08333333333333333,0.1,30,31,0.4918032786885246,0.5081967213114754,2542,5525,0.46009049773755656,0,https://www.championat.com/hockey/_superleague/tournament/5383/match/1104565/
Динамо Мн,Спартак,1,4,44,21,0.022727272727272728,0.19047619047619047,27,23,0.54,0.46,14503,15266,0.9500196515131665,0,https://www.championat.com/hockey/_superleague/tournament/5383/match/1104567/
ХК Сочи,Салават Юлаев,4,6,25,34,0.16,0.17647058823529413,26,27,0.49056603773584906,0.5094339622641509,3568,12000,0.29733333333333334,0,https://www.championat.com/hockey/_superleague/tournament/5383/match/1104561/
Адмирал,Нефтехимик,3,4,31,46,0.0967741935483871,0.08695652173913043,38,24,0.6129032258064516,0.3870967741935484,3708,5915,0.6268808114961961,0,https://www.championat.com/hockey/_superleague/tournament/5383/match/1104569/
Адмирал,Нефтехимик,2,5,37,31,0.05405405405405406,0.16129032258064516,34,32,0.5151515151515151,0.48484848484848486,5140,5915,0.8689771766694844,0,https://www.championat.com/hockey/_superleague/tournament/5383/match/1104571/
Барыс,Трактор,5,1,29,26,0.1724137931034483,0.038461538461538464,34,22,0.6071428571428571,0.39285714285714285,9491,12000,0.7909166666666667,1,https://www.championat.com/hockey/_superleague/tournament/5383/match/1104573/
Металлург Мг,Куньлунь Ред Стар,4,1,30,47,0.13333333333333333,0.02127659574468085,28,31,0.4745762711864407,0.5254237288135594,7019,7700,0.9115584415584416,1,https://www.championat.com/hockey/_superleague/tournament/5383/match/1104575/
Ак Барс,Салават Юлаев,3,2,23,39,0.13043478260869565,0.05128205128205128,27,27,0.5,0.5,7290,8900,0.8191011235955056,1,https://www.championat.com/hockey/_superleague/tournament/5383/match/1104579/
Витязь,Спартак,0,0,25,25,0.0,0.0,33,39,0.4583333333333333,0.5416666666666666,5510,5525,0.9972850678733032,0,https://www.championat.com/hockey/_superleague/tournament/5383/match/1104585/
Лада,Авангард,1,2,23,20,0.043478260869565216,0.1,26,14,0.65,0.35,6017,6200,0.9704838709677419,0,https://www.championat.com/hockey/_superleague/tournament/5383/match/1104577/
Локомотив,Динамо М,2,0,32,41,0.0625,0.0,25,33,0.43103448275862066,0.5689655172413793,7346,9071,0.8098335354426194,1,https://www.championat.com/hockey/_superleague/tournament/5383/match/1104581/
ХК Сочи,Динамо Мн,4,7,27,39,0.14814814814814814,0.1794871794871795,23,37,0.38333333333333336,0.6166666666666667,3750,12000,0.3125,0,https://www.championat.com/hockey/_superleague/tournament/5383/match/1104583/
ЦСКА,Северсталь,3,1,26,28,0.11538461538461539,0.03571428571428571,40,15,0.7272727272727273,0.2727272727272727,8644,12680,0.6817034700315457,1,https://www.championat.com/hockey/_superleague/tournament/5383/match/1104587/
СКА,Автомобилист,4,0,28,27,0.14285714285714285,0.0,37,24,0.6065573770491803,0.39344262295081966,12482,12500,0.99856,1,https://www.championat.com/hockey/_superleague/tournament/5383/match/1104589/
Сибирь,Адмирал,4,1,27,40,0.14814814814814814,0.025,37,25,0.5967741935483871,0.4032258064516129,10591,12000,0.8825833333333334,1,https://www.championat.com/hockey/_superleague/tournament/5383/match/1104591/
Авангард,Салават Юлаев,2,4,21,30,0.09523809523809523,0.13333333333333333,27,19,0.5869565217391305,0.41304347826086957,12011,12011,1.0,0,https://www.championat.com/hockey/_superleague/tournament/5383/match/1104593/
Автомобилист,Трактор,4,3,29,29,0.13793103448275862,0.10344827586206896,31,16,0.6595744680851063,0.3404255319148936,5545,5570,0.9955116696588869,1,https://www.championat.com/hockey/_superleague/tournament/5383/match/1104595/
Локомотив,Барыс,4,5,38,21,0.10526315789473684,0.23809523809523808,42,23,0.6461538461538462,0.35384615384615387,2000,9071,0.22048285745783266,0,https://www.championat.com/hockey/_superleague/tournament/5383/match/1104597/
ХК Сочи,Металлург Мг,0,0,34,36,0.0,0.0,29,28,0.5087719298245614,0.49122807017543857,9598,12000,0.7998333333333333,0,https://www.championat.com/hockey/_superleague/tournament/5383/match/1104599/
Северсталь,Амур,4,2,28,30,0.14285714285714285,0.06666666666666667,23,41,0.359375,0.640625,5288,6064,0.8720316622691293,1,https://www.championat.com/hockey/_superleague/tournament/5383/match/1104601/
СКА,Витязь,6,1,43,18,0.13953488372093023,0.05555555555555555,43,24,0.6417910447761194,0.3582089552238806,12434,12500,0.99472,1,https://www.championat.com/hockey/_superleague/tournament/5383/match/1104603/
Торпедо,Куньлунь Ред Стар,0,0,42,29,0.0,0.0,34,33,0.5074626865671642,0.4925373134328358,5500,5600,0.9821428571428571,0,https://www.championat.com/hockey/_superleague/tournament/5383/match/1104607/
Нефтехимик,Лада,0,0,50,25,0.0,0.0,39,25,0.609375,0.390625,3464,6050,0.5725619834710743,0,https://www.championat.com/hockey/_superleague/tournament/5383/match/1104605/
Сибирь,Салават Юлаев,0,0,19,50,0.0,0.0,21,27,0.4375,0.5625,10632,12000,0.886,0,https://www.championat.com/hockey/_superleague/tournament/5383/match/1104609/
Трактор,Барыс,5,1,28,30,0.17857142857142858,0.03333333333333333,27,33,0.45,0.55,7500,7500,1.0,1,https://www.championat.com/hockey/_superleague/tournament/5383/match/1104611/
Нефтехимик,Металлург Мг,0,0,28,37,0.0,0.0,33,34,0.4925373134328358,0.5074626865671642,3621,6050,0.5985123966942149,0,https://www.championat.com/hockey/_superleague/tournament/5383/match/1104613/
Ак Барс,Адмирал,0,0,35,33,0.0,0.0,29,27,0.5178571428571429,0.48214285714285715,7902,8900,0.8878651685393258,0,https://www.championat.com/hockey/_superleague/tournament/5383/match/1104615/
ХК Сочи,Автомобилист,1,4,31,32,0.03225806451612903,0.125,26,27,0.49056603773584906,0.5094339622641509,8223,12000,0.68525,0,https://www.championat.com/hockey/_superleague/tournament/5383/match/1104617/
Северсталь,Витязь,4,3,45,21,0.08888888888888889,0.14285714285714285,27,23,0.54,0.46,5174,6064,0.8532321899736148,1,https://www.championat.com/hockey/_superleague/tournament/5383/match/1104619/
СКА,Локомотив,1,2,29,28,0.034482758620689655,0.07142857142857142,25,30,0.45454545454545453,0.5454545454545454,12446,12500,0.99568,0,https://www.championat.com/hockey/_superleague/tournament/5383/match/1104623/
ЦСКА,Спартак,3,1,32,33,0.09375,0.030303030303030304,24,27,0.47058823529411764,0.5294117647058824,9455,12680,0.7456624605678234,1,https://www.championat.com/hockey/_superleague/tournament/5383/match/1104621/
Динамо Мн,Амур,0,0,47,17,0.0,0.0,42,35,0.5454545454545454,0.45454545454545453,14157,15266,0.9273549063277873,0,https://www.championat.com/hockey/_superleague/tournament/5383/match/1104625/
Динамо М,Куньлунь Ред Стар,7,1,56,21,0.125,0.047619047619047616,33,27,0.55,0.45,8776,11500,0.7631304347826087,1,https://www.championat.com/hockey/_superleague/tournament/5383/match/1104629/
Авангард,Лада,5,3,20,23,0.25,0.13043478260869565,35,21,0.625,0.375,12011,12011,1.0,1,https://www.championat.com/hockey/_superleague/tournament/5383/match/1104627/
Торпедо,Динамо Мн,2,5,30,38,0.06666666666666667,0.13157894736842105,21,29,0.42,0.58,5500,5600,0.9821428571428571,0,https://www.championat.com/hockey/_superleague/tournament/5383/match/1104637/
Трактор,Локомотив,1,3,28,23,0.03571428571428571,0.13043478260869565,18,22,0.45,0.55,7500,7500,1.0,0,https://www.championat.com/hockey/_superleague/tournament/5383/match/1104631/
Салават Юлаев,Барыс,5,3,51,28,0.09803921568627451,0.10714285714285714,28,37,0.4307692307692308,0.5692307692307692,8487,8522,0.9958929828678714,1,https://www.championat.com/hockey/_superleague/tournament/5383/match/1104633/
Ак Барс,Автомобилист,2,1,33,26,0.06060606060606061,0.038461538461538464,28,25,0.5283018867924528,0.4716981132075472,7865,8900,0.8837078651685393,1,https://www.championat.com/hockey/_superleague/tournament/5383/match/1104635/
Северсталь,ХК Сочи,3,0,44,18,0.06818181818181818,0.0,32,21,0.6037735849056604,0.39622641509433965,5195,6064,0.8566952506596306,1,https://www.championat.com/hockey/_superleague/tournament/5383/match/1104639/
Витязь,Нефтехимик,2,4,23,21,0.08695652173913043,0.19047619047619047,30,27,0.5263157894736842,0.47368421052631576,3635,5525,0.6579185520361991,0,https://www.championat.com/hockey/_superleague/tournament/5383/match/1104641/
Динамо М,Спартак,0,0,36,37,0.0,0.0,41,28,0.5942028985507246,0.4057971014492754,9767,11500,0.849304347826087,0,https://www.championat.com/hockey/_superleague/tournament/5383/match/1104643/
ЦСКА,Куньлунь Ред Стар,4,3,44,24,0.09090909090909091,0.125,30,28,0.5172413793103449,0.4827586206896552,7858,12680,0.6197160883280757,1,https://www.championat.com/hockey/_superleague/tournament/5383/match/1104645/
СКА,Металлург Мг,0,0,44,32,0.0,0.0,42,29,0.5915492957746479,0.4084507042253521,12384,12500,0.99072,0,https://www.championat.com/hockey/_superleague/tournament/5383/match/1104647/
Амур,Сибирь,4,0,28,25,0.14285714285714285,0.0,37,24,0.6065573770491803,0.39344262295081966,7100,7100,1.0,1,https://www.championat.com/hockey/_superleague/tournament/5383/match/1104649/
Адмирал,Авангард,0,0,33,35,0.0,0.0,22,20,0.5238095238095238,0.47619047619047616,5545,5915,0.937447168216399,0,https://www.championat.com/hockey/_superleague/tournament/5383/match/1104651/
Трактор,Нефтехимик,5,3,32,29,0.15625,0.10344827586206896,27,42,0.391304347826087,0.6086956521739131,7438,7500,0.9917333333333334,1,https://www.championat.com/hockey/_superleague/tournament/5383/match/1104653/
Металлург Мг,Локомотив,5,3,31,37,0.16129032258064516,0.08108108108108109,26,37,0.4126984126984127,0.5873015873015873,7111,7700,0.9235064935064935,1,https://www.championat.com/hockey/_superleague/tournament/5383/match/1104655/
Салават Юлаев,Куньлунь Ред Стар,1,2,36,27,0.027777777777777776,0.07407407407407407,30,27,0.5263157894736842,0.47368421052631576,6832,8522,0.8016897441915043,0,https://www.championat.com/hockey/_superleague/tournament/5383/match/1104657/
Лада,Автомобилист,1,4,22,32,0.045454545454545456,0.125,28,29,0.49122807017543857,0.5087719298245614,4798,6200,0.7738709677419355,0,https://www.championat.com/hockey/_superleague/tournament/5383/match/1104659/
Динамо Мн,Спартак,3,1,29,26,0.10344827586206896,0.038461538461538464,27,22,0.5510204081632653,0.4489795918367347,8570,15266,0.5613782261234115,1,https://www.championat.com/hockey/_superleague/tournament/5383/match/1104667/
Ак Барс,Барыс,1,0,30,21,0.03333333333333333,0.0,34,22,0.6071428571428571,0.39285714285714285,6346,8900,0.7130337078651685,1,https://www.championat.com/hockey/_superleague/tournament/5383/match/1104661/
Динамо М,ХК Сочи,5,1,49,19,0.10204081632653061,0.05263157894736842,42,23,0.6461538461538462,0.35384615384615387,3931,11500,0.3418260869565217,1,https://www.championat.com/hockey/_superleague/tournament/5383/match/1104663/
ЦСКА,Торпедо,7,2,34,15,0.20588235294117646,0.13333333333333333,25,25,0.5,0.5,7107,12680,0.5604889589905363,1,https://www.championat.com/hockey/_superleague/tournament/5383/match/1104665/
Амур,Сибирь,1,4,34,26,0.029411764705882353,0.15384615384615385,32,30,0.5161290322580645,0.4838709677419355,6404,7100,0.9019718309859155,0,https://www.championat.com/hockey/_superleague/tournament/5383/match/1104669/
Адмирал,Авангард,1,2,40,29,0.025,0.06896551724137931,31,23,0.5740740740740741,0.42592592592592593,2715,5915,0.45900253592561285,0,https://www.championat.com/hockey/_superleague/tournament/5383/match/1104671/
Витязь,СКА,0,4,22,48,0.0,0.08333333333333333,36,36,0.5,0.5,2644,5525,0.47855203619909503,0,https://www.championat.com/hockey/_superleague/tournament/5383/match/1104673/
Металлург Мг,ХК Сочи,4,1,44,26,0.09090909090909091,0.038461538461538464,37,15,0.7115384615384616,0.28846153846153844,6856,7700,0.8903896103896104,1,https://www.championat.com/hockey/_superleague/tournament/5383/match/1104675/
Лада,Локомотив,2,3,31,29,0.06451612903225806,0.10344827586206896,28,19,0.5957446808510638,0.40425531914893614,4657,6200,0.7511290322580645,0,https://www.championat.com/hockey/_superleague/tournament/5383/match/1104677/
ЦСКА,Динамо М,2,4,41,33,0.04878048780487805,0.12121212121212122,43,22,0.6615384615384615,0.3384615384615385,7678,12680,0.6055205047318613,0,https://www.championat.com/hockey/_superleague/tournament/5383/match/1104679/
Динамо Мн,Торпедо,0,3,34,17,0.0,0.17647058823529413,29,25,0.5370370370370371,0.46296296296296297,8812,15266,0.5772304467443993,0,https://www.championat.com/hockey/_superleague/tournament/5383/match/1104681/
Амур,Авангард,2,3,40,31,0.05,0.0967741935483871,32,21,0.6037735849056604,0.39622641509433965,5566,7100,0.783943661971831,0,https://www.championat.com/hockey/_superleague/tournament/5383/match/1104683/
Адмирал,Сибирь,2,4,39,41,0.05128205128205128,0.0975609756097561,27,26,0.5094339622641509,0.49056603773584906,2777,5915,0.4694843617920541,0,https://www.championat.com/hockey/_superleague/tournament/5383/match/1104685/
Трактор,Ак Барс,3,1,27,37,0.1111111111111111,0.02702702702702703,13,32,0.28888888888888886,0.7111111111111111,7500,7500,1.0,1,https://www.championat.com/hockey/_superleague/tournament/5383/match/1104687/
Нефтехимик,Салават Юлаев,2,0,17,26,0.11764705882352941,0.0,25,29,0.46296296296296297,0.5370370370370371,3546,6050,0.5861157024793389,1,https://www.championat.com/hockey/_superleague/tournament/5383/match/1104689/
Северсталь,Куньлунь Ред Стар,2,1,25,23,0.08,0.043478260869565216,23,31,0.42592592592592593,0.5740740740740741,3439,6064,0.5671174142480211,1,https://www.championat.com/hockey/_superleague/tournament/5383/match/1104691/
Спартак,СКА,2,5,41,44,0.04878048780487805,0.11363636363636363,20,39,0.3389830508474576,0.6610169491525424,9128,12724,0.7173844702923609,0,https://www.championat.com/hockey/_superleague/tournament/5383/match/1104693/
Амур,Авангард,1,3,31,25,0.03225806451612903,0.12,35,29,0.546875,0.453125,7100,7100,1.0,0,https://www.championat.com/hockey/_superleague/tournament/5383/match/1104695/
Автомобилист,Лада,0,0,37,26,0.0,0.0,53,22,0.7066666666666667,0.29333333333333333,5545,5570,0.9955116696588869,0,https://www.championat.com/hockey/_superleague/tournament/5383/match/1104697/
Динамо М,Торпедо,6,1,43,20,0.13953488372093023,0.05,32,38,0.45714285714285713,0.5428571428571428,9769,11500,0.8494782608695652,1,https://www.championat.com/hockey/_superleague/tournament/5383/match/1104699/
Адмирал,Сибирь,5,2,37,23,0.13513513513513514,0.08695652173913043,34,24,0.5862068965517241,0.41379310344827586,4025,5915,0.6804733727810651,1,https://www.championat.com/hockey/_superleague/tournament/5383/match/1104701/
Спартак,Металлург Мг,2,6,42,43,0.047619047619047616,0.13953488372093023,25,41,0.3787878787878788,0.6212121212121212,9205,12724,0.7234360264067903,0,https://www.championat.com/hockey/_superleague/tournament/5383/match/1104709/
Куньлунь Ред Стар,Салават Юлаев,3,5,26,40,0.11538461538461539,0.125,24,28,0.46153846153846156,0.5384615384615384,1392,7000,0.19885714285714284,0,https://www.championat.com/hockey/_superleague/tournament/5383/match/1104711/
Нефтехимик,Ак Барс,0,1,29,30,0.0,0.03333333333333333,30,33,0.47619047619047616,0.5238095238095238,4765,6050,0.7876033057851239,0,https://www.championat.com/hockey/_superleague/tournament/5383/match/1104703/
Локомотив,Витязь,1,2,44,21,0.022727272727272728,0.09523809523809523,41,17,0.7068965517241379,0.29310344827586204,7140,9071,0.7871238011244626,0,https://www.championat.com/hockey/_superleague/tournament/5383/match/1104705/
Северсталь,СКА,3,2,22,32,0.13636363636363635,0.0625,26,39,0.4,0.6,5400,6064,0.8905013192612137,1,https://www.championat.com/hockey/_superleague/tournament/5383/match/1104707/
Динамо Мн,Трактор,3,1,35,21,0.08571428571428572,0.047619047619047616,40,23,0.6349206349206349,0.36507936507936506,13745,15266,0.900366828245775,1,https://www.championat.com/hockey/_superleague/tournament/5383/match/1104713/
Барыс,Лада,0,3,25,18,0.0,0.16666666666666666,36,27,0.5714285714285714,0.42857142857142855,4667,12000,0.3889166666666667,0,https://www.championat.com/hockey/_superleague/tournament/5383/match/1104715/
Автомобилист,ЦСКА,3,2,17,26,0.17647058823529413,0.07692307692307693,29,29,0.5,0.5,5545,5570,0.9955116696588869,1,https://www.championat.com/hockey/_superleague/tournament/5383/match/1104717/
Барыс,Салават Юлаев,3,2,31,35,0.0967741935483871,0.05714285714285714,32,25,0.5614035087719298,0.43859649122807015,5026,12000,0.41883333333333334,1,https://www.championat.com/hockey/_superleague/tournament/5383/match/1104719/
Торпедо,Металлург Мг,7,4,23,30,0.30434782608695654,0.13333333333333333,33,27,0.55,0.45,5500,5600,0.9821428571428571,1,https://www.championat.com/hockey/_superleague/tournament/5383/match/1104721/
Локомотив,Нефтехимик,4,2,23,20,0.17391304347826086,0.1,33,15,0.6875,0.3125,5427,9071,0.5982802337118289,1,https://www.championat.com/hockey/_superleague/tournament/5383/match/1104723/
Динамо Мн,Куньлунь Ред Стар,5,1,51,16,0.09803921568627451,0.0625,39,29,0.5735294117647058,0.4264705882352941,8013,15266,0.5248919166775842,1,https://www.championat.com/hockey/_superleague/tournament/5383/match/1104729/
ХК Сочи,Ак Барс,3,1,18,32,0.16666666666666666,0.03125,25,42,0.373134328358209,0.6268656716417911,4443,12000,0.37025,1,https://www.championat.com/hockey/_superleague/tournament/5383/match/1104725/
Спартак,Витязь,2,1,27,24,0.07407407407407407,0.041666666666666664,25,22,0.5319148936170213,0.46808510638297873,5627,12724,0.4422351461804464,1,https://www.championat.com/hockey/_superleague/tournament/5383/match/1104727/
Авангард,ЦСКА,4,1,19,40,0.21052631578947367,0.025,32,29,0.5245901639344263,0.47540983606557374,12011,12011,1.0,1,https://www.championat.com/hockey/_superleague/tournament/5383/match/1104731/
Трактор,Северсталь,0,1,28,30,0.0,0.03333333333333333,31,26,0.543859649122807,0.45614035087719296,7298,7500,0.9730666666666666,0,https://www.championat.com/hockey/_superleague/tournament/5383/match/1104733/
Автомобилист,Адмирал,4,2,29,34,0.13793103448275862,0.058823529411764705,38,21,0.6440677966101694,0.3559322033898305,3776,5570,0.6779174147217235,1,https://www.championat.com/hockey/_superleague/tournament/5383/match/1104735/
СКА,Амур,6,2,49,30,0.12244897959183673,0.06666666666666667,27,29,0.48214285714285715,0.5178571428571429,11628,12500,0.93024,1,https://www.championat.com/hockey/_superleague/tournament/5383/match/1104737/
Динамо Мн,Куньлунь Ред Стар,2,5,47,27,0.0425531914893617,0.18518518518518517,32,27,0.5423728813559322,0.4576271186440678,15266,1,15266.0,0,https://www.championat.com/hockey/_superleague/tournament/5383/match/1104739/
Сибирь,Салават Юлаев,2,4,31,41,0.06451612903225806,0.0975609756097561,24,24,0.5,0.5,10587,12000,0.88225,0,https://www.championat.com/hockey/_superleague/tournament/5383/match/1104741/
Ак Барс,Лада,5,1,38,22,0.13157894736842105,0.045454545454545456,31,23,0.5740740740740741,0.42592592592592593,7348,8900,0.8256179775280899,1,https://www.championat.com/hockey/_superleague/tournament/5383/match/1104743/
Торпедо,Витязь,1,2,18,28,0.05555555555555555,0.07142857142857142,19,15,0.5588235294117647,0.4411764705882353,5500,5600,0.9821428571428571,0,https://www.championat.com/hockey/_superleague/tournament/5383/match/1104745/
Динамо М,Нефтехимик,1,2,50,21,0.02,0.09523809523809523,26,22,0.5416666666666666,0.4583333333333333,4526,11500,0.39356521739130435,0,https://www.championat.com/hockey/_superleague/tournament/5383/match/1104747/
Барыс,ЦСКА,2,5,34,29,0.058823529411764705,0.1724137931034483,34,35,0.4927536231884058,0.5072463768115942,7275,12000,0.60625,0,https://www.championat.com/hockey/_superleague/tournament/5383/match/1104749/
Автомобилист,Северсталь,0,3,27,26,0.0,0.11538461538461539,28,24,0.5384615384615384,0.46153846153846156,4925,5570,0.8842010771992819,0,https://www.championat.com/hockey/_superleague/tournament/5383/match/1104753/
Металлург Мг,Адмирал,5,2,33,27,0.15151515151515152,0.07407407407407407,29,33,0.46774193548387094,0.532258064516129,5850,7700,0.7597402597402597,1,https://www.championat.com/hockey/_superleague/tournament/5383/match/1104755/
Локомотив,Амур,0,0,36,23,0.0,0.0,34,21,0.6181818181818182,0.38181818181818183,6337,9071,0.6985999338551427,0,https://www.championat.com/hockey/_superleague/tournament/5383/match/1104757/
СКА,Куньлунь Ред Стар,3,1,44,26,0.06818181818181818,0.038461538461538464,33,31,0.515625,0.484375,11644,12500,0.93152,1,https://www.championat.com/hockey/_superleague/tournament/5383/match/1104759/
Спартак,Авангард,1,3,32,24,0.03125,0.125,21,25,0.45652173913043476,0.5434782608695652,9536,12724,0.7494498585350519,0,https://www.championat.com/hockey/_superleague/tournament/5383/match/1104903/
Динамо М,Динамо Мн,4,1,38,34,0.10526315789473684,0.029411764705882353,36,29,0.5538461538461539,0.4461538461538462,7013,11500,0.6098260869565217,1,https://www.championat.com/hockey/_superleague/tournament/5383/match/1104763/
Трактор,ХК Сочи,6,1,29,28,0.20689655172413793,0.03571428571428571,25,23,0.5208333333333334,0.4791666666666667,7056,7500,0.9408,1,https://www.championat.com/hockey/_superleague/tournament/5383/match/1104929/
Лада,Витязь,2,1,24,44,0.08333333333333333,0.022727272727272728,32,29,0.5245901639344263,0.47540983606557374,5429,6200,0.8756451612903225,1,https://www.championat.com/hockey/_superleague/tournament/5383/match/1104761/
Торпедо,ЦСКА,0,0,33,30,0.0,0.0,32,27,0.5423728813559322,0.4576271186440678,5500,5600,0.9821428571428571,0,https://www.championat.com/hockey/_superleague/tournament/5383/match/1104773/
Металлург Мг,Северсталь,3,2,35,33,0.08571428571428572,0.06060606060606061,24,33,0.42105263157894735,0.5789473684210527,7284,7700,0.945974025974026,1,https://www.championat.com/hockey/_superleague/tournament/5383/match/1104765/
Салават Юлаев,Амур,0,0,35,24,0.0,0.0,24,37,0.39344262295081966,0.6065573770491803,8331,8522,0.977587420793241,0,https://www.championat.com/hockey/_superleague/tournament/5383/match/1104767/
Нефтехимик,Адмирал,3,2,18,28,0.16666666666666666,0.07142857142857142,32,26,0.5517241379310345,0.4482758620689655,2845,6050,0.47024793388429753,1,https://www.championat.com/hockey/_superleague/tournament/5383/match/1104769/
Ак Барс,Спартак,4,3,32,33,0.125,0.09090909090909091,32,28,0.5333333333333333,0.4666666666666667,7589,8900,0.8526966292134831,1,https://www.championat.com/hockey/_superleague/tournament/5383/match/1104771/
Локомотив,Авангард,4,1,34,22,0.11764705882352941,0.045454545454545456,34,22,0.6071428571428571,0.39285714285714285,7446,9071,0.8208576783155109,1,https://www.championat.com/hockey/_superleague/tournament/5383/match/1104775/
Барыс,Автомобилист,2,3,26,29,0.07692307692307693,0.10344827586206896,31,27,0.5344827586206896,0.46551724137931033,12000,1,12000.0,0,https://www.championat.com/hockey/_superleague/tournament/5383/match/1104777/
Трактор,Сибирь,3,1,24,34,0.125,0.029411764705882353,32,26,0.5517241379310345,0.4482758620689655,6750,7500,0.9,1,https://www.championat.com/hockey/_superleague/tournament/5383/match/1104779/
Лада,ХК Сочи,3,4,33,20,0.09090909090909091,0.2,35,25,0.5833333333333334,0.4166666666666667,5018,6200,0.8093548387096774,0,https://www.championat.com/hockey/_superleague/tournament/5383/match/1104781/
СКА,Динамо Мн,0,0,36,22,0.0,0.0,44,25,0.6376811594202898,0.36231884057971014,11542,12500,0.92336,0,https://www.championat.com/hockey/_superleague/tournament/5383/match/1104783/
Северсталь,Авангард,2,6,29,33,0.06896551724137931,0.18181818181818182,30,33,0.47619047619047616,0.5238095238095238,3478,6064,0.5735488126649076,0,https://www.championat.com/hockey/_superleague/tournament/5383/match/1104785/
Динамо М,Спартак,3,6,36,22,0.08333333333333333,0.2727272727272727,37,25,0.5967741935483871,0.4032258064516129,9524,11500,0.8281739130434783,0,https://www.championat.com/hockey/_superleague/tournament/5383/match/1104787/
Амур,Салават Юлаев,2,3,27,22,0.07407407407407407,0.13636363636363635,31,32,0.49206349206349204,0.5079365079365079,6310,7100,0.8887323943661972,0,https://www.championat.com/hockey/_superleague/tournament/5383/match/1104789/
Адмирал,Металлург Мг,2,1,34,37,0.058823529411764705,0.02702702702702703,15,27,0.35714285714285715,0.6428571428571429,2602,5915,0.4398985629754861,1,https://www.championat.com/hockey/_superleague/tournament/5383/match/1104791/
Автомобилист,Ак Барс,1,4,36,34,0.027777777777777776,0.11764705882352941,25,27,0.4807692307692308,0.5192307692307693,5316,5570,0.9543985637342909,0,https://www.championat.com/hockey/_superleague/tournament/5383/match/1104793/
Нефтехимик,Торпедо,0,0,15,27,0.0,0.0,35,24,0.5932203389830508,0.4067796610169492,2698,6050,0.4459504132231405,0,https://www.championat.com/hockey/_superleague/tournament/5383/match/1104795/
Локомотив,ХК Сочи,1,2,42,22,0.023809523809523808,0.09090909090909091,31,26,0.543859649122807,0.45614035087719296,6178,9071,0.6810715466872451,0,https://www.championat.com/hockey/_superleague/tournament/5383/match/1104797/
Витязь,Сибирь,1,4,19,30,0.05263157894736842,0.13333333333333333,24,34,0.41379310344827586,0.5862068965517241,2343,5525,0.4240723981900453,0,https://www.championat.com/hockey/_superleague/tournament/5383/match/1104799/
ЦСКА,Динамо Мн,2,1,29,31,0.06896551724137931,0.03225806451612903,25,24,0.5102040816326531,0.4897959183673469,6546,12680,0.5162460567823344,1,https://www.championat.com/hockey/_superleague/tournament/5383/match/1104801/
СКА,Барыс,7,0,39,44,0.1794871794871795,0.0,31,29,0.5166666666666667,0.48333333333333334,11496,12500,0.91968,1,https://www.championat.com/hockey/_superleague/tournament/5383/match/1104803/
Куньлунь Ред Стар,Динамо М,1,5,26,45,0.038461538461538464,0.1111111111111111,35,24,0.5932203389830508,0.4067796610169492,1398,7000,0.1997142857142857,0,https://www.championat.com/hockey/_superleague/tournament/5383/match/1104805/
Амур,Салават Юлаев,0,3,28,25,0.0,0.12,38,20,0.6551724137931034,0.3448275862068966,6757,7100,0.9516901408450704,0,https://www.championat.com/hockey/_superleague/tournament/5383/match/1104807/
Адмирал,Металлург Мг,2,4,37,42,0.05405405405405406,0.09523809523809523,29,34,0.4603174603174603,0.5396825396825397,3951,5915,0.6679628064243449,0,https://www.championat.com/hockey/_superleague/tournament/5383/match/1104809/
Авангард,Ак Барс,4,2,41,37,0.0975609756097561,0.05405405405405406,21,34,0.38181818181818183,0.6181818181818182,11976,12011,0.9970860044958788,1,https://www.championat.com/hockey/_superleague/tournament/5383/match/1104811/
Автомобилист,Торпедо,2,1,22,28,0.09090909090909091,0.03571428571428571,33,18,0.6470588235294118,0.35294117647058826,5545,5570,0.9955116696588869,1,https://www.championat.com/hockey/_superleague/tournament/5383/match/1104813/
Лада,Барыс,2,0,26,35,0.07692307692307693,0.0,23,27,0.46,0.54,5533,6200,0.8924193548387097,1,https://www.championat.com/hockey/_superleague/tournament/5383/match/1104817/
Локомотив,Динамо Мн,3,5,34,25,0.08823529411764706,0.2,28,21,0.5714285714285714,0.42857142857142855,2000,9071,0.22048285745783266,0,https://www.championat.com/hockey/_superleague/tournament/5383/match/1104819/
Витязь,ХК Сочи,2,3,30,15,0.06666666666666667,0.2,33,22,0.6,0.4,2242,5525,0.40579185520361993,0,https://www.championat.com/hockey/_superleague/tournament/5383/match/1104823/
Нефтехимик,Трактор,5,6,29,30,0.1724137931034483,0.2,40,26,0.6060606060606061,0.3939393939393939,2938,6050,0.4856198347107438,0,https://www.championat.com/hockey/_superleague/tournament/5383/match/1104815/
Северсталь,Сибирь,4,0,41,17,0.0975609756097561,0.0,25,19,0.5681818181818182,0.4318181818181818,4109,6064,0.6776055408970977,1,https://www.championat.com/hockey/_superleague/tournament/5383/match/1104821/
СКА,ЦСКА,5,1,39,34,0.1282051282051282,0.029411764705882353,27,29,0.48214285714285715,0.5178571428571429,12412,12500,0.99296,1,https://www.championat.com/hockey/_superleague/tournament/5383/match/1104825/
Спартак,Динамо М,4,3,31,62,0.12903225806451613,0.04838709677419355,35,41,0.4605263157894737,0.5394736842105263,10655,12724,0.8373939012889029,1,https://www.championat.com/hockey/_superleague/tournament/5383/match/1104827/
Амур,Металлург Мг,2,3,32,47,0.0625,0.06382978723404255,39,25,0.609375,0.390625,7100,7100,1.0,0,https://www.championat.com/hockey/_superleague/tournament/5383/match/1104829/
Адмирал,Салават Юлаев,0,0,39,34,0.0,0.0,31,27,0.5344827586206896,0.46551724137931033,5443,5915,0.9202028740490279,0,https://www.championat.com/hockey/_superleague/tournament/5383/match/1104831/
Авангард,Трактор,4,5,36,32,0.1111111111111111,0.15625,27,32,0.4576271186440678,0.5423728813559322,11938,12011,0.9939222379485472,0,https://www.championat.com/hockey/_superleague/tournament/5383/match/1104833/
Барыс,Ак Барс,1,3,35,26,0.02857142857142857,0.11538461538461539,31,28,0.5254237288135594,0.4745762711864407,7112,12000,0.5926666666666667,0,https://www.championat.com/hockey/_superleague/tournament/5383/match/1104835/
Нефтехимик,Лада,0,2,50,20,0.0,0.1,30,22,0.5769230769230769,0.4230769230769231,3006,6050,0.4968595041322314,0,https://www.championat.com/hockey/_superleague/tournament/5383/match/1104837/
ХК Сочи,Куньлунь Ред Стар,0,0,28,46,0.0,0.0,23,33,0.4107142857142857,0.5892857142857143,3105,12000,0.25875,0,https://www.championat.com/hockey/_superleague/tournament/5383/match/1104839/
Северсталь,ЦСКА,2,6,34,32,0.058823529411764705,0.1875,24,48,0.3333333333333333,0.6666666666666666,5328,6064,0.8786279683377308,0,https://www.championat.com/hockey/_superleague/tournament/5383/match/1104841/
Динамо Мн,Сибирь,4,1,37,18,0.10810810810810811,0.05555555555555555,27,29,0.48214285714285715,0.5178571428571429,15086,15266,0.9882090921000917,1,https://www.championat.com/hockey/_superleague/tournament/5383/match/1104843/
Амур,Металлург Мг,7,6,44,28,0.1590909090909091,0.21428571428571427,45,28,0.6164383561643836,0.3835616438356164,4605,7100,0.6485915492957747,1,https://www.championat.com/hockey/_superleague/tournament/5383/match/1104845/
Адмирал,Салават Юлаев,1,2,26,54,0.038461538461538464,0.037037037037037035,23,36,0.3898305084745763,0.6101694915254238,2816,5915,0.4760777683854607,0,https://www.championat.com/hockey/_superleague/tournament/5383/match/1104847/
ХК Сочи,Куньлунь Ред Стар,2,4,36,32,0.05555555555555555,0.125,24,32,0.42857142857142855,0.5714285714285714,2225,7000,0.31785714285714284,0,https://www.championat.com/hockey/_superleague/tournament/5383/match/1104849/
Динамо М,Витязь,1,2,48,19,0.020833333333333332,0.10526315789473684,43,12,0.7818181818181819,0.21818181818181817,4360,11500,0.3791304347826087,0,https://www.championat.com/hockey/_superleague/tournament/5383/match/1104851/
Спартак,Торпедо,3,2,29,34,0.10344827586206896,0.058823529411764705,26,23,0.5306122448979592,0.46938775510204084,6248,12724,0.49104055328513047,1,https://www.championat.com/hockey/_superleague/tournament/5383/match/1104853/
СКА,Локомотив,3,0,30,28,0.1,0.0,26,16,0.6190476190476191,0.38095238095238093,12406,12500,0.99248,1,https://www.championat.com/hockey/_superleague/tournament/5383/match/1104855/
Сибирь,Ак Барс,0,4,21,32,0.0,0.125,28,42,0.4,0.6,10587,12000,0.88225,0,https://www.championat.com/hockey/_superleague/tournament/5383/match/1104857/
Нефтехимик,Лада,0,0,31,30,0.0,0.0,33,23,0.5892857142857143,0.4107142857142857,2455,6050,0.40578512396694216,0,https://www.championat.com/hockey/_superleague/tournament/5383/match/1104859/
Барыс,Авангард,1,3,33,34,0.030303030303030304,0.08823529411764706,29,28,0.5087719298245614,0.49122807017543857,5116,12000,0.42633333333333334,0,https://www.championat.com/hockey/_superleague/tournament/5383/match/1104861/
Трактор,Автомобилист,2,1,31,45,0.06451612903225806,0.022222222222222223,27,30,0.47368421052631576,0.5263157894736842,7500,7500,1.0,1,https://www.championat.com/hockey/_superleague/tournament/5383/match/1104863/
ХК Сочи,Динамо Мн,3,2,17,35,0.17647058823529413,0.05714285714285714,22,35,0.38596491228070173,0.6140350877192983,3016,7000,0.4308571428571429,1,https://www.championat.com/hockey/_superleague/tournament/5383/match/1104865/
Куньлунь Ред Стар,Витязь,2,0,25,36,0.08,0.0,24,28,0.46153846153846156,0.5384615384615384,593,7000,0.08471428571428571,1,https://www.championat.com/hockey/_superleague/tournament/5383/match/1104867/
ЦСКА,Торпедо,3,2,30,35,0.1,0.05714285714285714,21,31,0.40384615384615385,0.5961538461538461,7710,12680,0.6080441640378549,1,https://www.championat.com/hockey/_superleague/tournament/5383/match/1104869/
Спартак,Локомотив,1,2,20,40,0.05,0.05,31,28,0.5254237288135594,0.4745762711864407,12396,1,12396.0,0,https://www.championat.com/hockey/_superleague/tournament/5383/match/1104871/
Салават Юлаев,Лада,5,2,35,24,0.14285714285714285,0.08333333333333333,24,21,0.5333333333333333,0.4666666666666667,7322,8522,0.8591879840413048,1,https://www.championat.com/hockey/_superleague/tournament/5383/match/1104873/
Сибирь,Амур,4,3,37,27,0.10810810810810811,0.1111111111111111,33,34,0.4925373134328358,0.5074626865671642,10564,10587,0.9978275243222821,1,https://www.championat.com/hockey/_superleague/tournament/5383/match/1104875/
Металлург Мг,Авангард,0,0,51,25,0.0,0.0,32,39,0.4507042253521127,0.5492957746478874,7349,7700,0.9544155844155844,0,https://www.championat.com/hockey/_superleague/tournament/5383/match/1104877/
Северсталь,Динамо Мн,4,2,29,19,0.13793103448275862,0.10526315789473684,22,28,0.44,0.56,4525,6064,0.7462071240105541,1,https://www.championat.com/hockey/_superleague/tournament/5383/match/1104881/
Витязь,Локомотив,0,2,18,33,0.0,0.06060606060606061,20,24,0.45454545454545453,0.5454545454545454,2964,5525,0.5364705882352941,0,https://www.championat.com/hockey/_superleague/tournament/5383/match/1104883/
Торпедо,Динамо М,0,0,33,40,0.0,0.0,27,26,0.5094339622641509,0.49056603773584906,5500,5600,0.9821428571428571,0,https://www.championat.com/hockey/_superleague/tournament/5383/match/1104879/
Куньлунь Ред Стар,Адмирал,3,5,41,33,0.07317073170731707,0.15151515151515152,47,22,0.6811594202898551,0.3188405797101449,843,7000,0.12042857142857143,0,https://www.championat.com/hockey/_superleague/tournament/5383/match/1104885/
ЦСКА,СКА,1,2,30,41,0.03333333333333333,0.04878048780487805,24,40,0.375,0.625,9232,12680,0.7280757097791798,0,https://www.championat.com/hockey/_superleague/tournament/5383/match/1104887/
Спартак,Автомобилист,3,0,29,23,0.10344827586206896,0.0,34,20,0.6296296296296297,0.37037037037037035,5639,12724,0.4431782458346432,1,https://www.championat.com/hockey/_superleague/tournament/5383/match/1104889/
Трактор,Ак Барс,1,4,37,30,0.02702702702702703,0.13333333333333333,24,27,0.47058823529411764,0.5294117647058824,7500,7500,1.0,0,https://www.championat.com/hockey/_superleague/tournament/5383/match/1104891/
Барыс,Амур,0,0,32,34,0.0,0.0,25,40,0.38461538461538464,0.6153846153846154,5098,12000,0.42483333333333334,0,https://www.championat.com/hockey/_superleague/tournament/5383/match/1104893/
Витязь,Куньлунь Ред Стар,2,4,42,26,0.047619047619047616,0.15384615384615385,27,39,0.4090909090909091,0.5909090909090909,2539,5525,0.4595475113122172,0,https://www.championat.com/hockey/_superleague/tournament/5383/match/1104899/
Салават Юлаев,СКА,3,4,36,22,0.08333333333333333,0.18181818181818182,24,33,0.42105263157894735,0.5789473684210527,8550,8522,1.003285613705703,0,https://www.championat.com/hockey/_superleague/tournament/5383/match/1104895/
Торпедо,Северсталь,2,3,25,32,0.08,0.09375,27,28,0.4909090909090909,0.509090909090909,5500,5600,0.9821428571428571,0,https://www.championat.com/hockey/_superleague/tournament/5383/match/1104897/
ЦСКА,Автомобилист,4,5,44,31,0.09090909090909091,0.16129032258064516,43,21,0.671875,0.328125,7796,12680,0.614826498422713,0,https://www.championat.com/hockey/_superleague/tournament/5383/match/1104905/
Динамо Мн,Адмирал,4,0,31,23,0.12903225806451613,0.0,32,19,0.6274509803921569,0.37254901960784315,14268,15266,0.9346259661993973,1,https://www.championat.com/hockey/_superleague/tournament/5383/match/1104907/
Динамо М,Локомотив,3,4,29,29,0.10344827586206896,0.13793103448275862,26,41,0.3880597014925373,0.6119402985074627,9396,11500,0.8170434782608695,0,https://www.championat.com/hockey/_superleague/tournament/5383/match/1104901/
Лада,Нефтехимик,2,4,29,22,0.06896551724137931,0.18181818181818182,17,30,0.3617021276595745,0.6382978723404256,5740,6200,0.9258064516129032,0,https://www.championat.com/hockey/_superleague/tournament/5383/match/1104909/
Ак Барс,Сибирь,1,4,39,28,0.02564102564102564,0.14285714285714285,30,26,0.5357142857142857,0.4642857142857143,7057,8900,0.7929213483146067,0,https://www.championat.com/hockey/_superleague/tournament/5383/match/1104911/
Авангард,СКА,9,5,29,37,0.3103448275862069,0.13513513513513514,33,36,0.4782608695652174,0.5217391304347826,11784,12011,0.9811006577304138,1,https://www.championat.com/hockey/_superleague/tournament/5383/match/1104917/
Барыс,Амур,0,2,37,31,0.0,0.06451612903225806,31,24,0.5636363636363636,0.43636363636363634,4024,12000,0.3353333333333333,0,https://www.championat.com/hockey/_superleague/tournament/5383/match/1104919/
Металлург Мг,Адмирал,5,1,38,34,0.13157894736842105,0.029411764705882353,36,38,0.4864864864864865,0.5135135135135135,6540,7700,0.8493506493506493,1,https://www.championat.com/hockey/_superleague/tournament/5383/match/1104921/
Салават Юлаев,ЦСКА,2,0,35,32,0.05714285714285714,0.0,24,37,0.39344262295081966,0.6065573770491803,8033,8522,0.9426191034968318,1,https://www.championat.com/hockey/_superleague/tournament/5383/match/1104923/
Витязь,ХК Сочи,3,4,35,44,0.08571428571428572,0.09090909090909091,29,32,0.47540983606557374,0.5245901639344263,1084,5525,0.19619909502262445,0,https://www.championat.com/hockey/_superleague/tournament/5383/match/1104915/
Торпедо,Трактор,3,1,39,35,0.07692307692307693,0.02857142857142857,25,19,0.5681818181818182,0.4318181818181818,5500,5600,0.9821428571428571,1,https://www.championat.com/hockey/_superleague/tournament/5383/match/1104913/
Динамо М,Автомобилист,5,3,34,22,0.14705882352941177,0.13636363636363635,31,32,0.49206349206349204,0.5079365079365079,5972,11500,0.5193043478260869,1,https://www.championat.com/hockey/_superleague/tournament/5383/match/1104925/
Динамо Мн,Северсталь,2,4,22,27,0.09090909090909091,0.14814814814814814,31,16,0.6595744680851063,0.3404255319148936,10017,15266,0.6561640246298965,0,https://www.championat.com/hockey/_superleague/tournament/5383/match/1104927/
Локомотив,Сибирь,0,0,38,21,0.0,0.0,32,26,0.5517241379310345,0.4482758620689655,5586,9071,0.6158086208797267,0,https://www.championat.com/hockey/_superleague/tournament/5383/match/1104931/
Авангард,Спартак,3,5,43,31,0.06976744186046512,0.16129032258064516,46,22,0.6764705882352942,0.3235294117647059,11855,12011,0.9870119057530597,0,https://www.championat.com/hockey/_superleague/tournament/5383/match/1104933/
Барыс,СКА,1,2,17,36,0.058823529411764705,0.05555555555555555,22,29,0.43137254901960786,0.5686274509803921,4160,12000,0.3466666666666667,0,https://www.championat.com/hockey/_superleague/tournament/5383/match/1104935/
Лада,Амур,0,1,23,34,0.0,0.029411764705882353,40,28,0.5882352941176471,0.4117647058823529,5997,6200,0.9672580645161291,0,https://www.championat.com/hockey/_superleague/tournament/5383/match/1104939/
Ак Барс,Трактор,2,1,29,30,0.06896551724137931,0.03333333333333333,27,27,0.5,0.5,7619,8900,0.8560674157303371,1,https://www.championat.com/hockey/_superleague/tournament/5383/match/1104937/
Локомотив,Адмирал,1,2,42,17,0.023809523809523808,0.11764705882352941,36,13,0.7346938775510204,0.2653061224489796,2000,9071,0.22048285745783266,0,https://www.championat.com/hockey/_superleague/tournament/5383/match/1104941/
Витязь,Северсталь,0,0,24,20,0.0,0.0,28,24,0.5384615384615384,0.46153846153846156,1170,5525,0.21176470588235294,0,https://www.championat.com/hockey/_superleague/tournament/5383/match/1104943/
Динамо Мн,ЦСКА,4,1,23,36,0.17391304347826086,0.027777777777777776,31,27,0.5344827586206896,0.46551724137931033,13901,15266,0.9105856150923621,1,https://www.championat.com/hockey/_superleague/tournament/5383/match/1104945/
Нефтехимик,Сибирь,0,0,26,21,0.0,0.0,34,20,0.6296296296296297,0.37037037037037035,3729,6050,0.6163636363636363,0,https://www.championat.com/hockey/_superleague/tournament/5383/match/1104947/
Торпедо,ХК Сочи,5,3,27,26,0.18518518518518517,0.11538461538461539,35,33,0.5147058823529411,0.4852941176470588,5500,5600,0.9821428571428571,1,https://www.championat.com/hockey/_superleague/tournament/5383/match/1104949/
Барыс,Спартак,1,4,26,31,0.038461538461538464,0.12903225806451613,31,26,0.543859649122807,0.45614035087719296,6465,12000,0.53875,0,https://www.championat.com/hockey/_superleague/tournament/5383/match/1104951/
Салават Юлаев,Ак Барс,2,1,30,32,0.06666666666666667,0.03125,18,36,0.3333333333333333,0.6666666666666666,8550,8522,1.003285613705703,1,https://www.championat.com/hockey/_superleague/tournament/5383/match/1104953/
Северсталь,Локомотив,3,2,28,18,0.10714285714285714,0.1111111111111111,26,24,0.52,0.48,5421,6064,0.8939643799472295,1,https://www.championat.com/hockey/_superleague/tournament/5383/match/1104955/
Авангард,Сибирь,7,2,31,27,0.22580645161290322,0.07407407407407407,24,26,0.48,0.52,12011,12011,1.0,1,https://www.championat.com/hockey/_superleague/tournament/5383/match/1104957/
Металлург Мг,Динамо М,3,4,31,44,0.0967741935483871,0.09090909090909091,25,38,0.3968253968253968,0.6031746031746031,7340,7700,0.9532467532467532,0,https://www.championat.com/hockey/_superleague/tournament/5383/match/1104959/
Торпедо,Нефтехимик,0,0,35,25,0.0,0.0,36,27,0.5714285714285714,0.42857142857142855,5500,5600,0.9821428571428571,0,https://www.championat.com/hockey/_superleague/tournament/5383/match/1104961/
Северсталь,Динамо Мн,3,2,27,21,0.1111111111111111,0.09523809523809523,26,28,0.48148148148148145,0.5185185185185185,6064,1,6064.0,1,https://www.championat.com/hockey/_superleague/tournament/5383/match/1104963/
Витязь,ЦСКА,1,5,27,22,0.037037037037037035,0.22727272727272727,28,31,0.4745762711864407,0.5254237288135594,5450,5525,0.9864253393665159,0,https://www.championat.com/hockey/_superleague/tournament/5383/match/1104965/
СКА,ХК Сочи,8,1,50,23,0.16,0.043478260869565216,37,20,0.6491228070175439,0.3508771929824561,21481,23996,0.8951908651441907,1,https://www.championat.com/hockey/_superleague/tournament/5383/match/1104967/
Локомотив,Спартак,1,5,38,20,0.02631578947368421,0.25,25,28,0.4716981132075472,0.5283018867924528,6567,9071,0.7239554624627935,0,https://www.championat.com/hockey/_superleague/tournament/5383/match/1104969/
Амур,Трактор,5,3,44,30,0.11363636363636363,0.1,38,30,0.5588235294117647,0.4411764705882353,6463,7100,0.910281690140845,1,https://www.championat.com/hockey/_superleague/tournament/5383/match/1104971/
Адмирал,Барыс,4,2,41,39,0.0975609756097561,0.05128205128205128,30,31,0.4918032786885246,0.5081967213114754,3333,5915,0.5634826711749789,1,https://www.championat.com/hockey/_superleague/tournament/5383/match/1104973/
Автомобилист,Динамо М,0,0,17,33,0.0,0.0,19,26,0.4222222222222222,0.5777777777777777,5545,5570,0.9955116696588869,0,https://www.championat.com/hockey/_superleague/tournament/5383/match/1104975/
Салават Юлаев,Авангард,7,2,33,43,0.21212121212121213,0.046511627906976744,22,29,0.43137254901960786,0.5686274509803921,8211,8522,0.9635062191973716,1,https://www.championat.com/hockey/_superleague/tournament/5383/match/1104977/
Ак Барс,Нефтехимик,3,0,25,35,0.12,0.0,26,21,0.5531914893617021,0.44680851063829785,7449,8900,0.8369662921348314,1,https://www.championat.com/hockey/_superleague/tournament/5383/match/1104979/
Витязь,Динамо Мн,2,3,18,28,0.1111111111111111,0.10714285714285714,24,29,0.4528301886792453,0.5471698113207547,1140,5525,0.20633484162895926,0,https://www.championat.com/hockey/_superleague/tournament/5383/match/1104981/
Куньлунь Ред Стар,ЦСКА,2,4,31,49,0.06451612903225806,0.08163265306122448,40,33,0.547945205479452,0.4520547945205479,2126,7000,0.3037142857142857,0,https://www.championat.com/hockey/_superleague/tournament/5383/match/1104983/
СКА,Лада,2,1,42,25,0.047619047619047616,0.04,34,31,0.5230769230769231,0.47692307692307695,20014,23996,0.834055675945991,1,https://www.championat.com/hockey/_superleague/tournament/5383/match/1104985/
Амур,Трактор,4,2,39,36,0.10256410256410256,0.05555555555555555,34,28,0.5483870967741935,0.45161290322580644,6630,7100,0.9338028169014084,1,https://www.championat.com/hockey/_superleague/tournament/5383/match/1104987/
Адмирал,Барыс,2,3,53,30,0.03773584905660377,0.1,28,37,0.4307692307692308,0.5692307692307692,2931,5915,0.495519864750634,0,https://www.championat.com/hockey/_superleague/tournament/5383/match/1104989/
Северсталь,Спартак,4,2,27,36,0.14814814814814814,0.05555555555555555,26,24,0.52,0.48,4524,6064,0.746042216358839,1,https://www.championat.com/hockey/_superleague/tournament/5383/match/1104993/
ХК Сочи,Торпедо,3,2,33,33,0.09090909090909091,0.06060606060606061,34,25,0.576271186440678,0.423728813559322,4382,7000,0.626,1,https://www.championat.com/hockey/_superleague/tournament/5383/match/1104991/
Сибирь,Нефтехимик,2,1,24,22,0.08333333333333333,0.045454545454545456,40,20,0.6666666666666666,0.3333333333333333,10589,10587,1.0001889109284972,1,https://www.championat.com/hockey/_superleague/tournament/5383/match/1104995/
Автомобилист,Авангард,4,2,24,22,0.16666666666666666,0.09090909090909091,34,27,0.5573770491803278,0.4426229508196721,5545,5570,0.9955116696588869,1,https://www.championat.com/hockey/_superleague/tournament/5383/match/1104997/
Ак Барс,Металлург Мг,2,1,39,41,0.05128205128205128,0.024390243902439025,41,31,0.5694444444444444,0.4305555555555556,2827,3523,0.8024411013340903,1,https://www.championat.com/hockey/_superleague/tournament/5383/match/1104999/
Локомотив,ЦСКА,0,0,31,38,0.0,0.0,37,25,0.5967741935483871,0.4032258064516129,6007,9071,0.6622202623746004,0,https://www.championat.com/hockey/_superleague/tournament/5383/match/1105001/
Динамо М,Динамо Мн,2,1,24,27,0.08333333333333333,0.037037037037037035,33,28,0.5409836065573771,0.45901639344262296,6071,11500,0.5279130434782608,1,https://www.championat.com/hockey/_superleague/tournament/5383/match/1105003/
Куньлунь Ред Стар,Лада,3,1,27,33,0.1111111111111111,0.030303030303030304,31,30,0.5081967213114754,0.4918032786885246,683,7000,0.09757142857142857,1,https://www.championat.com/hockey/_superleague/tournament/5383/match/1105005/
СКА,Салават Юлаев,2,0,30,36,0.06666666666666667,0.0,26,19,0.5777777777777777,0.4222222222222222,21155,23996,0.8816052675445908,1,https://www.championat.com/hockey/_superleague/tournament/5383/match/1105007/
Амур,Барыс,4,1,41,25,0.0975609756097561,0.04,25,21,0.5434782608695652,0.45652173913043476,7100,7100,1.0,1,https://www.championat.com/hockey/_superleague/tournament/5383/match/1105009/
Адмирал,Трактор,2,3,41,32,0.04878048780487805,0.09375,27,24,0.5294117647058824,0.47058823529411764,5055,5915,0.8546069315300084,0,https://www.championat.com/hockey/_superleague/tournament/5383/match/1105011/
ХК Сочи,Торпедо,3,1,32,42,0.09375,0.023809523809523808,38,25,0.6031746031746031,0.3968253968253968,4437,7000,0.6338571428571429,1,https://www.championat.com/hockey/_superleague/tournament/5383/match/1105013/
Авангард,Металлург Мг,3,0,20,41,0.15,0.0,23,29,0.4423076923076923,0.5576923076923077,12011,12011,1.0,1,https://www.championat.com/hockey/_superleague/tournament/5383/match/1105015/
Куньлунь Ред Стар,Динамо Мн,2,4,26,34,0.07692307692307693,0.11764705882352941,33,41,0.44594594594594594,0.5540540540540541,1161,7000,0.16585714285714287,0,https://www.championat.com/hockey/_superleague/tournament/5383/match/1105023/
Локомотив,Салават Юлаев,3,0,30,24,0.1,0.0,34,21,0.6181818181818182,0.38181818181818183,2000,9071,0.22048285745783266,1,https://www.championat.com/hockey/_superleague/tournament/5383/match/1105017/
Спартак,Ак Барс,0,3,28,27,0.0,0.1111111111111111,22,28,0.44,0.56,10945,12396,0.882946111648919,0,https://www.championat.com/hockey/_superleague/tournament/5383/match/1105019/
Витязь,Динамо М,3,6,33,37,0.09090909090909091,0.16216216216216217,24,41,0.36923076923076925,0.6307692307692307,4848,5525,0.8774660633484163,0,https://www.championat.com/hockey/_superleague/tournament/5383/match/1105021/
Амур,Барыс,2,1,48,25,0.041666666666666664,0.04,37,27,0.578125,0.421875,7100,7100,1.0,1,https://www.championat.com/hockey/_superleague/tournament/5383/match/1105025/
Адмирал,Трактор,6,1,30,40,0.2,0.025,26,27,0.49056603773584906,0.5094339622641509,5365,5915,0.9070160608622148,1,https://www.championat.com/hockey/_superleague/tournament/5383/match/1105027/
Автомобилист,ХК Сочи,2,1,33,12,0.06060606060606061,0.08333333333333333,21,22,0.4883720930232558,0.5116279069767442,5545,5570,0.9955116696588869,1,https://www.championat.com/hockey/_superleague/tournament/5383/match/1105029/
Северсталь,Нефтехимик,0,0,29,22,0.0,0.0,30,34,0.46875,0.53125,5377,6064,0.8867084432717678,0,https://www.championat.com/hockey/_superleague/tournament/5383/match/1105031/
СКА,Торпедо,4,3,36,25,0.1111111111111111,0.12,30,19,0.6122448979591837,0.3877551020408163,21284,23996,0.8869811635272545,1,https://www.championat.com/hockey/_superleague/tournament/5383/match/1105033/
Металлург Мг,Ак Барс,2,1,39,29,0.05128205128205128,0.034482758620689655,27,21,0.5625,0.4375,7023,7700,0.912077922077922,1,https://www.championat.com/hockey/_superleague/tournament/5383/match/1105035/
ЦСКА,Витязь,1,2,30,44,0.03333333333333333,0.045454545454545456,36,28,0.5625,0.4375,5575,12680,0.4396687697160883,0,https://www.championat.com/hockey/_superleague/tournament/5383/match/1105037/
Динамо М,Салават Юлаев,0,0,27,28,0.0,0.0,31,26,0.543859649122807,0.45614035087719296,9036,11500,0.7857391304347826,0,https://www.championat.com/hockey/_superleague/tournament/5383/match/1105039/
Сибирь,Лада,3,0,35,20,0.08571428571428572,0.0,18,23,0.43902439024390244,0.5609756097560976,10630,12000,0.8858333333333334,1,https://www.championat.com/hockey/_superleague/tournament/5383/match/1105041/
Авангард,Автомобилист,4,2,19,29,0.21052631578947367,0.06896551724137931,32,26,0.5517241379310345,0.4482758620689655,12011,12011,1.0,1,https://www.championat.com/hockey/_superleague/tournament/5383/match/1105043/
Динамо Мн,Нефтехимик,2,1,22,29,0.09090909090909091,0.034482758620689655,31,29,0.5166666666666667,0.48333333333333334,13790,15266,0.903314555220752,1,https://www.championat.com/hockey/_superleague/tournament/5383/match/1105051/
Спартак,Торпедо,7,3,43,34,0.16279069767441862,0.08823529411764706,32,30,0.5161290322580645,0.4838709677419355,7796,12724,0.6127004086765169,1,https://www.championat.com/hockey/_superleague/tournament/5383/match/1105045/
Куньлунь Ред Стар,ХК Сочи,4,0,27,29,0.14814814814814814,0.0,27,21,0.5625,0.4375,672,7000,0.096,1,https://www.championat.com/hockey/_superleague/tournament/5383/match/1105047/
СКА,Северсталь,0,3,21,20,0.0,0.15,31,27,0.5344827586206896,0.46551724137931033,20468,23996,0.852975495915986,0,https://www.championat.com/hockey/_superleague/tournament/5383/match/1105049/
Салават Юлаев,Адмирал,3,0,35,23,0.08571428571428572,0.0,25,31,0.44642857142857145,0.5535714285714286,8344,8522,0.9791128842994602,1,https://www.championat.com/hockey/_superleague/tournament/5383/match/1105053/
Ак Барс,Локомотив,2,4,32,35,0.0625,0.11428571428571428,27,26,0.5094339622641509,0.49056603773584906,2437,3523,0.6917399943230201,0,https://www.championat.com/hockey/_superleague/tournament/5383/match/1105055/
Авангард,Лада,0,0,32,24,0.0,0.0,32,31,0.5079365079365079,0.49206349206349204,12011,12011,1.0,0,https://www.championat.com/hockey/_superleague/tournament/5383/match/1105057/
Барыс,Автомобилист,1,4,32,42,0.03125,0.09523809523809523,38,34,0.5277777777777778,0.4722222222222222,5948,12000,0.49566666666666664,0,https://www.championat.com/hockey/_superleague/tournament/5383/match/1105059/
Трактор,Витязь,3,0,31,23,0.0967741935483871,0.0,24,31,0.43636363636363634,0.5636363636363636,7500,7500,1.0,1,https://www.championat.com/hockey/_superleague/tournament/5383/match/1105061/
Металлург Мг,Амур,3,0,40,29,0.075,0.0,27,24,0.5294117647058824,0.47058823529411764,7063,7700,0.9172727272727272,1,https://www.championat.com/hockey/_superleague/tournament/5383/match/1105063/
ЦСКА,Сибирь,0,0,28,27,0.0,0.0,31,24,0.5636363636363636,0.43636363636363634,8219,12680,0.648186119873817,0,https://www.championat.com/hockey/_superleague/tournament/5383/match/1105065/
Динамо М,Северсталь,3,2,32,24,0.09375,0.08333333333333333,29,23,0.5576923076923077,0.4423076923076923,7191,11500,0.6253043478260869,1,https://www.championat.com/hockey/_superleague/tournament/5383/match/1105067/
Нефтехимик,Локомотив,0,0,22,34,0.0,0.0,31,27,0.5344827586206896,0.46551724137931033,4640,6050,0.7669421487603306,0,https://www.championat.com/hockey/_superleague/tournament/5383/match/1105069/
ХК Сочи,Куньлунь Ред Стар,6,3,26,46,0.23076923076923078,0.06521739130434782,20,34,0.37037037037037035,0.6296296296296297,4785,7000,0.6835714285714286,1,https://www.championat.com/hockey/_superleague/tournament/5383/match/1105071/
Динамо Мн,СКА,1,5,37,36,0.02702702702702703,0.1388888888888889,34,27,0.5573770491803278,0.4426229508196721,15086,15266,0.9882090921000917,0,https://www.championat.com/hockey/_superleague/tournament/5383/match/1105073/
Торпедо,ЦСКА,1,2,29,29,0.034482758620689655,0.06896551724137931,30,30,0.5,0.5,5500,5600,0.9821428571428571,0,https://www.championat.com/hockey/_superleague/tournament/5383/match/1105085/
Барыс,Лада,1,4,34,22,0.029411764705882353,0.18181818181818182,27,29,0.48214285714285715,0.5178571428571429,5673,12000,0.47275,0,https://www.championat.com/hockey/_superleague/tournament/5383/match/1105075/
Трактор,Авангард,3,2,50,21,0.06,0.09523809523809523,26,34,0.43333333333333335,0.5666666666666667,7500,7500,1.0,1,https://www.championat.com/hockey/_superleague/tournament/5383/match/1105077/
Салават Юлаев,Сибирь,1,2,28,21,0.03571428571428571,0.09523809523809523,30,24,0.5555555555555556,0.4444444444444444,8022,8522,0.941328326683877,0,https://www.championat.com/hockey/_superleague/tournament/5383/match/1105081/
Металлург Мг,Витязь,2,1,37,36,0.05405405405405406,0.027777777777777776,26,26,0.5,0.5,7118,7700,0.9244155844155845,1,https://www.championat.com/hockey/_superleague/tournament/5383/match/1105079/
Ак Барс,Амур,4,2,43,22,0.09302325581395349,0.09090909090909091,28,19,0.5957446808510638,0.40425531914893614,2281,3523,0.6474595515185921,1,https://www.championat.com/hockey/_superleague/tournament/5383/match/1105083/
Спартак,Северсталь,5,3,34,17,0.14705882352941177,0.17647058823529413,32,29,0.5245901639344263,0.47540983606557374,10173,12724,0.7995127318453317,1,https://www.championat.com/hockey/_superleague/tournament/5383/match/1105087/
Динамо М,Адмирал,0,0,37,25,0.0,0.0,30,25,0.5454545454545454,0.45454545454545453,8907,11500,0.7745217391304348,0,https://www.championat.com/hockey/_superleague/tournament/5383/match/1105089/
Автомобилист,Локомотив,2,0,21,29,0.09523809523809523,0.0,24,29,0.4528301886792453,0.5471698113207547,5545,5570,0.9955116696588869,1,https://www.championat.com/hockey/_superleague/tournament/5383/match/1105091/
ХК Сочи,Нефтехимик,2,5,37,37,0.05405405405405406,0.13513513513513514,23,28,0.45098039215686275,0.5490196078431373,4295,7000,0.6135714285714285,0,https://www.championat.com/hockey/_superleague/tournament/5383/match/1105093/
Куньлунь Ред Стар,СКА,3,2,28,50,0.10714285714285714,0.04,31,32,0.49206349206349204,0.5079365079365079,21228,23996,0.8846474412402067,1,https://www.championat.com/hockey/_superleague/tournament/5383/match/1105095/
Барыс,Сибирь,1,0,32,38,0.03125,0.0,33,21,0.6111111111111112,0.3888888888888889,5114,12000,0.4261666666666667,1,https://www.championat.com/hockey/_superleague/tournament/5383/match/1105097/
Трактор,Амур,0,0,30,26,0.0,0.0,29,23,0.5576923076923077,0.4423076923076923,7500,7500,1.0,0,https://www.championat.com/hockey/_superleague/tournament/5383/match/1105099/
Металлург Мг,Авангард,3,1,36,27,0.08333333333333333,0.037037037037037035,24,30,0.4444444444444444,0.5555555555555556,7298,7700,0.9477922077922077,1,https://www.championat.com/hockey/_superleague/tournament/5383/match/1105101/
Салават Юлаев,Северсталь,4,3,27,29,0.14814814814814814,0.10344827586206896,29,20,0.5918367346938775,0.40816326530612246,7863,8522,0.9226707345693499,1,https://www.championat.com/hockey/_superleague/tournament/5383/match/1105103/
Ак Барс,Адмирал,4,2,26,21,0.15384615384615385,0.09523809523809523,34,21,0.6181818181818182,0.38181818181818183,2055,3523,0.5833096792506387,1,https://www.championat.com/hockey/_superleague/tournament/5383/match/1105105/
Торпедо,Лада,0,0,42,24,0.0,0.0,32,24,0.5714285714285714,0.42857142857142855,5500,5600,0.9821428571428571,0,https://www.championat.com/hockey/_superleague/tournament/5383/match/1105107/
Спартак,Динамо Мн,2,4,32,38,0.0625,0.10526315789473684,29,39,0.4264705882352941,0.5735294117647058,6551,12724,0.5148538195535995,0,https://www.championat.com/hockey/_superleague/tournament/5383/match/1105109/
Куньлунь Ред Стар,Витязь,0,0,30,37,0.0,0.0,36,17,0.6792452830188679,0.32075471698113206,837,7000,0.11957142857142856,0,https://www.championat.com/hockey/_superleague/tournament/5383/match/1105111/
Динамо М,ЦСКА,0,0,35,28,0.0,0.0,43,33,0.5657894736842105,0.4342105263157895,9144,11500,0.7951304347826087,0,https://www.championat.com/hockey/_superleague/tournament/5383/match/1105113/
Металлург Мг,Локомотив,2,3,28,32,0.07142857142857142,0.09375,27,39,0.4090909090909091,0.5909090909090909,6797,7700,0.8827272727272727,0,https://www.championat.com/hockey/_superleague/tournament/5974/match/1174906/
Авангард,Сибирь,2,1,22,20,0.09090909090909091,0.05,35,26,0.5737704918032787,0.4262295081967213,12011,12011,1.0,1,https://www.championat.com/hockey/_superleague/tournament/5974/match/1174862/
Автомобилист,Трактор,3,2,16,48,0.1875,0.041666666666666664,20,37,0.3508771929824561,0.6491228070175439,5545,5570,0.9955116696588869,1,https://www.championat.com/hockey/_superleague/tournament/5974/match/1174860/
Барыс,Нефтехимик,0,0,29,33,0.0,0.0,37,31,0.5441176470588235,0.45588235294117646,6922,12000,0.5768333333333333,0,https://www.championat.com/hockey/_superleague/tournament/5974/match/1174886/
Витязь,Адмирал,2,3,28,33,0.07142857142857142,0.09090909090909091,25,36,0.4098360655737705,0.5901639344262295,2112,5525,0.382262443438914,0,https://www.championat.com/hockey/_superleague/tournament/5974/match/1174866/
Торпедо,Северсталь,0,3,29,29,0.0,0.10344827586206896,27,28,0.4909090909090909,0.509090909090909,5500,5600,0.9821428571428571,0,https://www.championat.com/hockey/_superleague/tournament/5974/match/1174870/
Динамо М,Куньлунь Ред Стар,1,3,31,21,0.03225806451612903,0.14285714285714285,37,19,0.6607142857142857,0.3392857142857143,4631,11500,0.40269565217391307,0,https://www.championat.com/hockey/_superleague/tournament/5974/match/1174904/
Металлург Мг,СКА,0,0,39,39,0.0,0.0,25,36,0.4098360655737705,0.5901639344262295,6230,7700,0.8090909090909091,0,https://www.championat.com/hockey/_superleague/tournament/5974/match/1174852/
Салават Юлаев,Ак Барс,5,3,24,41,0.20833333333333334,0.07317073170731707,19,36,0.34545454545454546,0.6545454545454545,8476,8522,0.9946022060549167,1,https://www.championat.com/hockey/_superleague/tournament/5974/match/1174856/
Лада,Локомотив,0,3,20,28,0.0,0.10714285714285714,22,24,0.4782608695652174,0.5217391304347826,5764,6200,0.9296774193548387,0,https://www.championat.com/hockey/_superleague/tournament/5974/match/1174880/
Спартак,ЦСКА,4,2,38,33,0.10526315789473684,0.06060606060606061,21,29,0.42,0.58,7969,12396,0.6428686673120362,1,https://www.championat.com/hockey/_superleague/tournament/5974/match/1174884/
Динамо Мн,Амур,3,0,27,26,0.1111111111111111,0.0,31,21,0.5961538461538461,0.40384615384615385,15086,15266,0.9882090921000917,1,https://www.championat.com/hockey/_superleague/tournament/5974/match/1174902/
Авангард,Нефтехимик,4,2,32,15,0.125,0.13333333333333333,32,24,0.5714285714285714,0.42857142857142855,10211,12011,0.8501373740737657,1,https://www.championat.com/hockey/_superleague/tournament/5974/match/1174840/
Автомобилист,Сибирь,4,0,26,36,0.15384615384615385,0.0,29,29,0.5,0.5,5545,5570,0.9955116696588869,1,https://www.championat.com/hockey/_superleague/tournament/5974/match/1174842/
Барыс,Трактор,1,4,34,31,0.029411764705882353,0.12903225806451613,34,25,0.576271186440678,0.423728813559322,6048,12000,0.504,0,https://www.championat.com/hockey/_superleague/tournament/5974/match/1174848/
Динамо М,Северсталь,3,1,29,21,0.10344827586206896,0.047619047619047616,38,20,0.6551724137931034,0.3448275862068966,5820,11500,0.5060869565217392,1,https://www.championat.com/hockey/_superleague/tournament/5974/match/1174846/
Куньлунь Ред Стар,Адмирал,0,0,32,25,0.0,0.0,32,31,0.5079365079365079,0.49206349206349204,1004,7000,0.14342857142857143,0,https://www.championat.com/hockey/_superleague/tournament/5974/match/1174878/
Лада,СКА,1,3,32,22,0.03125,0.13636363636363635,26,31,0.45614035087719296,0.543859649122807,5413,6200,0.8730645161290322,0,https://www.championat.com/hockey/_superleague/tournament/5974/match/1174838/
Витязь,Амур,2,0,21,29,0.09523809523809523,0.0,35,27,0.5645161290322581,0.43548387096774194,2313,5525,0.4186425339366516,1,https://www.championat.com/hockey/_superleague/tournament/5974/match/1174830/
Спартак,ХК Сочи,1,2,36,28,0.027777777777777776,0.07142857142857142,30,25,0.5454545454545454,0.45454545454545453,4612,12396,0.37205550177476604,0,https://www.championat.com/hockey/_superleague/tournament/5974/match/1174832/
Торпедо,Ак Барс,2,3,28,47,0.07142857142857142,0.06382978723404255,32,22,0.5925925925925926,0.4074074074074074,5500,5600,0.9821428571428571,0,https://www.championat.com/hockey/_superleague/tournament/5974/match/1174874/
Металлург Мг,Нефтехимик,0,2,29,23,0.0,0.08695652173913043,25,21,0.5434782608695652,0.45652173913043476,5324,7700,0.6914285714285714,0,https://www.championat.com/hockey/_superleague/tournament/5974/match/1174822/
Салават Юлаев,Трактор,2,1,28,39,0.07142857142857142,0.02564102564102564,34,28,0.5483870967741935,0.45161290322580644,7543,8522,0.8851208636470312,1,https://www.championat.com/hockey/_superleague/tournament/5974/match/1174858/
ЦСКА,Адмирал,6,2,30,29,0.2,0.06896551724137931,28,35,0.4444444444444444,0.5555555555555556,6170,12680,0.4865930599369085,1,https://www.championat.com/hockey/_superleague/tournament/5974/match/1174826/
Куньлунь Ред Стар,Северсталь,2,4,27,33,0.07407407407407407,0.12121212121212122,30,27,0.5263157894736842,0.47368421052631576,1148,7000,0.164,0,https://www.championat.com/hockey/_superleague/tournament/5974/match/1174868/
Авангард,Ак Барс,4,1,25,26,0.16,0.038461538461538464,33,23,0.5892857142857143,0.4107142857142857,11318,12011,0.9423028890183998,1,https://www.championat.com/hockey/_superleague/tournament/5974/match/1174844/
Барыс,Амур,1,5,31,28,0.03225806451612903,0.17857142857142858,37,20,0.6491228070175439,0.3508771929824561,4949,12000,0.41241666666666665,0,https://www.championat.com/hockey/_superleague/tournament/5974/match/1174808/
Торпедо,Автомобилист,3,1,32,34,0.09375,0.029411764705882353,37,31,0.5441176470588235,0.45588235294117646,5500,5600,0.9821428571428571,1,https://www.championat.com/hockey/_superleague/tournament/5974/match/1174812/
Витязь,ХК Сочи,5,4,38,36,0.13157894736842105,0.1111111111111111,36,31,0.5373134328358209,0.4626865671641791,1117,5525,0.20217194570135746,1,https://www.championat.com/hockey/_superleague/tournament/5974/match/1174850/
Локомотив,СКА,2,0,30,25,0.06666666666666667,0.0,25,29,0.46296296296296297,0.5370370370370371,7806,9071,0.8605445926579208,1,https://www.championat.com/hockey/_superleague/tournament/5974/match/1174816/
Спартак,Динамо Мн,5,2,36,23,0.1388888888888889,0.08695652173913043,34,32,0.5151515151515151,0.48484848484848486,3932,12396,0.31719909648273636,1,https://www.championat.com/hockey/_superleague/tournament/5974/match/1174818/
Лада,Динамо М,6,3,27,36,0.2222222222222222,0.08333333333333333,27,31,0.46551724137931033,0.5344827586206896,5127,6200,0.8269354838709677,1,https://www.championat.com/hockey/_superleague/tournament/5974/match/1174836/
ЦСКА,Сибирь,8,2,34,28,0.23529411764705882,0.07142857142857142,42,30,0.5833333333333334,0.4166666666666667,4819,12680,0.3800473186119874,1,https://www.championat.com/hockey/_superleague/tournament/5974/match/1174802/
Авангард,Амур,2,3,21,25,0.09523809523809523,0.12,26,31,0.45614035087719296,0.543859649122807,11792,12011,0.9817667138456415,0,https://www.championat.com/hockey/_superleague/tournament/5974/match/1174828/
Салават Юлаев,Автомобилист,5,3,26,18,0.19230769230769232,0.16666666666666666,29,30,0.4915254237288136,0.5084745762711864,6521,8522,0.7651959633888759,1,https://www.championat.com/hockey/_superleague/tournament/5974/match/1174806/
Витязь,Динамо Мн,1,5,21,35,0.047619047619047616,0.14285714285714285,19,43,0.3064516129032258,0.6935483870967742,1323,5525,0.23945701357466062,0,https://www.championat.com/hockey/_superleague/tournament/5974/match/1174794/
Нефтехимик,Металлург Мг,3,2,23,30,0.13043478260869565,0.06666666666666667,24,25,0.4897959183673469,0.5102040816326531,4164,6050,0.6882644628099174,1,https://www.championat.com/hockey/_superleague/tournament/5974/match/1174780/
Северсталь,Сибирь,2,5,34,20,0.058823529411764705,0.25,32,23,0.5818181818181818,0.41818181818181815,5385,6064,0.8880277044854882,0,https://www.championat.com/hockey/_superleague/tournament/5974/match/1174820/
Куньлунь Ред Стар,Локомотив,2,6,26,30,0.07692307692307693,0.2,30,31,0.4918032786885246,0.5081967213114754,1302,7000,0.186,0,https://www.championat.com/hockey/_superleague/tournament/5974/match/1174772/
ЦСКА,Торпедо,0,0,34,23,0.0,0.0,37,28,0.5692307692307692,0.4307692307692308,6250,12680,0.49290220820189273,0,https://www.championat.com/hockey/_superleague/tournament/5974/match/1174788/
Спартак,Динамо М,4,2,25,38,0.16,0.05263157894736842,24,34,0.41379310344827586,0.5862068965517241,5014,12396,0.40448531784446595,1,https://www.championat.com/hockey/_superleague/tournament/5974/match/1174790/
СКА,Трактор,0,3,38,33,0.0,0.09090909090909091,37,22,0.6271186440677966,0.3728813559322034,12285,12500,0.9828,0,https://www.championat.com/hockey/_superleague/tournament/5974/match/1174798/
Барыс,Динамо Мн,1,5,37,53,0.02702702702702703,0.09433962264150944,36,45,0.4444444444444444,0.5555555555555556,6285,12000,0.52375,0,https://www.championat.com/hockey/_superleague/tournament/5974/match/1174810/
Витязь,Лада,1,2,36,22,0.027777777777777776,0.09090909090909091,34,18,0.6538461538461539,0.34615384615384615,2079,5525,0.376289592760181,0,https://www.championat.com/hockey/_superleague/tournament/5974/match/1174784/
Автомобилист,Салават Юлаев,6,1,21,29,0.2857142857142857,0.034482758620689655,35,27,0.5645161290322581,0.43548387096774194,5545,5570,0.9955116696588869,1,https://www.championat.com/hockey/_superleague/tournament/5974/match/1174764/
Нефтехимик,Локомотив,1,0,19,46,0.05263157894736842,0.0,39,34,0.5342465753424658,0.4657534246575342,3540,6050,0.5851239669421487,1,https://www.championat.com/hockey/_superleague/tournament/5974/match/1174756/
Ак Барс,Металлург Мг,2,0,32,22,0.0625,0.0,36,21,0.631578947368421,0.3684210526315789,8890,8900,0.998876404494382,1,https://www.championat.com/hockey/_superleague/tournament/5974/match/1174762/
Спартак,Торпедо,4,2,27,35,0.14814814814814814,0.05714285714285714,38,30,0.5588235294117647,0.4411764705882353,5662,12396,0.45676024524040015,1,https://www.championat.com/hockey/_superleague/tournament/5974/match/1174768/
ХК Сочи,Трактор,1,4,18,45,0.05555555555555555,0.08888888888888889,27,31,0.46551724137931033,0.5344827586206896,6720,12000,0.56,0,https://www.championat.com/hockey/_superleague/tournament/5974/match/1174774/
Северсталь,ЦСКА,4,2,32,18,0.125,0.1111111111111111,26,36,0.41935483870967744,0.5806451612903226,5321,6064,0.8774736147757256,1,https://www.championat.com/hockey/_superleague/tournament/5974/match/1174800/
Амур,Куньлунь Ред Стар,2,3,27,25,0.07407407407407407,0.12,33,40,0.4520547945205479,0.547945205479452,7100,7100,1.0,0,https://www.championat.com/hockey/_superleague/tournament/5974/match/1174748/
Сибирь,Авангард,4,1,15,27,0.26666666666666666,0.037037037037037035,27,33,0.45,0.55,10615,12000,0.8845833333333334,1,https://www.championat.com/hockey/_superleague/tournament/5974/match/1174792/
СКА,Лада,0,0,39,25,0.0,0.0,31,24,0.5636363636363636,0.43636363636363634,12034,12500,0.96272,0,https://www.championat.com/hockey/_superleague/tournament/5974/match/1174754/
Динамо М,Динамо Мн,6,3,33,40,0.18181818181818182,0.075,45,26,0.6338028169014085,0.36619718309859156,7117,11500,0.6188695652173913,1,https://www.championat.com/hockey/_superleague/tournament/5974/match/1174750/
Северсталь,Металлург Мг,5,2,26,30,0.19230769230769232,0.06666666666666667,32,25,0.5614035087719298,0.43859649122807015,5228,6064,0.8621372031662269,1,https://www.championat.com/hockey/_superleague/tournament/5974/match/1174742/
ХК Сочи,Торпедо,5,3,50,40,0.1,0.075,43,27,0.6142857142857143,0.38571428571428573,4435,12000,0.3695833333333333,1,https://www.championat.com/hockey/_superleague/tournament/5974/match/1174736/
Адмирал,Куньлунь Ред Стар,7,1,47,20,0.14893617021276595,0.05,34,27,0.5573770491803278,0.4426229508196721,5345,5915,0.9036348267117498,1,https://www.championat.com/hockey/_superleague/tournament/5974/match/1174720/
Сибирь,Нефтехимик,5,2,40,22,0.125,0.09090909090909091,30,40,0.42857142857142855,0.5714285714285714,10185,12000,0.84875,1,https://www.championat.com/hockey/_superleague/tournament/5974/match/1174730/
Автомобилист,Барыс,0,0,37,22,0.0,0.0,28,38,0.42424242424242425,0.5757575757575758,5545,5570,0.9955116696588869,0,https://www.championat.com/hockey/_superleague/tournament/5974/match/1174776/
Салават Юлаев,Авангард,4,2,37,30,0.10810810810810811,0.06666666666666667,27,39,0.4090909090909091,0.5909090909090909,7488,8522,0.8786669795822577,1,https://www.championat.com/hockey/_superleague/tournament/5974/match/1174782/
Локомотив,Лада,2,1,36,15,0.05555555555555555,0.06666666666666667,35,17,0.6730769230769231,0.3269230769230769,2000,9071,0.22048285745783266,1,https://www.championat.com/hockey/_superleague/tournament/5974/match/1174900/
ЦСКА,Динамо М,3,1,28,28,0.10714285714285714,0.03571428571428571,38,27,0.5846153846153846,0.4153846153846154,7618,12680,0.600788643533123,1,https://www.championat.com/hockey/_superleague/tournament/5974/match/1174744/
Северсталь,Торпедо,5,4,41,21,0.12195121951219512,0.19047619047619047,30,24,0.5555555555555556,0.4444444444444444,4690,6064,0.7734168865435356,1,https://www.championat.com/hockey/_superleague/tournament/5974/match/1174714/
Сибирь,Куньлунь Ред Стар,3,1,20,30,0.15,0.03333333333333333,20,29,0.40816326530612246,0.5918367346938775,10032,12000,0.836,1,https://www.championat.com/hockey/_superleague/tournament/5974/match/1174760/
Трактор,Нефтехимик,3,2,41,34,0.07317073170731707,0.058823529411764705,26,24,0.52,0.48,7500,7500,1.0,1,https://www.championat.com/hockey/_superleague/tournament/5974/match/1174770/
Ак Барс,Барыс,5,0,33,30,0.15151515151515152,0.0,32,23,0.5818181818181818,0.41818181818181815,8184,8900,0.9195505617977529,1,https://www.championat.com/hockey/_superleague/tournament/5974/match/1174706/
ЦСКА,Витязь,3,2,29,26,0.10344827586206896,0.07692307692307693,38,31,0.5507246376811594,0.4492753623188406,4214,12680,0.3323343848580442,1,https://www.championat.com/hockey/_superleague/tournament/5974/match/1174738/
ХК Сочи,СКА,4,7,30,33,0.13333333333333333,0.21212121212121213,28,27,0.509090909090909,0.4909090909090909,7220,12000,0.6016666666666667,0,https://www.championat.com/hockey/_superleague/tournament/5974/match/1174898/
Адмирал,Динамо М,4,1,33,30,0.12121212121212122,0.03333333333333333,32,32,0.5,0.5,5386,5915,0.9105663567202029,1,https://www.championat.com/hockey/_superleague/tournament/5974/match/1174896/
Авангард,Автомобилист,0,3,37,22,0.0,0.13636363636363635,36,24,0.6,0.4,12011,12011,1.0,0,https://www.championat.com/hockey/_superleague/tournament/5974/match/1174752/
Сибирь,Спартак,3,1,29,34,0.10344827586206896,0.029411764705882353,26,37,0.4126984126984127,0.5873015873015873,10521,12000,0.87675,1,https://www.championat.com/hockey/_superleague/tournament/5974/match/1174746/
Металлург Мг,Нефтехимик,1,0,41,32,0.024390243902439025,0.0,28,26,0.5185185185185185,0.48148148148148145,6320,7700,0.8207792207792208,1,https://www.championat.com/hockey/_superleague/tournament/5974/match/1174690/
Локомотив,Салават Юлаев,0,0,27,27,0.0,0.0,32,15,0.6808510638297872,0.3191489361702128,2000,9071,0.22048285745783266,0,https://www.championat.com/hockey/_superleague/tournament/5974/match/1174698/
Торпедо,СКА,3,4,30,47,0.1,0.0851063829787234,32,36,0.47058823529411764,0.5294117647058824,5500,5600,0.9821428571428571,0,https://www.championat.com/hockey/_superleague/tournament/5974/match/1174732/
Витязь,Барыс,4,1,34,19,0.11764705882352941,0.05263157894736842,25,32,0.43859649122807015,0.5614035087719298,3013,5525,0.5453393665158371,1,https://www.championat.com/hockey/_superleague/tournament/5974/match/1174740/
Динамо Мн,Северсталь,3,1,41,26,0.07317073170731707,0.038461538461538464,33,35,0.4852941176470588,0.5147058823529411,15086,15266,0.9882090921000917,1,https://www.championat.com/hockey/_superleague/tournament/5974/match/1174726/
Адмирал,ЦСКА,0,0,39,32,0.0,0.0,24,31,0.43636363636363634,0.5636363636363636,5520,5915,0.9332206255283179,0,https://www.championat.com/hockey/_superleague/tournament/5974/match/1174894/
Амур,Динамо М,1,2,23,27,0.043478260869565216,0.07407407407407407,25,26,0.49019607843137253,0.5098039215686274,7100,7100,1.0,0,https://www.championat.com/hockey/_superleague/tournament/5974/match/1174684/
Лада,Автомобилист,0,1,28,37,0.0,0.02702702702702703,28,33,0.45901639344262296,0.5409836065573771,5877,6200,0.9479032258064516,0,https://www.championat.com/hockey/_superleague/tournament/5974/match/1174734/
Ак Барс,ХК Сочи,5,2,43,22,0.11627906976744186,0.09090909090909091,28,27,0.509090909090909,0.4909090909090909,8223,8900,0.923932584269663,1,https://www.championat.com/hockey/_superleague/tournament/5974/match/1174718/
Металлург Мг,Салават Юлаев,5,3,30,24,0.16666666666666666,0.125,32,14,0.6956521739130435,0.30434782608695654,7140,7700,0.9272727272727272,1,https://www.championat.com/hockey/_superleague/tournament/5974/match/1174676/
Трактор,Спартак,2,3,37,30,0.05405405405405406,0.1,31,30,0.5081967213114754,0.4918032786885246,7500,7500,1.0,0,https://www.championat.com/hockey/_superleague/tournament/5974/match/1174892/
Локомотив,Северсталь,4,1,28,21,0.14285714285714285,0.047619047619047616,27,17,0.6136363636363636,0.38636363636363635,7076,9071,0.780068349685812,1,https://www.championat.com/hockey/_superleague/tournament/5974/match/1174710/
СКА,Авангард,4,1,35,27,0.11428571428571428,0.037037037037037035,30,23,0.5660377358490566,0.4339622641509434,12138,12500,0.97104,1,https://www.championat.com/hockey/_superleague/tournament/5974/match/1174724/
Амур,ЦСКА,0,3,33,28,0.0,0.10714285714285714,38,25,0.6031746031746031,0.3968253968253968,7100,7100,1.0,0,https://www.championat.com/hockey/_superleague/tournament/5974/match/1174670/
Адмирал,Витязь,6,3,38,29,0.15789473684210525,0.10344827586206896,26,31,0.45614035087719296,0.543859649122807,4872,5915,0.8236686390532545,1,https://www.championat.com/hockey/_superleague/tournament/5974/match/1174704/
Сибирь,ХК Сочи,4,2,21,33,0.19047619047619047,0.06060606060606061,33,26,0.559322033898305,0.4406779661016949,10283,12000,0.8569166666666667,1,https://www.championat.com/hockey/_superleague/tournament/5974/match/1174716/
Барыс,Динамо М,1,3,23,37,0.043478260869565216,0.08108108108108109,27,33,0.45,0.55,5310,12000,0.4425,0,https://www.championat.com/hockey/_superleague/tournament/5974/match/1174708/
Нефтехимик,Автомобилист,1,2,29,20,0.034482758620689655,0.1,30,18,0.625,0.375,3317,6050,0.5482644628099174,0,https://www.championat.com/hockey/_superleague/tournament/5974/match/1174890/
Куньлунь Ред Стар,Торпедо,2,4,37,32,0.05405405405405406,0.125,37,19,0.6607142857142857,0.3392857142857143,1386,7000,0.198,0,https://www.championat.com/hockey/_superleague/tournament/5974/match/1174696/
Металлург Мг,Спартак,3,4,42,23,0.07142857142857142,0.17391304347826086,35,20,0.6363636363636364,0.36363636363636365,6543,7700,0.8497402597402598,0,https://www.championat.com/hockey/_superleague/tournament/5974/match/1174688/
Трактор,Салават Юлаев,3,5,33,31,0.09090909090909091,0.16129032258064516,44,27,0.6197183098591549,0.38028169014084506,7500,7500,1.0,0,https://www.championat.com/hockey/_superleague/tournament/5974/match/1174888/
Лада,Ак Барс,3,4,24,38,0.125,0.10526315789473684,26,26,0.5,0.5,5476,6200,0.8832258064516129,0,https://www.championat.com/hockey/_superleague/tournament/5974/match/1174662/
Локомотив,Авангард,3,2,33,16,0.09090909090909091,0.125,29,31,0.48333333333333334,0.5166666666666667,7437,9071,0.8198655054569507,1,https://www.championat.com/hockey/_superleague/tournament/5974/match/1174700/
Амур,Витязь,3,2,31,28,0.0967741935483871,0.07142857142857142,31,30,0.5081967213114754,0.4918032786885246,7100,7100,1.0,1,https://www.championat.com/hockey/_superleague/tournament/5974/match/1174680/
Адмирал,Торпедо,2,4,28,28,0.07142857142857142,0.14285714285714285,39,33,0.5416666666666666,0.4583333333333333,5537,5915,0.936094674556213,0,https://www.championat.com/hockey/_superleague/tournament/5974/match/1174882/
Сибирь,Автомобилист,2,4,26,35,0.07692307692307693,0.11428571428571428,32,29,0.5245901639344263,0.47540983606557374,10388,12000,0.8656666666666667,0,https://www.championat.com/hockey/_superleague/tournament/5974/match/1174656/
Барыс,ХК Сочи,1,0,25,26,0.04,0.0,27,22,0.5510204081632653,0.4489795918367347,3623,12000,0.30191666666666667,1,https://www.championat.com/hockey/_superleague/tournament/5974/match/1174876/
Куньлунь Ред Стар,Динамо Мн,1,3,28,37,0.03571428571428571,0.08108108108108109,39,31,0.5571428571428572,0.44285714285714284,935,7000,0.13357142857142856,0,https://www.championat.com/hockey/_superleague/tournament/5974/match/1174692/
Трактор,Авангард,4,2,41,29,0.0975609756097561,0.06896551724137931,36,25,0.5901639344262295,0.4098360655737705,7500,7500,1.0,1,https://www.championat.com/hockey/_superleague/tournament/5974/match/1174668/
Металлург Мг,Ак Барс,3,4,40,31,0.075,0.12903225806451613,27,28,0.4909090909090909,0.509090909090909,6845,7700,0.888961038961039,0,https://www.championat.com/hockey/_superleague/tournament/5974/match/1174686/
Лада,Нефтехимик,5,4,36,29,0.1388888888888889,0.13793103448275862,37,46,0.4457831325301205,0.5542168674698795,4556,6200,0.7348387096774194,1,https://www.championat.com/hockey/_superleague/tournament/5974/match/1174646/
СКА,Северсталь,8,5,42,44,0.19047619047619047,0.11363636363636363,55,20,0.7333333333333333,0.26666666666666666,12156,12500,0.97248,1,https://www.championat.com/hockey/_superleague/tournament/5974/match/1174660/
Амур,Торпедо,2,7,43,35,0.046511627906976744,0.2,33,26,0.559322033898305,0.4406779661016949,7100,7100,1.0,0,https://www.championat.com/hockey/_superleague/tournament/5974/match/1174678/
Барыс,Витязь,0,2,32,30,0.0,0.06666666666666667,25,26,0.49019607843137253,0.5098039215686274,6400,12000,0.5333333333333333,0,https://www.championat.com/hockey/_superleague/tournament/5974/match/1174872/
Локомотив,ХК Сочи,3,1,40,13,0.075,0.07692307692307693,31,23,0.5740740740740741,0.42592592592592593,2000,9071,0.22048285745783266,1,https://www.championat.com/hockey/_superleague/tournament/5974/match/1174638/
Спартак,ЦСКА,0,0,38,32,0.0,0.0,31,34,0.47692307692307695,0.5230769230769231,10140,12396,0.8180058083252663,0,https://www.championat.com/hockey/_superleague/tournament/5974/match/1174654/
Автомобилист,Ак Барс,2,6,31,32,0.06451612903225806,0.1875,24,35,0.4067796610169492,0.5932203389830508,5545,5570,0.9955116696588869,0,https://www.championat.com/hockey/_superleague/tournament/5974/match/1174672/
Динамо М,Нефтехимик,5,4,52,31,0.09615384615384616,0.12903225806451613,39,23,0.6290322580645161,0.3709677419354839,6905,11500,0.6004347826086956,1,https://www.championat.com/hockey/_superleague/tournament/5974/match/1174634/
СКА,Куньлунь Ред Стар,4,5,41,23,0.0975609756097561,0.21739130434782608,39,37,0.5131578947368421,0.4868421052631579,11896,12500,0.95168,0,https://www.championat.com/hockey/_superleague/tournament/5974/match/1174664/
Динамо Мн,Северсталь,2,3,39,20,0.05128205128205128,0.15,35,20,0.6363636363636364,0.36363636363636365,15086,15266,0.9882090921000917,0,https://www.championat.com/hockey/_superleague/tournament/5974/match/1174648/
Авангард,Сибирь,3,2,26,26,0.11538461538461539,0.07692307692307693,26,32,0.4482758620689655,0.5517241379310345,11502,12011,0.957622179668637,1,https://www.championat.com/hockey/_superleague/tournament/5974/match/1174640/
Металлург Мг,Лада,2,1,23,30,0.08695652173913043,0.03333333333333333,25,26,0.49019607843137253,0.5098039215686274,6286,7700,0.8163636363636364,1,https://www.championat.com/hockey/_superleague/tournament/5974/match/1174628/
Барыс,Торпедо,1,10,27,37,0.037037037037037035,0.2702702702702703,42,31,0.5753424657534246,0.4246575342465753,4691,12000,0.3909166666666667,0,https://www.championat.com/hockey/_superleague/tournament/5974/match/1174864/
Автомобилист,Локомотив,0,0,14,25,0.0,0.0,24,31,0.43636363636363634,0.5636363636363636,5545,5570,0.9955116696588869,0,https://www.championat.com/hockey/_superleague/tournament/5974/match/1174636/
Салават Юлаев,Куньлунь Ред Стар,2,5,29,31,0.06896551724137931,0.16129032258064516,31,35,0.4696969696969697,0.5303030303030303,8522,8522,1.0,0,https://www.championat.com/hockey/_superleague/tournament/5974/match/1174650/
Динамо Мн,Адмирал,7,2,40,22,0.175,0.09090909090909091,32,33,0.49230769230769234,0.5076923076923077,11112,15266,0.7278920476876719,1,https://www.championat.com/hockey/_superleague/tournament/5974/match/1174632/
Спартак,Трактор,2,3,33,24,0.06060606060606061,0.125,28,37,0.4307692307692308,0.5692307692307692,5250,12396,0.4235237173281704,0,https://www.championat.com/hockey/_superleague/tournament/5974/match/1174578/
ХК Сочи,Северсталь,1,0,24,36,0.041666666666666664,0.0,28,38,0.42424242424242425,0.5757575757575758,5927,12000,0.49391666666666667,1,https://www.championat.com/hockey/_superleague/tournament/5974/match/1174658/
Динамо М,ЦСКА,3,4,36,36,0.08333333333333333,0.1111111111111111,35,29,0.546875,0.453125,7728,11500,0.672,0,https://www.championat.com/hockey/_superleague/tournament/5974/match/1174854/
Нефтехимик,Лада,3,2,28,43,0.10714285714285714,0.046511627906976744,36,25,0.5901639344262295,0.4098360655737705,2353,6050,0.38892561983471075,1,https://www.championat.com/hockey/_superleague/tournament/5974/match/1174576/
Ак Барс,Амур,3,2,39,41,0.07692307692307693,0.04878048780487805,26,29,0.4727272727272727,0.5272727272727272,8240,8900,0.9258426966292135,1,https://www.championat.com/hockey/_superleague/tournament/5974/match/1174626/
Авангард,Локомотив,3,5,18,30,0.16666666666666666,0.16666666666666666,22,34,0.39285714285714285,0.6071428571428571,10544,12011,0.8778619598701191,0,https://www.championat.com/hockey/_superleague/tournament/5974/match/1174834/
Витязь,Куньлунь Ред Стар,7,2,33,28,0.21212121212121213,0.07142857142857142,29,32,0.47540983606557374,0.5245901639344263,2178,5525,0.3942081447963801,1,https://www.championat.com/hockey/_superleague/tournament/5974/match/1174630/
Динамо Мн,СКА,0,3,34,24,0.0,0.125,35,33,0.5147058823529411,0.4852941176470588,15006,15266,0.9829686885890213,0,https://www.championat.com/hockey/_superleague/tournament/5974/match/1174824/
ЦСКА,Металлург Мг,0,7,26,31,0.0,0.22580645161290322,32,27,0.5423728813559322,0.4576271186440678,6990,12680,0.5512618296529969,0,https://www.championat.com/hockey/_superleague/tournament/5974/match/1174574/
Спартак,Барыс,4,2,29,26,0.13793103448275862,0.07692307692307693,38,33,0.5352112676056338,0.4647887323943662,3792,12396,0.3059051306873185,1,https://www.championat.com/hockey/_superleague/tournament/5974/match/1174618/
Динамо М,Трактор,1,4,38,36,0.02631578947368421,0.1111111111111111,35,34,0.5072463768115942,0.4927536231884058,5953,11500,0.5176521739130435,0,https://www.championat.com/hockey/_superleague/tournament/5974/match/1174622/
ХК Сочи,Адмирал,5,0,40,27,0.125,0.0,24,35,0.4067796610169492,0.5932203389830508,3755,12000,0.3129166666666667,1,https://www.championat.com/hockey/_superleague/tournament/5974/match/1174642/
Ак Барс,Амур,1,2,38,31,0.02631578947368421,0.06451612903225806,39,29,0.5735294117647058,0.4264705882352941,8248,8900,0.9267415730337079,0,https://www.championat.com/hockey/_superleague/tournament/5974/match/1174614/
Авангард,Барыс,4,0,35,20,0.11428571428571428,0.0,24,28,0.46153846153846156,0.5384615384615384,12011,12011,1.0,1,https://www.championat.com/hockey/_superleague/tournament/5974/match/1174572/
Лада,Адмирал,1,0,37,37,0.02702702702702703,0.0,32,31,0.5079365079365079,0.49206349206349204,4116,6200,0.6638709677419354,1,https://www.championat.com/hockey/_superleague/tournament/5974/match/1174624/
Автомобилист,Сибирь,0,4,33,22,0.0,0.18181818181818182,22,24,0.4782608695652174,0.5217391304347826,5545,5570,0.9955116696588869,0,https://www.championat.com/hockey/_superleague/tournament/5974/match/1174814/
ЦСКА,Трактор,0,4,24,32,0.0,0.125,33,28,0.5409836065573771,0.45901639344262296,8974,12680,0.7077287066246056,0,https://www.championat.com/hockey/_superleague/tournament/5974/match/1174610/
Спартак,Металлург Мг,2,5,43,33,0.046511627906976744,0.15151515151515152,34,39,0.4657534246575342,0.5342465753424658,8380,12396,0.6760245240400129,0,https://www.championat.com/hockey/_superleague/tournament/5974/match/1174620/
Северсталь,СКА,4,3,32,33,0.125,0.09090909090909091,35,31,0.5303030303030303,0.4696969696969697,5501,6064,0.9071569920844327,1,https://www.championat.com/hockey/_superleague/tournament/5974/match/1174804/
Витязь,Динамо М,0,3,22,34,0.0,0.08823529411764706,30,29,0.5084745762711864,0.4915254237288136,4654,5525,0.8423529411764706,0,https://www.championat.com/hockey/_superleague/tournament/5974/match/1174606/
ХК Сочи,Динамо Мн,3,2,13,43,0.23076923076923078,0.046511627906976744,23,39,0.3709677419354839,0.6290322580645161,12000,1,12000.0,1,https://www.championat.com/hockey/_superleague/tournament/5974/match/1174568/
Нефтехимик,Амур,4,1,36,37,0.1111111111111111,0.02702702702702703,31,31,0.5,0.5,3533,6050,0.5839669421487603,1,https://www.championat.com/hockey/_superleague/tournament/5974/match/1174616/
Автомобилист,Барыс,4,3,28,19,0.14285714285714285,0.15789473684210525,22,27,0.4489795918367347,0.5510204081632653,5545,5570,0.9955116696588869,1,https://www.championat.com/hockey/_superleague/tournament/5974/match/1174602/
Лада,Адмирал,0,2,22,35,0.0,0.05714285714285714,27,40,0.40298507462686567,0.5970149253731343,4163,6200,0.6714516129032259,0,https://www.championat.com/hockey/_superleague/tournament/5974/match/1174796/
Ак Барс,Сибирь,3,6,35,26,0.08571428571428572,0.23076923076923078,37,23,0.6166666666666667,0.38333333333333336,8297,8900,0.932247191011236,0,https://www.championat.com/hockey/_superleague/tournament/5974/match/1174612/
Локомотив,СКА,0,0,48,22,0.0,0.0,42,19,0.6885245901639344,0.3114754098360656,2000,9071,0.22048285745783266,0,https://www.championat.com/hockey/_superleague/tournament/5974/match/1174604/
Торпедо,Куньлунь Ред Стар,4,0,28,25,0.14285714285714285,0.0,31,32,0.49206349206349204,0.5079365079365079,5500,5600,0.9821428571428571,1,https://www.championat.com/hockey/_superleague/tournament/5974/match/1174608/
Металлург Мг,Динамо М,5,3,32,37,0.15625,0.08108108108108109,34,30,0.53125,0.46875,6355,7700,0.8253246753246753,1,https://www.championat.com/hockey/_superleague/tournament/5974/match/1174778/
Нефтехимик,Амур,4,3,28,38,0.14285714285714285,0.07894736842105263,38,27,0.5846153846153846,0.4153846153846154,3066,6050,0.5067768595041322,1,https://www.championat.com/hockey/_superleague/tournament/5974/match/1174786/
ХК Сочи,Витязь,2,4,38,33,0.05263157894736842,0.12121212121212122,33,22,0.6,0.4,3378,12000,0.2815,0,https://www.championat.com/hockey/_superleague/tournament/5974/match/1174562/
Северсталь,Динамо Мн,3,2,39,41,0.07692307692307693,0.04878048780487805,26,36,0.41935483870967744,0.5806451612903226,5001,6064,0.824703166226913,1,https://www.championat.com/hockey/_superleague/tournament/5974/match/1174598/
ЦСКА,Салават Юлаев,2,0,25,33,0.08,0.0,29,27,0.5178571428571429,0.48214285714285715,8208,12680,0.6473186119873817,1,https://www.championat.com/hockey/_superleague/tournament/5974/match/1174600/
Трактор,Адмирал,2,0,41,28,0.04878048780487805,0.0,23,23,0.5,0.5,7500,7500,1.0,1,https://www.championat.com/hockey/_superleague/tournament/5974/match/1174558/
Лада,Сибирь,0,0,33,27,0.0,0.0,26,28,0.48148148148148145,0.5185185185185185,4121,6200,0.6646774193548387,0,https://www.championat.com/hockey/_superleague/tournament/5974/match/1174564/
Локомотив,Куньлунь Ред Стар,0,0,44,17,0.0,0.0,31,28,0.5254237288135594,0.4745762711864407,2000,9071,0.22048285745783266,0,https://www.championat.com/hockey/_superleague/tournament/5974/match/1174766/
Металлург Мг,Торпедо,4,5,51,20,0.0784313725490196,0.25,35,25,0.5833333333333334,0.4166666666666667,6187,7700,0.8035064935064935,0,https://www.championat.com/hockey/_superleague/tournament/5974/match/1174556/
Барыс,Авангард,1,0,25,24,0.04,0.0,33,21,0.6111111111111112,0.3888888888888889,5832,12000,0.486,1,https://www.championat.com/hockey/_superleague/tournament/5974/match/1174758/
ХК Сочи,Витязь,0,0,37,24,0.0,0.0,38,28,0.5757575757575758,0.42424242424242425,6267,12000,0.52225,0,https://www.championat.com/hockey/_superleague/tournament/5974/match/1174554/
Спартак,Салават Юлаев,2,5,30,46,0.06666666666666667,0.10869565217391304,17,42,0.288135593220339,0.711864406779661,6370,12396,0.5138754436915134,0,https://www.championat.com/hockey/_superleague/tournament/5974/match/1174560/
СКА,Динамо Мн,2,4,23,39,0.08695652173913043,0.10256410256410256,25,39,0.390625,0.609375,11449,12500,0.91592,0,https://www.championat.com/hockey/_superleague/tournament/5974/match/1174590/
ЦСКА,Автомобилист,3,4,24,26,0.125,0.15384615384615385,29,22,0.5686274509803921,0.43137254901960786,5465,12680,0.430993690851735,0,https://www.championat.com/hockey/_superleague/tournament/5974/match/1174594/
Северсталь,Куньлунь Ред Стар,0,3,41,23,0.0,0.13043478260869565,38,26,0.59375,0.40625,5432,6064,0.895778364116095,0,https://www.championat.com/hockey/_superleague/tournament/5974/match/1174532/
Нефтехимик,Сибирь,1,2,30,30,0.03333333333333333,0.06666666666666667,30,25,0.5454545454545454,0.45454545454545453,420,6050,0.06942148760330578,0,https://www.championat.com/hockey/_superleague/tournament/5974/match/1174548/
Спартак,Ак Барс,3,0,38,36,0.07894736842105263,0.0,33,42,0.44,0.56,8333,12396,0.6722329783801226,1,https://www.championat.com/hockey/_superleague/tournament/5974/match/1174536/
Трактор,Торпедо,0,0,28,34,0.0,0.0,29,26,0.5272727272727272,0.4727272727272727,7500,7500,1.0,0,https://www.championat.com/hockey/_superleague/tournament/5974/match/1174550/
СКА,Автомобилист,5,2,32,37,0.15625,0.05405405405405406,24,25,0.4897959183673469,0.5102040816326531,12172,12500,0.97376,1,https://www.championat.com/hockey/_superleague/tournament/5974/match/1174524/
Динамо М,Салават Юлаев,4,2,32,30,0.125,0.06666666666666667,23,25,0.4791666666666667,0.5208333333333334,8902,11500,0.7740869565217391,1,https://www.championat.com/hockey/_superleague/tournament/5974/match/1174546/
ХК Сочи,Локомотив,1,2,23,29,0.043478260869565216,0.06896551724137931,25,27,0.4807692307692308,0.5192307692307693,5550,12000,0.4625,0,https://www.championat.com/hockey/_superleague/tournament/5974/match/1174728/
Амур,Лада,2,0,27,22,0.07407407407407407,0.0,28,27,0.509090909090909,0.4909090909090909,7100,7100,1.0,1,https://www.championat.com/hockey/_superleague/tournament/5974/match/1174516/
Трактор,Авангард,1,3,24,23,0.041666666666666664,0.13043478260869565,35,21,0.625,0.375,7200,7500,0.96,0,https://www.championat.com/hockey/_superleague/tournament/5974/match/1174508/
Металлург Мг,Ак Барс,0,5,23,43,0.0,0.11627906976744186,23,33,0.4107142857142857,0.5892857142857143,7131,7700,0.9261038961038961,0,https://www.championat.com/hockey/_superleague/tournament/5974/match/1174722/
Динамо М,Спартак,5,0,34,29,0.14705882352941177,0.0,33,31,0.515625,0.484375,8979,11500,0.7807826086956522,1,https://www.championat.com/hockey/_superleague/tournament/5974/match/1174528/
Витязь,Локомотив,2,1,20,44,0.1,0.022727272727272728,17,38,0.3090909090909091,0.6909090909090909,3419,5525,0.6188235294117647,1,https://www.championat.com/hockey/_superleague/tournament/5974/match/1174540/
Амур,Лада,3,5,36,25,0.08333333333333333,0.2,49,14,0.7777777777777778,0.2222222222222222,6737,7100,0.9488732394366197,0,https://www.championat.com/hockey/_superleague/tournament/5974/match/1174500/
Адмирал,Северсталь,0,0,35,41,0.0,0.0,48,37,0.5647058823529412,0.43529411764705883,4887,5915,0.8262045646661031,0,https://www.championat.com/hockey/_superleague/tournament/5974/match/1174538/
Динамо Мн,ЦСКА,0,0,40,34,0.0,0.0,39,30,0.5652173913043478,0.43478260869565216,14560,15266,0.9537534390148041,0,https://www.championat.com/hockey/_superleague/tournament/5974/match/1174712/
СКА,Нефтехимик,0,0,40,30,0.0,0.0,18,38,0.32142857142857145,0.6785714285714286,11398,12500,0.91184,0,https://www.championat.com/hockey/_superleague/tournament/5974/match/1174520/
Барыс,Салават Юлаев,2,3,30,30,0.06666666666666667,0.1,20,39,0.3389830508474576,0.6610169491525424,5748,12000,0.479,0,https://www.championat.com/hockey/_superleague/tournament/5974/match/1174492/
Трактор,Ак Барс,3,1,32,34,0.09375,0.029411764705882353,26,34,0.43333333333333335,0.5666666666666667,7500,7500,1.0,1,https://www.championat.com/hockey/_superleague/tournament/5974/match/1174514/
Куньлунь Ред Стар,Локомотив,1,5,15,34,0.06666666666666667,0.14705882352941177,26,23,0.5306122448979592,0.46938775510204084,1897,7000,0.271,0,https://www.championat.com/hockey/_superleague/tournament/5974/match/1174506/
Адмирал,Лада,1,6,39,31,0.02564102564102564,0.1935483870967742,34,23,0.5964912280701754,0.40350877192982454,3963,5915,0.6699915469146238,0,https://www.championat.com/hockey/_superleague/tournament/5974/match/1174490/
Амур,Северсталь,1,2,40,30,0.025,0.06666666666666667,43,32,0.5733333333333334,0.4266666666666667,6500,7100,0.9154929577464789,0,https://www.championat.com/hockey/_superleague/tournament/5974/match/1174474/
Авангард,Спартак,5,6,38,30,0.13157894736842105,0.2,33,27,0.55,0.45,12011,12011,1.0,0,https://www.championat.com/hockey/_superleague/tournament/5974/match/1174486/
Торпедо,Нефтехимик,0,0,37,31,0.0,0.0,34,25,0.576271186440678,0.423728813559322,5500,5600,0.9821428571428571,0,https://www.championat.com/hockey/_superleague/tournament/5974/match/1174480/
Витязь,Автомобилист,1,3,30,24,0.03333333333333333,0.125,31,25,0.5535714285714286,0.44642857142857145,1721,5525,0.3114932126696833,0,https://www.championat.com/hockey/_superleague/tournament/5974/match/1174498/
Динамо Мн,Металлург Мг,0,2,26,30,0.0,0.06666666666666667,21,28,0.42857142857142855,0.5714285714285714,13397,15266,0.8775710729726189,0,https://www.championat.com/hockey/_superleague/tournament/5974/match/1174702/
СКА,ЦСКА,0,0,27,25,0.0,0.0,33,26,0.559322033898305,0.4406779661016949,12346,12500,0.98768,0,https://www.championat.com/hockey/_superleague/tournament/5974/match/1174534/
Трактор,Салават Юлаев,4,2,41,37,0.0975609756097561,0.05405405405405406,36,32,0.5294117647058824,0.47058823529411764,7500,7500,1.0,1,https://www.championat.com/hockey/_superleague/tournament/5974/match/1174484/
Куньлунь Ред Стар,ХК Сочи,0,4,24,30,0.0,0.13333333333333333,30,24,0.5555555555555556,0.4444444444444444,916,7000,0.13085714285714287,0,https://www.championat.com/hockey/_superleague/tournament/5974/match/1174472/
Адмирал,Лада,5,3,41,28,0.12195121951219512,0.10714285714285714,38,21,0.6440677966101694,0.3559322033898305,5123,5915,0.8661031276415891,1,https://www.championat.com/hockey/_superleague/tournament/5974/match/1174518/
Амур,Спартак,4,5,32,39,0.125,0.1282051282051282,48,21,0.6956521739130435,0.30434782608695654,7100,7100,1.0,0,https://www.championat.com/hockey/_superleague/tournament/5974/match/1174464/
Сибирь,Северсталь,2,4,32,35,0.0625,0.11428571428571428,41,17,0.7068965517241379,0.29310344827586204,10535,12000,0.8779166666666667,0,https://www.championat.com/hockey/_superleague/tournament/5974/match/1174694/
Витязь,Металлург Мг,2,0,20,34,0.1,0.0,25,25,0.5,0.5,4124,5525,0.7464253393665158,1,https://www.championat.com/hockey/_superleague/tournament/5974/match/1174526/
Торпедо,Динамо М,2,3,27,26,0.07407407407407407,0.11538461538461539,31,31,0.5,0.5,5500,5600,0.9821428571428571,0,https://www.championat.com/hockey/_superleague/tournament/5974/match/1174468/
Локомотив,Барыс,3,1,23,27,0.13043478260869565,0.037037037037037035,24,18,0.5714285714285714,0.42857142857142855,7655,9071,0.8438981369198545,1,https://www.championat.com/hockey/_superleague/tournament/5974/match/1174682/
Динамо Мн,Нефтехимик,4,1,38,22,0.10526315789473684,0.045454545454545456,23,23,0.5,0.5,15086,15266,0.9882090921000917,1,https://www.championat.com/hockey/_superleague/tournament/5974/match/1174470/
ЦСКА,ХК Сочи,3,4,23,29,0.13043478260869565,0.13793103448275862,31,26,0.543859649122807,0.45614035087719296,7664,12680,0.604416403785489,0,https://www.championat.com/hockey/_superleague/tournament/5974/match/1174510/
Адмирал,Спартак,0,0,43,36,0.0,0.0,38,24,0.6129032258064516,0.3870967741935484,5155,5915,0.871513102282333,0,https://www.championat.com/hockey/_superleague/tournament/5974/match/1174452/
Сибирь,Трактор,4,5,26,42,0.15384615384615385,0.11904761904761904,38,33,0.5352112676056338,0.4647887323943662,10327,12000,0.8605833333333334,0,https://www.championat.com/hockey/_superleague/tournament/5974/match/1174674/
Витязь,СКА,1,8,24,47,0.041666666666666664,0.1702127659574468,25,35,0.4166666666666667,0.5833333333333334,2890,5525,0.5230769230769231,0,https://www.championat.com/hockey/_superleague/tournament/5974/match/1174460/
Локомотив,Динамо М,4,3,42,25,0.09523809523809523,0.12,41,23,0.640625,0.359375,2000,9071,0.22048285745783266,1,https://www.championat.com/hockey/_superleague/tournament/5974/match/1174466/
Динамо Мн,Барыс,1,2,35,20,0.02857142857142857,0.1,34,30,0.53125,0.46875,13003,15266,0.8517620856805974,0,https://www.championat.com/hockey/_superleague/tournament/5974/match/1174502/
Куньлунь Ред Стар,Металлург Мг,2,4,32,47,0.0625,0.0851063829787234,38,37,0.5066666666666667,0.49333333333333335,1104,7000,0.15771428571428572,0,https://www.championat.com/hockey/_superleague/tournament/5974/match/1174462/
Салават Юлаев,ХК Сочи,3,2,36,26,0.08333333333333333,0.07692307692307693,31,26,0.543859649122807,0.45614035087719296,8064,8522,0.9462567472424314,1,https://www.championat.com/hockey/_superleague/tournament/5974/match/1174666/
Нефтехимик,Торпедо,1,3,30,29,0.03333333333333333,0.10344827586206896,30,21,0.5882352941176471,0.4117647058823529,6050,1,6050.0,0,https://www.championat.com/hockey/_superleague/tournament/5974/match/1174446/
Сибирь,Барыс,1,3,29,25,0.034482758620689655,0.12,32,30,0.5161290322580645,0.4838709677419355,10261,12000,0.8550833333333333,0,https://www.championat.com/hockey/_superleague/tournament/5974/match/1174450/
Авангард,Трактор,3,4,29,25,0.10344827586206896,0.16,26,41,0.3880597014925373,0.6119402985074627,10184,12011,0.8478894346848722,0,https://www.championat.com/hockey/_superleague/tournament/5974/match/1174494/
Автомобилист,Динамо М,1,2,27,30,0.037037037037037035,0.06666666666666667,21,26,0.44680851063829785,0.5531914893617021,5545,5570,0.9955116696588869,0,https://www.championat.com/hockey/_superleague/tournament/5974/match/1174456/
ЦСКА,Амур,7,0,39,23,0.1794871794871795,0.0,42,27,0.6086956521739131,0.391304347826087,5245,12680,0.4136435331230284,1,https://www.championat.com/hockey/_superleague/tournament/5974/match/1174440/
Куньлунь Ред Стар,СКА,0,8,31,34,0.0,0.23529411764705882,26,28,0.48148148148148145,0.5185185185185185,1403,7000,0.20042857142857143,0,https://www.championat.com/hockey/_superleague/tournament/5974/match/1174488/
Салават Юлаев,Торпедо,5,4,32,24,0.15625,0.16666666666666666,31,29,0.5166666666666667,0.48333333333333334,7923,8522,0.9297113353672847,1,https://www.championat.com/hockey/_superleague/tournament/5974/match/1174444/
Нефтехимик,ХК Сочи,2,1,23,25,0.08695652173913043,0.04,16,26,0.38095238095238093,0.6190476190476191,6050,1,6050.0,1,https://www.championat.com/hockey/_superleague/tournament/5974/match/1174436/
Лада,Трактор,0,0,19,32,0.0,0.0,25,35,0.4166666666666667,0.5833333333333334,6019,6200,0.9708064516129032,0,https://www.championat.com/hockey/_superleague/tournament/5974/match/1174482/
Ак Барс,Адмирал,2,0,34,29,0.058823529411764705,0.0,23,27,0.46,0.54,8172,8900,0.9182022471910113,1,https://www.championat.com/hockey/_superleague/tournament/5974/match/1174434/
Локомотив,Амур,5,0,45,28,0.1111111111111111,0.0,39,24,0.6190476190476191,0.38095238095238093,7616,9071,0.8395987211994267,1,https://www.championat.com/hockey/_superleague/tournament/5974/match/1174652/
Динамо Мн,Витязь,2,1,49,20,0.04081632653061224,0.05,34,23,0.5964912280701754,0.40350877192982454,15086,15266,0.9882090921000917,1,https://www.championat.com/hockey/_superleague/tournament/5974/match/1174424/
Спартак,СКА,2,5,27,42,0.07407407407407407,0.11904761904761904,29,33,0.46774193548387094,0.532258064516129,9120,12396,0.7357212003872217,0,https://www.championat.com/hockey/_superleague/tournament/5974/match/1174432/
Куньлунь Ред Стар,ЦСКА,0,0,33,25,0.0,0.0,36,21,0.631578947368421,0.3684210526315789,2657,7000,0.37957142857142856,0,https://www.championat.com/hockey/_superleague/tournament/5974/match/1174644/
Нефтехимик,Автомобилист,2,3,41,32,0.04878048780487805,0.09375,39,19,0.6724137931034483,0.3275862068965517,3806,6050,0.6290909090909091,0,https://www.championat.com/hockey/_superleague/tournament/5974/match/1174428/
Торпедо,Витязь,1,2,24,23,0.041666666666666664,0.08695652173913043,27,30,0.47368421052631576,0.5263157894736842,5500,5600,0.9821428571428571,0,https://www.championat.com/hockey/_superleague/tournament/5974/match/1174408/
Авангард,Металлург Мг,0,0,45,46,0.0,0.0,32,30,0.5161290322580645,0.4838709677419355,12011,12011,1.0,0,https://www.championat.com/hockey/_superleague/tournament/5974/match/1174596/
Локомотив,Динамо Мн,3,2,27,26,0.1111111111111111,0.07692307692307693,34,27,0.5573770491803278,0.4426229508196721,7668,9071,0.8453312754933304,1,https://www.championat.com/hockey/_superleague/tournament/5974/match/1174404/
Ак Барс,Адмирал,4,2,36,28,0.1111111111111111,0.07142857142857142,35,26,0.5737704918032787,0.4262295081967213,8236,8900,0.9253932584269663,1,https://www.championat.com/hockey/_superleague/tournament/5974/match/1174458/
Северсталь,Амур,3,0,22,31,0.13636363636363635,0.0,34,23,0.5964912280701754,0.40350877192982454,5499,6064,0.9068271767810027,1,https://www.championat.com/hockey/_superleague/tournament/5974/match/1174478/
Трактор,Автомобилист,4,5,36,23,0.1111111111111111,0.21739130434782608,35,27,0.5645161290322581,0.43548387096774194,7500,7500,1.0,0,https://www.championat.com/hockey/_superleague/tournament/5974/match/1174454/
СКА,Сибирь,6,3,29,26,0.20689655172413793,0.11538461538461539,30,23,0.5660377358490566,0.4339622641509434,12137,12500,0.97096,1,https://www.championat.com/hockey/_superleague/tournament/5974/match/1174380/
Барыс,Куньлунь Ред Стар,0,2,19,31,0.0,0.06451612903225806,13,28,0.3170731707317073,0.6829268292682927,6635,12000,0.5529166666666666,0,https://www.championat.com/hockey/_superleague/tournament/5974/match/1174586/
Салават Юлаев,Адмирал,2,1,37,34,0.05405405405405406,0.029411764705882353,29,28,0.5087719298245614,0.49122807017543857,8489,8522,0.9961276695611359,1,https://www.championat.com/hockey/_superleague/tournament/5974/match/1174592/
Северсталь,Динамо Мн,5,2,25,42,0.2,0.047619047619047616,22,34,0.39285714285714285,0.6071428571428571,5321,6064,0.8774736147757256,1,https://www.championat.com/hockey/_superleague/tournament/5974/match/1174368/
Нефтехимик,Лада,0,3,43,23,0.0,0.13043478260869565,30,26,0.5357142857142857,0.4642857142857143,3368,6050,0.5566942148760331,0,https://www.championat.com/hockey/_superleague/tournament/5974/match/1174392/
Динамо М,Амур,1,0,22,35,0.045454545454545456,0.0,27,30,0.47368421052631576,0.5263157894736842,6967,11500,0.6058260869565217,1,https://www.championat.com/hockey/_superleague/tournament/5974/match/1174376/
Спартак,Витязь,0,0,39,18,0.0,0.0,34,23,0.5964912280701754,0.40350877192982454,6030,12396,0.4864472410454985,0,https://www.championat.com/hockey/_superleague/tournament/5974/match/1174398/
Ак Барс,Металлург Мг,4,1,38,35,0.10526315789473684,0.02857142857142857,33,21,0.6111111111111112,0.3888888888888889,8499,8900,0.9549438202247191,1,https://www.championat.com/hockey/_superleague/tournament/5974/match/1174448/
Торпедо,ЦСКА,1,3,34,28,0.029411764705882353,0.10714285714285714,29,26,0.5272727272727272,0.4727272727272727,5500,5600,0.9821428571428571,0,https://www.championat.com/hockey/_superleague/tournament/5974/match/1174588/
Трактор,Сибирь,5,0,35,15,0.14285714285714285,0.0,35,15,0.7,0.3,7500,7500,1.0,1,https://www.championat.com/hockey/_superleague/tournament/5974/match/1174584/
СКА,Локомотив,2,3,30,25,0.06666666666666667,0.12,23,28,0.45098039215686275,0.5490196078431373,12364,12500,0.98912,0,https://www.championat.com/hockey/_superleague/tournament/5974/match/1174442/
Авангард,Лада,1,3,27,21,0.037037037037037035,0.14285714285714285,30,13,0.6976744186046512,0.3023255813953488,12011,12011,1.0,0,https://www.championat.com/hockey/_superleague/tournament/5974/match/1174438/
Салават Юлаев,Адмирал,2,4,35,36,0.05714285714285714,0.1111111111111111,35,36,0.49295774647887325,0.5070422535211268,8496,8522,0.9969490729875616,0,https://www.championat.com/hockey/_superleague/tournament/5974/match/1174362/
Динамо М,Витязь,2,1,26,22,0.07692307692307693,0.045454545454545456,29,17,0.6304347826086957,0.3695652173913043,5846,11500,0.5083478260869565,1,https://www.championat.com/hockey/_superleague/tournament/5974/match/1174388/
Торпедо,Динамо Мн,2,5,24,47,0.08333333333333333,0.10638297872340426,26,34,0.43333333333333335,0.5666666666666667,5500,5600,0.9821428571428571,0,https://www.championat.com/hockey/_superleague/tournament/5974/match/1174582/
Металлург Мг,Сибирь,3,4,32,19,0.09375,0.21052631578947367,16,25,0.3902439024390244,0.6097560975609756,7500,7700,0.974025974025974,0,https://www.championat.com/hockey/_superleague/tournament/5974/match/1174358/
Автомобилист,Нефтехимик,3,2,20,14,0.15,0.14285714285714285,27,26,0.5094339622641509,0.49056603773584906,5545,5570,0.9955116696588869,1,https://www.championat.com/hockey/_superleague/tournament/5974/match/1174580/
Ак Барс,Локомотив,2,3,15,26,0.13333333333333333,0.11538461538461539,22,26,0.4583333333333333,0.5416666666666666,8687,8900,0.9760674157303371,0,https://www.championat.com/hockey/_superleague/tournament/5974/match/1174384/
Северсталь,Куньлунь Ред Стар,7,2,39,32,0.1794871794871795,0.0625,30,35,0.46153846153846156,0.5384615384615384,5377,6064,0.8867084432717678,1,https://www.championat.com/hockey/_superleague/tournament/5974/match/1174430/
Амур,Адмирал,0,5,37,33,0.0,0.15151515151515152,28,29,0.49122807017543857,0.5087719298245614,7100,7100,1.0,0,https://www.championat.com/hockey/_superleague/tournament/5974/match/1174378/
Салават Юлаев,СКА,4,2,35,35,0.11428571428571428,0.05714285714285714,30,42,0.4166666666666667,0.5833333333333334,8522,8522,1.0,1,https://www.championat.com/hockey/_superleague/tournament/5974/match/1174350/
ХК Сочи,Спартак,0,4,24,33,0.0,0.12121212121212122,24,25,0.4897959183673469,0.5102040816326531,7453,12000,0.6210833333333333,0,https://www.championat.com/hockey/_superleague/tournament/5974/match/1174570/
Трактор,Локомотив,3,5,35,25,0.08571428571428572,0.2,34,30,0.53125,0.46875,7500,7500,1.0,0,https://www.championat.com/hockey/_superleague/tournament/5974/match/1174426/
Барыс,Нефтехимик,2,1,33,32,0.06060606060606061,0.03125,32,32,0.5,0.5,5415,12000,0.45125,1,https://www.championat.com/hockey/_superleague/tournament/5974/match/1174370/
Динамо М,Торпедо,4,5,33,34,0.12121212121212122,0.14705882352941177,29,26,0.5272727272727272,0.4727272727272727,8997,11500,0.7823478260869565,0,https://www.championat.com/hockey/_superleague/tournament/5974/match/1174344/
Куньлунь Ред Стар,СКА,0,0,33,41,0.0,0.0,31,33,0.484375,0.515625,2437,7000,0.34814285714285714,0,https://www.championat.com/hockey/_superleague/tournament/5974/match/1174360/
ХК Сочи,Спартак,1,3,36,24,0.027777777777777776,0.125,41,34,0.5466666666666666,0.4533333333333333,5290,12000,0.44083333333333335,0,https://www.championat.com/hockey/_superleague/tournament/5974/match/1174566/
Динамо Мн,Витязь,1,4,44,19,0.022727272727272728,0.21052631578947367,31,25,0.5535714285714286,0.44642857142857145,12287,15266,0.8048604742565177,0,https://www.championat.com/hockey/_superleague/tournament/5974/match/1174422/
Амур,Авангард,1,2,39,19,0.02564102564102564,0.10526315789473684,31,28,0.5254237288135594,0.4745762711864407,6500,7100,0.9154929577464789,0,https://www.championat.com/hockey/_superleague/tournament/5974/match/1174552/
Адмирал,Металлург Мг,0,0,36,30,0.0,0.0,32,29,0.5245901639344263,0.47540983606557374,5077,5915,0.8583262890955199,0,https://www.championat.com/hockey/_superleague/tournament/5974/match/1174336/
Сибирь,Салават Юлаев,2,3,23,24,0.08695652173913043,0.125,20,31,0.39215686274509803,0.6078431372549019,10202,12000,0.8501666666666666,0,https://www.championat.com/hockey/_superleague/tournament/5974/match/1174356/
Барыс,Ак Барс,1,2,23,44,0.043478260869565216,0.045454545454545456,28,24,0.5384615384615384,0.46153846153846156,4213,12000,0.35108333333333336,0,https://www.championat.com/hockey/_superleague/tournament/5974/match/1174420/
Локомотив,Торпедо,2,1,17,26,0.11764705882352941,0.038461538461538464,26,19,0.5777777777777777,0.4222222222222222,7538,9071,0.8309998897585713,1,https://www.championat.com/hockey/_superleague/tournament/5974/match/1174348/
Динамо М,Витязь,4,3,29,18,0.13793103448275862,0.16666666666666666,36,30,0.5454545454545454,0.45454545454545453,4027,11500,0.3501739130434783,1,https://www.championat.com/hockey/_superleague/tournament/5974/match/1174544/
Амур,Металлург Мг,0,0,41,21,0.0,0.0,42,23,0.6461538461538462,0.35384615384615387,6300,7100,0.8873239436619719,0,https://www.championat.com/hockey/_superleague/tournament/5974/match/1174530/
Адмирал,Авангард,0,0,30,27,0.0,0.0,23,28,0.45098039215686275,0.5490196078431373,5007,5915,0.8464919695688926,0,https://www.championat.com/hockey/_superleague/tournament/5974/match/1174328/
Динамо Мн,Салават Юлаев,3,2,28,18,0.10714285714285714,0.1111111111111111,32,35,0.47761194029850745,0.5223880597014925,15086,15266,0.9882090921000917,1,https://www.championat.com/hockey/_superleague/tournament/5974/match/1174322/
Барыс,Автомобилист,1,3,30,44,0.03333333333333333,0.06818181818181818,23,36,0.3898305084745763,0.6101694915254238,3287,12000,0.27391666666666664,0,https://www.championat.com/hockey/_superleague/tournament/5974/match/1174416/
ЦСКА,Спартак,1,2,28,23,0.03571428571428571,0.08695652173913043,44,18,0.7096774193548387,0.2903225806451613,9521,12680,0.7508675078864353,0,https://www.championat.com/hockey/_superleague/tournament/5974/match/1174340/
Нефтехимик,Ак Барс,1,4,27,31,0.037037037037037035,0.12903225806451613,25,25,0.5,0.5,4581,6050,0.7571900826446281,0,https://www.championat.com/hockey/_superleague/tournament/5974/match/1174418/
СКА,ХК Сочи,2,5,43,32,0.046511627906976744,0.15625,35,23,0.603448275862069,0.39655172413793105,12026,12500,0.96208,0,https://www.championat.com/hockey/_superleague/tournament/5974/match/1174522/
Динамо М,Лада,2,3,35,25,0.05714285714285714,0.12,33,32,0.5076923076923077,0.49230769230769234,6583,11500,0.5724347826086956,0,https://www.championat.com/hockey/_superleague/tournament/5974/match/1174334/
Куньлунь Ред Стар,Северсталь,3,4,21,36,0.14285714285714285,0.1111111111111111,37,22,0.6271186440677966,0.3728813559322034,973,7000,0.139,0,https://www.championat.com/hockey/_superleague/tournament/5974/match/1174512/
Адмирал,Трактор,0,0,29,26,0.0,0.0,29,26,0.5272727272727272,0.4727272727272727,5315,5915,0.8985629754860525,0,https://www.championat.com/hockey/_superleague/tournament/5974/match/1174308/
Амур,Автомобилист,2,3,35,28,0.05714285714285714,0.10714285714285714,32,19,0.6274509803921569,0.37254901960784315,7100,7100,1.0,0,https://www.championat.com/hockey/_superleague/tournament/5974/match/1174320/
Сибирь,Металлург Мг,1,4,43,22,0.023255813953488372,0.18181818181818182,37,20,0.6491228070175439,0.3508771929824561,10405,12000,0.8670833333333333,0,https://www.championat.com/hockey/_superleague/tournament/5974/match/1174504/
Торпедо,Салават Юлаев,0,0,39,29,0.0,0.0,31,34,0.47692307692307695,0.5230769230769231,5500,5600,0.9821428571428571,0,https://www.championat.com/hockey/_superleague/tournament/5974/match/1174316/
Витязь,ХК Сочи,1,3,31,18,0.03225806451612903,0.16666666666666666,35,30,0.5384615384615384,0.46153846153846156,3950,5525,0.7149321266968326,0,https://www.championat.com/hockey/_superleague/tournament/5974/match/1174326/
Локомотив,Ак Барс,2,1,33,12,0.06060606060606061,0.08333333333333333,25,27,0.4807692307692308,0.5192307692307693,7657,9071,0.8441186197773123,1,https://www.championat.com/hockey/_superleague/tournament/5974/match/1174414/
ЦСКА,Лада,4,1,44,24,0.09090909090909091,0.041666666666666664,22,27,0.4489795918367347,0.5510204081632653,7447,12680,0.5873028391167192,1,https://www.championat.com/hockey/_superleague/tournament/5974/match/1174496/
Куньлунь Ред Стар,Спартак,1,5,36,30,0.027777777777777776,0.16666666666666666,33,32,0.5076923076923077,0.49230769230769234,5937,7000,0.8481428571428572,0,https://www.championat.com/hockey/_superleague/tournament/5974/match/1174312/
Динамо Мн,Северсталь,3,1,35,25,0.08571428571428572,0.04,38,25,0.6031746031746031,0.3968253968253968,15086,15266,0.9882090921000917,1,https://www.championat.com/hockey/_superleague/tournament/5974/match/1174410/
Амур,Трактор,3,4,39,33,0.07692307692307693,0.12121212121212122,30,39,0.43478260869565216,0.5652173913043478,6500,7100,0.9154929577464789,0,https://www.championat.com/hockey/_superleague/tournament/5974/match/1174304/
Адмирал,Автомобилист,3,4,23,37,0.13043478260869565,0.10810810810810811,34,21,0.6181818181818182,0.38181818181818183,5005,5915,0.8461538461538461,0,https://www.championat.com/hockey/_superleague/tournament/5974/match/1174306/
Авангард,СКА,2,1,28,34,0.07142857142857142,0.029411764705882353,24,29,0.4528301886792453,0.5471698113207547,11841,12011,0.9858463075514112,1,https://www.championat.com/hockey/_superleague/tournament/5974/match/1174298/
Нефтехимик,Барыс,4,1,24,27,0.16666666666666666,0.037037037037037035,39,19,0.6724137931034483,0.3275862068965517,2494,6050,0.41223140495867766,1,https://www.championat.com/hockey/_superleague/tournament/5974/match/1174290/
Торпедо,ХК Сочи,7,1,49,25,0.14285714285714285,0.04,26,33,0.4406779661016949,0.559322033898305,5500,5600,0.9821428571428571,1,https://www.championat.com/hockey/_superleague/tournament/5974/match/1174396/
Салават Юлаев,Лада,3,1,25,30,0.12,0.03333333333333333,24,25,0.4897959183673469,0.5102040816326531,7876,8522,0.9241961980755691,1,https://www.championat.com/hockey/_superleague/tournament/5974/match/1174390/
Витязь,Северсталь,2,0,27,22,0.07407407407407407,0.0,43,21,0.671875,0.328125,1565,5525,0.2832579185520362,1,https://www.championat.com/hockey/_superleague/tournament/5974/match/1174296/
Спартак,Локомотив,0,2,22,30,0.0,0.06666666666666667,22,36,0.3793103448275862,0.6206896551724138,7186,12396,0.5797031300419491,0,https://www.championat.com/hockey/_superleague/tournament/5974/match/1174372/
Сибирь,СКА,0,1,29,38,0.0,0.02631578947368421,22,32,0.4074074074074074,0.5925925925925926,10403,12000,0.8669166666666667,0,https://www.championat.com/hockey/_superleague/tournament/5974/match/1174284/
Авангард,Динамо М,3,5,36,22,0.08333333333333333,0.22727272727272727,37,28,0.5692307692307692,0.4307692307692308,11467,12011,0.9547081841645159,0,https://www.championat.com/hockey/_superleague/tournament/5974/match/1174288/
Металлург Мг,Трактор,0,4,26,35,0.0,0.11428571428571428,22,38,0.36666666666666664,0.6333333333333333,7041,7700,0.9144155844155845,0,https://www.championat.com/hockey/_superleague/tournament/5974/match/1174366/
Нефтехимик,Барыс,0,0,41,25,0.0,0.0,29,30,0.4915254237288136,0.5084745762711864,2452,6050,0.4052892561983471,0,https://www.championat.com/hockey/_superleague/tournament/5974/match/1174278/
Динамо Мн,Торпедо,0,0,22,12,0.0,0.0,20,22,0.47619047619047616,0.5238095238095238,13467,15266,0.8821564260448055,0,https://www.championat.com/hockey/_superleague/tournament/5974/match/1174412/
Ак Барс,Куньлунь Ред Стар,5,0,41,27,0.12195121951219512,0.0,16,33,0.32653061224489793,0.673469387755102,7852,8900,0.8822471910112359,1,https://www.championat.com/hockey/_superleague/tournament/5974/match/1174280/
ЦСКА,Локомотив,2,0,18,32,0.1111111111111111,0.0,20,31,0.39215686274509803,0.6078431372549019,9420,12680,0.7429022082018928,1,https://www.championat.com/hockey/_superleague/tournament/5974/match/1174272/
Спартак,Северсталь,4,1,24,35,0.16666666666666666,0.02857142857142857,33,25,0.5689655172413793,0.43103448275862066,5269,12396,0.4250564698289771,1,https://www.championat.com/hockey/_superleague/tournament/5974/match/1174354/
Сибирь,Динамо М,1,2,27,23,0.037037037037037035,0.08695652173913043,27,26,0.5094339622641509,0.49056603773584906,10367,12000,0.8639166666666667,0,https://www.championat.com/hockey/_superleague/tournament/5974/match/1174270/
Салават Юлаев,Барыс,4,1,35,20,0.11428571428571428,0.05,33,20,0.6226415094339622,0.37735849056603776,7812,8522,0.9166862238911053,1,https://www.championat.com/hockey/_superleague/tournament/5974/match/1174264/
Ак Барс,СКА,0,0,45,40,0.0,0.0,38,31,0.5507246376811594,0.4492753623188406,8547,8900,0.9603370786516854,0,https://www.championat.com/hockey/_superleague/tournament/5974/match/1174346/
Витязь,Динамо Мн,4,6,32,33,0.125,0.18181818181818182,24,38,0.3870967741935484,0.6129032258064516,2754,5525,0.49846153846153846,0,https://www.championat.com/hockey/_superleague/tournament/5974/match/1174268/
ХК Сочи,Куньлунь Ред Стар,0,0,36,38,0.0,0.0,36,36,0.5,0.5,4667,12000,0.3889166666666667,0,https://www.championat.com/hockey/_superleague/tournament/5974/match/1174338/
Авангард,Нефтехимик,0,0,36,24,0.0,0.0,34,31,0.5230769230769231,0.47692307692307695,11811,12011,0.9833485971193073,0,https://www.championat.com/hockey/_superleague/tournament/5974/match/1174254/
Автомобилист,Адмирал,1,0,33,24,0.030303030303030304,0.0,26,28,0.48148148148148145,0.5185185185185185,5545,5570,0.9955116696588869,1,https://www.championat.com/hockey/_superleague/tournament/5974/match/1174262/
Лада,Металлург Мг,1,2,36,35,0.027777777777777776,0.05714285714285714,36,27,0.5714285714285714,0.42857142857142855,6025,6200,0.9717741935483871,0,https://www.championat.com/hockey/_superleague/tournament/5974/match/1174260/
Торпедо,Локомотив,0,1,25,15,0.0,0.06666666666666667,26,41,0.3880597014925373,0.6119402985074627,5600,1,5600.0,0,https://www.championat.com/hockey/_superleague/tournament/5974/match/1174330/
Трактор,Динамо М,3,4,51,19,0.058823529411764705,0.21052631578947367,42,32,0.5675675675675675,0.43243243243243246,7500,7500,1.0,0,https://www.championat.com/hockey/_superleague/tournament/5974/match/1174252/
Куньлунь Ред Стар,Динамо Мн,3,0,27,37,0.1111111111111111,0.0,26,32,0.4482758620689655,0.5517241379310345,1604,7000,0.22914285714285715,1,https://www.championat.com/hockey/_superleague/tournament/5974/match/1174246/
ХК Сочи,Барыс,3,6,29,14,0.10344827586206896,0.42857142857142855,26,14,0.65,0.35,4473,12000,0.37275,0,https://www.championat.com/hockey/_superleague/tournament/5974/match/1174248/
Северсталь,Витязь,1,7,33,18,0.030303030303030304,0.3888888888888889,28,24,0.5384615384615384,0.46153846153846156,5502,6064,0.9073218997361477,0,https://www.championat.com/hockey/_superleague/tournament/5974/match/1174300/
Ак Барс,ЦСКА,0,3,27,32,0.0,0.09375,27,26,0.5094339622641509,0.49056603773584906,8555,8900,0.9612359550561798,0,https://www.championat.com/hockey/_superleague/tournament/5974/match/1174314/
Салават Юлаев,Металлург Мг,0,0,35,26,0.0,0.0,40,24,0.625,0.375,8484,8522,0.9955409528279746,0,https://www.championat.com/hockey/_superleague/tournament/5974/match/1174240/
Автомобилист,Нефтехимик,1,3,48,19,0.020833333333333332,0.15789473684210525,30,39,0.43478260869565216,0.5652173913043478,5545,5570,0.9955116696588869,0,https://www.championat.com/hockey/_superleague/tournament/5974/match/1174242/
Спартак,Адмирал,6,1,31,21,0.1935483870967742,0.047619047619047616,32,29,0.5245901639344263,0.47540983606557374,4722,12396,0.3809293320425944,1,https://www.championat.com/hockey/_superleague/tournament/5974/match/1174294/
СКА,Амур,6,3,35,27,0.17142857142857143,0.1111111111111111,30,37,0.44776119402985076,0.5522388059701493,11948,12500,0.95584,1,https://www.championat.com/hockey/_superleague/tournament/5974/match/1174406/
Авангард,Динамо Мн,2,5,20,27,0.1,0.18518518518518517,27,22,0.5510204081632653,0.4489795918367347,12011,1,12011.0,0,https://www.championat.com/hockey/_superleague/tournament/5974/match/1174236/
Лада,ЦСКА,1,4,21,31,0.047619047619047616,0.12903225806451613,35,29,0.546875,0.453125,5721,6200,0.922741935483871,0,https://www.championat.com/hockey/_superleague/tournament/5974/match/1174234/
Локомотив,Витязь,0,0,50,18,0.0,0.0,28,26,0.5185185185185185,0.48148148148148145,2000,9071,0.22048285745783266,0,https://www.championat.com/hockey/_superleague/tournament/5974/match/1174282/
Барыс,Металлург Мг,2,1,14,36,0.14285714285714285,0.027777777777777776,29,31,0.48333333333333334,0.5166666666666667,3754,12000,0.31283333333333335,1,https://www.championat.com/hockey/_superleague/tournament/5974/match/1174218/
Ак Барс,Нефтехимик,2,0,37,33,0.05405405405405406,0.0,32,25,0.5614035087719298,0.43859649122807015,7959,8900,0.8942696629213484,1,https://www.championat.com/hockey/_superleague/tournament/5974/match/1174226/
Северсталь,Адмирал,2,1,40,18,0.05,0.05555555555555555,34,28,0.5483870967741935,0.45161290322580644,4512,6064,0.7440633245382586,1,https://www.championat.com/hockey/_superleague/tournament/5974/match/1174230/
Спартак,Амур,7,3,35,30,0.2,0.1,34,39,0.4657534246575342,0.5342465753424658,5085,12396,0.41021297192642786,1,https://www.championat.com/hockey/_superleague/tournament/5974/match/1174266/
Динамо М,Сибирь,4,2,36,16,0.1111111111111111,0.125,22,24,0.4782608695652174,0.5217391304347826,8397,11500,0.7301739130434782,1,https://www.championat.com/hockey/_superleague/tournament/5974/match/1174274/
Автомобилист,Куньлунь Ред Стар,1,2,46,25,0.021739130434782608,0.08,28,25,0.5283018867924528,0.4716981132075472,5538,5570,0.9942549371633752,0,https://www.championat.com/hockey/_superleague/tournament/5974/match/1174210/
Трактор,ЦСКА,5,2,34,18,0.14705882352941177,0.1111111111111111,27,33,0.45,0.55,7500,7500,1.0,1,https://www.championat.com/hockey/_superleague/tournament/5974/match/1174258/
Лада,Салават Юлаев,1,2,28,55,0.03571428571428571,0.03636363636363636,29,33,0.46774193548387094,0.532258064516129,5748,6200,0.9270967741935484,0,https://www.championat.com/hockey/_superleague/tournament/5974/match/1174402/
СКА,Торпедо,4,1,38,44,0.10526315789473684,0.022727272727272728,35,14,0.7142857142857143,0.2857142857142857,12500,1,12500.0,1,https://www.championat.com/hockey/_superleague/tournament/5974/match/1174222/
Авангард,Адмирал,2,1,29,31,0.06896551724137931,0.03225806451612903,38,15,0.7169811320754716,0.2830188679245283,11358,12011,0.9456331695945384,1,https://www.championat.com/hockey/_superleague/tournament/5974/match/1174212/
Барыс,Амур,0,3,28,35,0.0,0.08571428571428572,32,29,0.5245901639344263,0.47540983606557374,3759,12000,0.31325,0,https://www.championat.com/hockey/_superleague/tournament/5974/match/1174244/
Динамо Мн,Динамо М,3,4,35,32,0.08571428571428572,0.125,37,30,0.5522388059701493,0.44776119402985076,15086,15266,0.9882090921000917,0,https://www.championat.com/hockey/_superleague/tournament/5974/match/1174204/
ХК Сочи,Сибирь,2,4,24,38,0.08333333333333333,0.10526315789473684,29,35,0.453125,0.546875,5633,12000,0.46941666666666665,0,https://www.championat.com/hockey/_superleague/tournament/5974/match/1174400/
Спартак,Витязь,0,0,30,29,0.0,0.0,34,28,0.5483870967741935,0.45161290322580644,8346,12396,0.6732817037754114,0,https://www.championat.com/hockey/_superleague/tournament/5974/match/1174200/
Трактор,Куньлунь Ред Стар,1,4,29,20,0.034482758620689655,0.2,27,26,0.5094339622641509,0.49056603773584906,7500,7500,1.0,0,https://www.championat.com/hockey/_superleague/tournament/5974/match/1174202/
Нефтехимик,Салават Юлаев,4,2,36,43,0.1111111111111111,0.046511627906976744,34,27,0.5573770491803278,0.4426229508196721,4774,6050,0.7890909090909091,1,https://www.championat.com/hockey/_superleague/tournament/5974/match/1174208/
Локомотив,Торпедо,0,3,38,22,0.0,0.13636363636363635,32,20,0.6153846153846154,0.38461538461538464,7510,9071,0.8279131297541616,0,https://www.championat.com/hockey/_superleague/tournament/5974/match/1174238/
Северсталь,Ак Барс,7,5,43,24,0.16279069767441862,0.20833333333333334,28,36,0.4375,0.5625,5536,6064,0.9129287598944591,1,https://www.championat.com/hockey/_superleague/tournament/5974/match/1174394/
Адмирал,Амур,5,3,36,38,0.1388888888888889,0.07894736842105263,31,26,0.543859649122807,0.45614035087719296,5505,5915,0.9306846999154691,1,https://www.championat.com/hockey/_superleague/tournament/5974/match/1174232/
Металлург Мг,Сибирь,3,1,35,22,0.08571428571428572,0.045454545454545456,19,21,0.475,0.525,6840,7700,0.8883116883116883,1,https://www.championat.com/hockey/_superleague/tournament/5974/match/1174192/
Барыс,Авангард,0,0,25,44,0.0,0.0,32,25,0.5614035087719298,0.43859649122807015,11626,12000,0.9688333333333333,0,https://www.championat.com/hockey/_superleague/tournament/5974/match/1174194/
Динамо Мн,Автомобилист,0,0,24,24,0.0,0.0,28,33,0.45901639344262296,0.5409836065573771,15086,15266,0.9882090921000917,0,https://www.championat.com/hockey/_superleague/tournament/5974/match/1174386/
Нефтехимик,Куньлунь Ред Стар,1,3,36,34,0.027777777777777776,0.08823529411764706,34,33,0.5074626865671642,0.4925373134328358,1981,6050,0.3274380165289256,0,https://www.championat.com/hockey/_superleague/tournament/5974/match/1174214/
Северсталь,Салават Юлаев,0,2,34,23,0.0,0.08695652173913043,32,35,0.47761194029850745,0.5223880597014925,6064,1,6064.0,0,https://www.championat.com/hockey/_superleague/tournament/5974/match/1174184/
Спартак,Торпедо,0,6,34,30,0.0,0.2,25,30,0.45454545454545453,0.5454545454545454,6110,12396,0.49290093578573735,0,https://www.championat.com/hockey/_superleague/tournament/5974/match/1174186/
ХК Сочи,Лада,3,2,38,23,0.07894736842105263,0.08695652173913043,29,27,0.5178571428571429,0.48214285714285715,3065,12000,0.2554166666666667,1,https://www.championat.com/hockey/_superleague/tournament/5974/match/1174224/
ЦСКА,Ак Барс,1,2,39,31,0.02564102564102564,0.06451612903225806,30,25,0.5454545454545454,0.45454545454545453,9333,12680,0.7360410094637224,0,https://www.championat.com/hockey/_superleague/tournament/5974/match/1174382/
Металлург Мг,Авангард,1,2,30,18,0.03333333333333333,0.1111111111111111,19,21,0.475,0.525,6650,7700,0.8636363636363636,0,https://www.championat.com/hockey/_superleague/tournament/5974/match/1174176/
Динамо Мн,Трактор,0,0,37,28,0.0,0.0,27,31,0.46551724137931033,0.5344827586206896,13799,15266,0.9039041006157474,0,https://www.championat.com/hockey/_superleague/tournament/5974/match/1174180/
Динамо М,Локомотив,3,0,14,30,0.21428571428571427,0.0,27,27,0.5,0.5,8961,11500,0.7792173913043479,1,https://www.championat.com/hockey/_superleague/tournament/5974/match/1174196/
Сибирь,Барыс,2,0,36,26,0.05555555555555555,0.0,20,26,0.43478260869565216,0.5652173913043478,10476,12000,0.873,1,https://www.championat.com/hockey/_superleague/tournament/5974/match/1174174/
Северсталь,Лада,0,3,44,27,0.0,0.1111111111111111,46,24,0.6571428571428571,0.34285714285714286,3860,6064,0.6365435356200527,0,https://www.championat.com/hockey/_superleague/tournament/5974/match/1174172/
ХК Сочи,Ак Барс,0,0,29,37,0.0,0.0,24,28,0.46153846153846156,0.5384615384615384,5995,12000,0.4995833333333333,0,https://www.championat.com/hockey/_superleague/tournament/5974/match/1174374/
Адмирал,СКА,3,2,43,34,0.06976744186046512,0.058823529411764705,32,29,0.5245901639344263,0.47540983606557374,5315,5915,0.8985629754860525,1,https://www.championat.com/hockey/_superleague/tournament/5974/match/1174188/
Салават Юлаев,Витязь,4,0,39,22,0.10256410256410256,0.0,32,31,0.5079365079365079,0.49206349206349204,7843,8522,0.920323867636705,1,https://www.championat.com/hockey/_superleague/tournament/5974/match/1174166/
Автомобилист,Авангард,4,2,38,26,0.10526315789473684,0.07692307692307693,30,28,0.5172413793103449,0.4827586206896552,5545,5570,0.9955116696588869,1,https://www.championat.com/hockey/_superleague/tournament/5974/match/1174178/
Локомотив,Трактор,4,2,22,24,0.18181818181818182,0.08333333333333333,35,27,0.5645161290322581,0.43548387096774194,2000,9071,0.22048285745783266,1,https://www.championat.com/hockey/_superleague/tournament/5974/match/1174162/
Динамо М,ЦСКА,0,1,38,19,0.0,0.05263157894736842,19,23,0.4523809523809524,0.5476190476190477,8974,11500,0.7803478260869565,0,https://www.championat.com/hockey/_superleague/tournament/5974/match/1174170/
Нефтехимик,Спартак,0,0,36,36,0.0,0.0,38,42,0.475,0.525,3889,6050,0.6428099173553719,0,https://www.championat.com/hockey/_superleague/tournament/5974/match/1174364/
Металлург Мг,Барыс,2,0,30,21,0.06666666666666667,0.0,28,25,0.5283018867924528,0.4716981132075472,6240,7700,0.8103896103896104,1,https://www.championat.com/hockey/_superleague/tournament/5974/match/1174158/
Куньлунь Ред Стар,Лада,1,2,32,29,0.03125,0.06896551724137931,29,21,0.58,0.42,1094,7000,0.15628571428571428,0,https://www.championat.com/hockey/_superleague/tournament/5974/match/1174164/
Адмирал,ХК Сочи,4,3,35,22,0.11428571428571428,0.13636363636363635,27,25,0.5192307692307693,0.4807692307692308,5445,5915,0.9205409974640744,1,https://www.championat.com/hockey/_superleague/tournament/5974/match/1174146/
Амур,СКА,5,7,29,43,0.1724137931034483,0.16279069767441862,30,31,0.4918032786885246,0.5081967213114754,7007,7100,0.9869014084507042,0,https://www.championat.com/hockey/_superleague/tournament/5974/match/1174160/
Салават Юлаев,Спартак,5,1,28,36,0.17857142857142858,0.027777777777777776,40,36,0.5263157894736842,0.47368421052631576,8486,8522,0.9957756395212392,1,https://www.championat.com/hockey/_superleague/tournament/5974/match/1174148/
Автомобилист,Трактор,3,5,32,23,0.09375,0.21739130434782608,27,24,0.5294117647058824,0.47058823529411764,5545,5570,0.9955116696588869,0,https://www.championat.com/hockey/_superleague/tournament/5974/match/1174156/
Авангард,Северсталь,2,4,15,42,0.13333333333333333,0.09523809523809523,17,32,0.3469387755102041,0.6530612244897959,11857,12011,0.9871784197818666,0,https://www.championat.com/hockey/_superleague/tournament/5974/match/1174352/
ЦСКА,Барыс,3,1,38,10,0.07894736842105263,0.1,27,17,0.6136363636363636,0.38636363636363635,8924,12680,0.7037854889589905,1,https://www.championat.com/hockey/_superleague/tournament/5974/match/1174138/
Куньлунь Ред Стар,Динамо М,0,0,31,32,0.0,0.0,33,27,0.55,0.45,3014,7000,0.43057142857142855,0,https://www.championat.com/hockey/_superleague/tournament/5974/match/1174154/
Амур,ХК Сочи,2,1,36,30,0.05555555555555555,0.03333333333333333,37,27,0.578125,0.421875,5575,7100,0.7852112676056338,1,https://www.championat.com/hockey/_superleague/tournament/5974/match/1174132/
Адмирал,Локомотив,0,3,19,26,0.0,0.11538461538461539,28,20,0.5833333333333334,0.4166666666666667,5001,5915,0.8454775993237532,0,https://www.championat.com/hockey/_superleague/tournament/5974/match/1174342/
Сибирь,Динамо Мн,4,5,23,32,0.17391304347826086,0.15625,35,36,0.49295774647887325,0.5070422535211268,10314,12000,0.8595,0,https://www.championat.com/hockey/_superleague/tournament/5974/match/1174142/
Автомобилист,Спартак,4,5,21,23,0.19047619047619047,0.21739130434782608,29,28,0.5087719298245614,0.49122807017543857,5545,5570,0.9955116696588869,0,https://www.championat.com/hockey/_superleague/tournament/5974/match/1174130/
Салават Юлаев,Трактор,4,1,25,40,0.16,0.025,20,37,0.3508771929824561,0.6491228070175439,8492,8522,0.9964796996010327,1,https://www.championat.com/hockey/_superleague/tournament/5974/match/1174150/
Витязь,Нефтехимик,4,3,40,48,0.1,0.0625,31,44,0.41333333333333333,0.5866666666666667,1616,5525,0.29248868778280546,1,https://www.championat.com/hockey/_superleague/tournament/5974/match/1174140/
Лада,Северсталь,1,0,20,33,0.05,0.0,36,28,0.5625,0.4375,5320,6200,0.8580645161290322,1,https://www.championat.com/hockey/_superleague/tournament/5974/match/1174332/
Ак Барс,Динамо М,5,4,25,35,0.2,0.11428571428571428,28,26,0.5185185185185185,0.48148148148148145,8087,8900,0.9086516853932585,1,https://www.championat.com/hockey/_superleague/tournament/5974/match/1174124/
Торпедо,Металлург Мг,3,5,32,42,0.09375,0.11904761904761904,32,28,0.5333333333333333,0.4666666666666667,5500,5600,0.9821428571428571,0,https://www.championat.com/hockey/_superleague/tournament/5974/match/1174122/
Амур,Локомотив,0,0,24,40,0.0,0.0,26,34,0.43333333333333335,0.5666666666666667,6245,7100,0.8795774647887324,0,https://www.championat.com/hockey/_superleague/tournament/5974/match/1174116/
Адмирал,Динамо Мн,4,0,20,27,0.2,0.0,32,33,0.49230769230769234,0.5076923076923077,5266,5915,0.8902789518174133,1,https://www.championat.com/hockey/_superleague/tournament/5974/match/1174094/
Авангард,ХК Сочи,6,0,33,27,0.18181818181818182,0.0,27,26,0.5094339622641509,0.49056603773584906,11534,12011,0.9602864041295479,1,https://www.championat.com/hockey/_superleague/tournament/5974/match/1174134/
Барыс,Спартак,2,4,40,30,0.05,0.13333333333333333,27,30,0.47368421052631576,0.5263157894736842,4345,12000,0.3620833333333333,0,https://www.championat.com/hockey/_superleague/tournament/5974/match/1174128/
Витязь,ЦСКА,0,0,22,41,0.0,0.0,29,34,0.4603174603174603,0.5396825396825397,3232,5525,0.5849773755656109,0,https://www.championat.com/hockey/_superleague/tournament/5974/match/1174102/
Куньлунь Ред Стар,Нефтехимик,2,5,35,43,0.05714285714285714,0.11627906976744186,30,24,0.5555555555555556,0.4444444444444444,612,7000,0.08742857142857142,0,https://www.championat.com/hockey/_superleague/tournament/5974/match/1174324/
Трактор,Автомобилист,3,1,38,25,0.07894736842105263,0.04,26,30,0.4642857142857143,0.5357142857142857,7500,7500,1.0,1,https://www.championat.com/hockey/_superleague/tournament/5974/match/1174086/
Лада,Металлург Мг,0,4,28,31,0.0,0.12903225806451613,21,28,0.42857142857142855,0.5714285714285714,5398,6200,0.8706451612903225,0,https://www.championat.com/hockey/_superleague/tournament/5974/match/1174120/
СКА,Динамо М,2,4,32,42,0.0625,0.09523809523809523,30,24,0.5555555555555556,0.4444444444444444,12142,12500,0.97136,0,https://www.championat.com/hockey/_superleague/tournament/5974/match/1174110/
Амур,Динамо Мн,2,5,14,52,0.14285714285714285,0.09615384615384616,35,31,0.5303030303030303,0.4696969696969697,5708,7100,0.803943661971831,0,https://www.championat.com/hockey/_superleague/tournament/5974/match/1174106/
Салават Юлаев,Сибирь,3,1,37,20,0.08108108108108109,0.05,27,25,0.5192307692307693,0.4807692307692308,8475,8522,0.9944848627082844,1,https://www.championat.com/hockey/_superleague/tournament/5974/match/1174080/
Северсталь,Барыс,5,3,44,15,0.11363636363636363,0.2,27,22,0.5510204081632653,0.4489795918367347,5023,6064,0.8283311345646438,1,https://www.championat.com/hockey/_superleague/tournament/5974/match/1174310/
Куньлунь Ред Стар,ХК Сочи,5,3,26,39,0.19230769230769232,0.07692307692307693,29,35,0.453125,0.546875,793,7000,0.11328571428571428,1,https://www.championat.com/hockey/_superleague/tournament/5974/match/1174072/
Торпедо,ЦСКА,1,2,24,32,0.041666666666666664,0.0625,26,35,0.4262295081967213,0.5737704918032787,5600,1,5600.0,0,https://www.championat.com/hockey/_superleague/tournament/5974/match/1174114/
Витязь,Ак Барс,3,5,30,26,0.1,0.19230769230769232,35,34,0.5072463768115942,0.4927536231884058,3295,5525,0.5963800904977375,0,https://www.championat.com/hockey/_superleague/tournament/5974/match/1174318/
Авангард,Автомобилист,4,2,14,30,0.2857142857142857,0.06666666666666667,33,22,0.6,0.4,11708,12011,0.9747731246357506,1,https://www.championat.com/hockey/_superleague/tournament/5974/match/1174108/
Динамо М,Металлург Мг,3,2,23,35,0.13043478260869565,0.05714285714285714,23,31,0.42592592592592593,0.5740740740740741,9143,11500,0.7950434782608695,1,https://www.championat.com/hockey/_superleague/tournament/5974/match/1174100/
Амур,Адмирал,4,6,32,31,0.125,0.1935483870967742,36,25,0.5901639344262295,0.4098360655737705,7100,7100,1.0,0,https://www.championat.com/hockey/_superleague/tournament/5974/match/1174064/
Торпедо,Лада,3,2,34,34,0.08823529411764706,0.058823529411764705,28,22,0.56,0.44,5500,5600,0.9821428571428571,1,https://www.championat.com/hockey/_superleague/tournament/5974/match/1174092/
Витязь,Спартак,2,4,38,40,0.05263157894736842,0.1,33,24,0.5789473684210527,0.42105263157894735,5450,5525,0.9864253393665159,0,https://www.championat.com/hockey/_superleague/tournament/5974/match/1174084/
Салават Юлаев,Ак Барс,0,0,35,34,0.0,0.0,26,29,0.4727272727272727,0.5272727272727272,8516,8522,0.9992959399202065,0,https://www.championat.com/hockey/_superleague/tournament/5974/match/1174104/
Куньлунь Ред Стар,Сибирь,5,7,43,27,0.11627906976744186,0.25925925925925924,22,24,0.4782608695652174,0.5217391304347826,1856,7000,0.2651428571428571,0,https://www.championat.com/hockey/_superleague/tournament/5974/match/1174052/
Локомотив,ЦСКА,1,2,26,23,0.038461538461538464,0.08695652173913043,43,25,0.6323529411764706,0.36764705882352944,2000,9071,0.22048285745783266,0,https://www.championat.com/hockey/_superleague/tournament/5974/match/1174056/
СКА,Барыс,1,0,36,20,0.027777777777777776,0.0,36,17,0.6792452830188679,0.32075471698113206,12114,12500,0.96912,1,https://www.championat.com/hockey/_superleague/tournament/5974/match/1174088/
Северсталь,Трактор,2,1,32,30,0.0625,0.03333333333333333,23,34,0.40350877192982454,0.5964912280701754,5536,6064,0.9129287598944591,1,https://www.championat.com/hockey/_superleague/tournament/5974/match/1174096/
Амур,Адмирал,1,4,39,22,0.02564102564102564,0.18181818181818182,26,35,0.4262295081967213,0.5737704918032787,7100,7100,1.0,0,https://www.championat.com/hockey/_superleague/tournament/5974/match/1174302/
Сибирь,Авангард,3,5,31,37,0.0967741935483871,0.13513513513513514,33,26,0.559322033898305,0.4406779661016949,10241,12000,0.8534166666666667,0,https://www.championat.com/hockey/_superleague/tournament/5974/match/1174076/
Витязь,Торпедо,6,5,19,37,0.3157894736842105,0.13513513513513514,28,34,0.45161290322580644,0.5483870967741935,2987,5525,0.5406334841628959,1,https://www.championat.com/hockey/_superleague/tournament/5974/match/1174082/
Динамо М,Барыс,0,2,39,22,0.0,0.09090909090909091,34,25,0.576271186440678,0.423728813559322,5902,11500,0.5132173913043478,0,https://www.championat.com/hockey/_superleague/tournament/5974/match/1174038/
СКА,Локомотив,2,3,25,27,0.08,0.1111111111111111,28,23,0.5490196078431373,0.45098039215686275,22881,23996,0.9535339223203867,0,https://www.championat.com/hockey/_superleague/tournament/5974/match/1174044/
ЦСКА,Куньлунь Ред Стар,3,2,28,27,0.10714285714285714,0.07407407407407407,23,37,0.38333333333333336,0.6166666666666667,5424,12680,0.4277602523659306,1,https://www.championat.com/hockey/_superleague/tournament/5974/match/1174292/
Трактор,Динамо Мн,1,3,24,27,0.041666666666666664,0.1111111111111111,33,31,0.515625,0.484375,7500,7500,1.0,0,https://www.championat.com/hockey/_superleague/tournament/5974/match/1174066/
Металлург Мг,Автомобилист,4,2,25,33,0.16,0.06060606060606061,32,27,0.5423728813559322,0.4576271186440678,6786,7700,0.8812987012987012,1,https://www.championat.com/hockey/_superleague/tournament/5974/match/1174074/
Ак Барс,Салават Юлаев,3,2,31,48,0.0967741935483871,0.041666666666666664,31,16,0.6595744680851063,0.3404255319148936,8529,8900,0.958314606741573,1,https://www.championat.com/hockey/_superleague/tournament/5974/match/1174070/
Северсталь,ХК Сочи,4,2,34,15,0.11764705882352941,0.13333333333333333,35,22,0.6140350877192983,0.38596491228070173,3695,6064,0.6093337730870713,1,https://www.championat.com/hockey/_superleague/tournament/5974/match/1174286/
Нефтехимик,Авангард,0,0,38,29,0.0,0.0,28,35,0.4444444444444444,0.5555555555555556,6050,1,6050.0,0,https://www.championat.com/hockey/_superleague/tournament/5974/match/1174030/
Куньлунь Ред Стар,Барыс,2,0,28,38,0.07142857142857142,0.0,30,16,0.6521739130434783,0.34782608695652173,598,5525,0.10823529411764705,1,https://www.championat.com/hockey/_superleague/tournament/5974/match/1174024/
СКА,Торпедо,6,4,42,19,0.14285714285714285,0.21052631578947367,38,21,0.6440677966101694,0.3559322033898305,21546,23996,0.8978996499416569,1,https://www.championat.com/hockey/_superleague/tournament/5974/match/1174054/
ЦСКА,Спартак,0,0,32,45,0.0,0.0,35,23,0.603448275862069,0.39655172413793105,9165,12680,0.7227917981072555,0,https://www.championat.com/hockey/_superleague/tournament/5974/match/1174058/
Динамо М,Адмирал,4,2,39,25,0.10256410256410256,0.08,28,23,0.5490196078431373,0.45098039215686275,6005,11500,0.5221739130434783,1,https://www.championat.com/hockey/_superleague/tournament/5974/match/1174276/
Металлург Мг,Салават Юлаев,4,2,28,24,0.14285714285714285,0.08333333333333333,25,36,0.4098360655737705,0.5901639344262295,7500,7700,0.974025974025974,1,https://www.championat.com/hockey/_superleague/tournament/5974/match/1174050/
Локомотив,Автомобилист,1,3,35,19,0.02857142857142857,0.15789473684210525,30,18,0.625,0.375,7428,9071,0.8188733325983905,0,https://www.championat.com/hockey/_superleague/tournament/5974/match/1174018/
Ак Барс,Динамо Мн,1,3,27,34,0.037037037037037035,0.08823529411764706,34,23,0.5964912280701754,0.40350877192982454,7827,8900,0.879438202247191,0,https://www.championat.com/hockey/_superleague/tournament/5974/match/1174046/
Северсталь,ХК Сочи,2,1,33,27,0.06060606060606061,0.037037037037037035,31,36,0.4626865671641791,0.5373134328358209,4502,6064,0.7424142480211082,1,https://www.championat.com/hockey/_superleague/tournament/5974/match/1174256/
Сибирь,Амур,1,5,25,34,0.04,0.14705882352941177,33,35,0.4852941176470588,0.5147058823529411,10389,12000,0.86575,0,https://www.championat.com/hockey/_superleague/tournament/5974/match/1174010/
Трактор,Барыс,3,2,28,25,0.10714285714285714,0.08,30,25,0.5454545454545454,0.45454545454545453,7500,7500,1.0,1,https://www.championat.com/hockey/_superleague/tournament/5974/match/1174002/
Лада,Авангард,4,3,25,29,0.16,0.10344827586206896,33,23,0.5892857142857143,0.4107142857142857,5568,6200,0.8980645161290323,1,https://www.championat.com/hockey/_superleague/tournament/5974/match/1174250/
СКА,Адмирал,0,0,38,23,0.0,0.0,44,29,0.6027397260273972,0.3972602739726027,22812,23996,0.9506584430738456,0,https://www.championat.com/hockey/_superleague/tournament/5974/match/1174042/
ЦСКА,Нефтехимик,7,4,31,25,0.22580645161290322,0.16,30,34,0.46875,0.53125,8238,12680,0.6496845425867508,1,https://www.championat.com/hockey/_superleague/tournament/5974/match/1174028/
Северсталь,Автомобилист,3,2,35,36,0.08571428571428572,0.05555555555555555,35,38,0.4794520547945205,0.5205479452054794,5252,6064,0.8660949868073878,1,https://www.championat.com/hockey/_superleague/tournament/5974/match/1174034/
Динамо Мн,Спартак,0,0,35,25,0.0,0.0,26,23,0.5306122448979592,0.46938775510204084,9405,12500,0.7524,0,https://www.championat.com/hockey/_superleague/tournament/5974/match/1173994/
Локомотив,ХК Сочи,3,1,40,18,0.075,0.05555555555555555,30,12,0.7142857142857143,0.2857142857142857,7327,9071,0.80773894829677,1,https://www.championat.com/hockey/_superleague/tournament/5974/match/1174036/
Сибирь,Адмирал,4,2,31,35,0.12903225806451613,0.05714285714285714,22,32,0.4074074074074074,0.5925925925925926,10141,12000,0.8450833333333333,1,https://www.championat.com/hockey/_superleague/tournament/5974/match/1174026/
Салават Юлаев,Амур,3,0,40,32,0.075,0.0,29,29,0.5,0.5,7323,8522,0.8593053273879371,1,https://www.championat.com/hockey/_superleague/tournament/5974/match/1173990/
Металлург Мг,Авангард,0,0,52,20,0.0,0.0,26,24,0.52,0.48,7002,7700,0.9093506493506494,0,https://www.championat.com/hockey/_superleague/tournament/5974/match/1174228/
Динамо М,Ак Барс,5,6,30,33,0.16666666666666666,0.18181818181818182,33,39,0.4583333333333333,0.5416666666666666,8975,11500,0.7804347826086957,0,https://www.championat.com/hockey/_superleague/tournament/5974/match/1174016/
Барыс,Трактор,3,5,36,35,0.08333333333333333,0.14285714285714285,26,27,0.49056603773584906,0.5094339622641509,3946,12000,0.3288333333333333,0,https://www.championat.com/hockey/_superleague/tournament/5974/match/1173982/
Лада,ХК Сочи,3,4,28,33,0.10714285714285714,0.12121212121212122,28,25,0.5283018867924528,0.4716981132075472,5132,6200,0.827741935483871,0,https://www.championat.com/hockey/_superleague/tournament/5974/match/1174022/
Северсталь,Нефтехимик,4,1,39,29,0.10256410256410256,0.034482758620689655,25,32,0.43859649122807015,0.5614035087719298,3578,6064,0.5900395778364116,1,https://www.championat.com/hockey/_superleague/tournament/5974/match/1174220/
Динамо Мн,Ак Барс,5,1,30,17,0.16666666666666666,0.058823529411764705,22,28,0.44,0.56,15086,15266,0.9882090921000917,1,https://www.championat.com/hockey/_superleague/tournament/5974/match/1174000/
Салават Юлаев,Амур,0,0,40,44,0.0,0.0,33,32,0.5076923076923077,0.49230769230769234,7366,8522,0.8643510912931237,0,https://www.championat.com/hockey/_superleague/tournament/5974/match/1174012/
Торпедо,Локомотив,0,5,22,25,0.0,0.2,26,27,0.49056603773584906,0.5094339622641509,5500,5600,0.9821428571428571,0,https://www.championat.com/hockey/_superleague/tournament/5974/match/1173974/
ЦСКА,СКА,6,5,29,36,0.20689655172413793,0.1388888888888889,38,29,0.5671641791044776,0.43283582089552236,9696,12680,0.7646687697160883,1,https://www.championat.com/hockey/_superleague/tournament/5974/match/1174008/
Витязь,Динамо М,2,0,15,43,0.13333333333333333,0.0,20,47,0.29850746268656714,0.7014925373134329,3110,5525,0.56289592760181,1,https://www.championat.com/hockey/_superleague/tournament/5974/match/1174216/
Автомобилист,Трактор,3,1,30,24,0.1,0.041666666666666664,20,32,0.38461538461538464,0.6153846153846154,5545,5570,0.9955116696588869,1,https://www.championat.com/hockey/_superleague/tournament/5974/match/1174006/
Барыс,Сибирь,0,2,29,22,0.0,0.09090909090909091,23,26,0.46938775510204084,0.5306122448979592,5182,12000,0.43183333333333335,0,https://www.championat.com/hockey/_superleague/tournament/5974/match/1173966/
ХК Сочи,СКА,4,5,37,42,0.10810810810810811,0.11904761904761904,32,43,0.4266666666666667,0.5733333333333334,4552,12000,0.37933333333333336,0,https://www.championat.com/hockey/_superleague/tournament/5974/match/1174206/
Витязь,Локомотив,3,5,21,37,0.14285714285714285,0.13513513513513514,21,30,0.4117647058823529,0.5882352941176471,3374,5525,0.6106787330316742,0,https://www.championat.com/hockey/_superleague/tournament/5974/match/1173998/
Динамо Мн,Динамо М,1,0,30,28,0.03333333333333333,0.0,30,22,0.5769230769230769,0.4230769230769231,15086,15266,0.9882090921000917,1,https://www.championat.com/hockey/_superleague/tournament/5974/match/1173962/
Нефтехимик,ЦСКА,1,2,36,26,0.027777777777777776,0.07692307692307693,28,27,0.509090909090909,0.4909090909090909,3815,6050,0.6305785123966943,0,https://www.championat.com/hockey/_superleague/tournament/5974/match/1173988/
Куньлунь Ред Стар,Спартак,4,2,35,27,0.11428571428571428,0.07407407407407407,32,23,0.5818181818181818,0.41818181818181815,4589,7000,0.6555714285714286,1,https://www.championat.com/hockey/_superleague/tournament/5974/match/1174198/
Адмирал,Сибирь,0,1,33,11,0.0,0.09090909090909091,29,19,0.6041666666666666,0.3958333333333333,5404,5915,0.9136094674556213,0,https://www.championat.com/hockey/_superleague/tournament/5974/match/1173984/
Авангард,Лада,7,6,35,33,0.2,0.18181818181818182,32,24,0.5714285714285714,0.42857142857142855,12011,12011,1.0,1,https://www.championat.com/hockey/_superleague/tournament/5974/match/1173972/
Автомобилист,Металлург Мг,1,2,27,32,0.037037037037037035,0.0625,24,29,0.4528301886792453,0.5471698113207547,5545,5570,0.9955116696588869,0,https://www.championat.com/hockey/_superleague/tournament/5974/match/1173956/
Салават Юлаев,Северсталь,2,0,25,29,0.08,0.0,25,27,0.4807692307692308,0.5192307692307693,8487,8522,0.9958929828678714,1,https://www.championat.com/hockey/_superleague/tournament/5974/match/1173992/
Ак Барс,Трактор,4,0,28,25,0.14285714285714285,0.0,26,19,0.5777777777777777,0.4222222222222222,8135,8900,0.9140449438202247,1,https://www.championat.com/hockey/_superleague/tournament/5974/match/1173980/
Торпедо,Барыс,3,1,30,25,0.1,0.04,38,20,0.6551724137931034,0.3448275862068966,5500,5600,0.9821428571428571,1,https://www.championat.com/hockey/_superleague/tournament/5974/match/1174190/
Витязь,Спартак,2,4,31,26,0.06451612903225806,0.15384615384615385,35,21,0.625,0.375,5525,1,5525.0,0,https://www.championat.com/hockey/_superleague/tournament/5974/match/1173960/
ХК Сочи,ЦСКА,1,4,25,46,0.04,0.08695652173913043,36,30,0.5454545454545454,0.45454545454545453,8223,12000,0.68525,0,https://www.championat.com/hockey/_superleague/tournament/5974/match/1173948/
Динамо Мн,Локомотив,4,1,17,22,0.23529411764705882,0.045454545454545456,21,30,0.4117647058823529,0.5882352941176471,15086,15266,0.9882090921000917,1,https://www.championat.com/hockey/_superleague/tournament/5974/match/1173976/
Амур,Сибирь,3,4,49,27,0.061224489795918366,0.14814814814814814,32,40,0.4444444444444444,0.5555555555555556,7100,7100,1.0,0,https://www.championat.com/hockey/_superleague/tournament/5974/match/1173940/
Торпедо,Куньлунь Ред Стар,0,0,49,28,0.0,0.0,31,37,0.45588235294117646,0.5441176470588235,5500,5600,0.9821428571428571,0,https://www.championat.com/hockey/_superleague/tournament/5974/match/1174168/
Авангард,Металлург Мг,1,2,37,20,0.02702702702702703,0.1,31,29,0.5166666666666667,0.48333333333333334,12011,12011,1.0,0,https://www.championat.com/hockey/_superleague/tournament/5974/match/1173968/
Салават Юлаев,Барыс,6,0,45,17,0.13333333333333333,0.0,29,22,0.5686274509803921,0.43137254901960786,8492,8522,0.9964796996010327,1,https://www.championat.com/hockey/_superleague/tournament/5974/match/1173934/
Автомобилист,Лада,2,3,37,23,0.05405405405405406,0.13043478260869565,34,26,0.5666666666666667,0.43333333333333335,5545,5570,0.9955116696588869,0,https://www.championat.com/hockey/_superleague/tournament/5974/match/1173954/
Ак Барс,Северсталь,2,3,26,29,0.07692307692307693,0.10344827586206896,22,25,0.46808510638297873,0.5319148936170213,8017,8900,0.9007865168539326,0,https://www.championat.com/hockey/_superleague/tournament/5974/match/1173942/
Нефтехимик,Трактор,2,6,30,34,0.06666666666666667,0.17647058823529413,20,33,0.37735849056603776,0.6226415094339622,4148,6050,0.6856198347107438,0,https://www.championat.com/hockey/_superleague/tournament/5974/match/1174182/
Трактор,Амур,0,0,38,26,0.0,0.0,39,28,0.582089552238806,0.417910447761194,7500,7500,1.0,0,https://www.championat.com/hockey/_superleague/tournament/5974/match/1174152/
Ак Барс,Лада,3,1,26,25,0.11538461538461539,0.04,24,33,0.42105263157894735,0.5789473684210527,7869,8900,0.8841573033707865,1,https://www.championat.com/hockey/_superleague/tournament/5974/match/1173946/
СКА,ЦСКА,6,3,34,28,0.17647058823529413,0.10714285714285714,40,39,0.5063291139240507,0.4936708860759494,23528,23996,0.980496749458243,1,https://www.championat.com/hockey/_superleague/tournament/5974/match/1173950/
Куньлунь Ред Стар,Витязь,0,0,35,25,0.0,0.0,28,20,0.5833333333333334,0.4166666666666667,4029,7000,0.5755714285714286,0,https://www.championat.com/hockey/_superleague/tournament/5974/match/1173958/
Северсталь,Динамо М,2,7,34,28,0.058823529411764705,0.25,22,43,0.3384615384615385,0.6615384615384615,5536,6064,0.9129287598944591,0,https://www.championat.com/hockey/_superleague/tournament/5974/match/1173964/
Салават Юлаев,Сибирь,1,4,39,31,0.02564102564102564,0.12903225806451613,26,31,0.45614035087719296,0.543859649122807,8481,8522,0.9951889227880779,0,https://www.championat.com/hockey/_superleague/tournament/5974/match/1174144/
Торпедо,Динамо Мн,0,3,23,31,0.0,0.0967741935483871,23,34,0.40350877192982454,0.5964912280701754,5500,5600,0.9821428571428571,0,https://www.championat.com/hockey/_superleague/tournament/5974/match/1173920/
Нефтехимик,Авангард,1,5,46,39,0.021739130434782608,0.1282051282051282,24,32,0.42857142857142855,0.5714285714285714,4656,6050,0.7695867768595042,0,https://www.championat.com/hockey/_superleague/tournament/5974/match/1173938/
Трактор,Автомобилист,2,0,23,25,0.08695652173913043,0.0,38,27,0.5846153846153846,0.4153846153846154,7500,7500,1.0,1,https://www.championat.com/hockey/_superleague/tournament/5974/match/1173952/
Металлург Мг,Амур,3,2,37,30,0.08108108108108109,0.06666666666666667,30,28,0.5172413793103449,0.4827586206896552,7500,7700,0.974025974025974,1,https://www.championat.com/hockey/_superleague/tournament/5974/match/1173932/
Барыс,Лада,0,5,24,28,0.0,0.17857142857142858,25,25,0.5,0.5,4467,12000,0.37225,0,https://www.championat.com/hockey/_superleague/tournament/5974/match/1173908/
Локомотив,ЦСКА,4,1,26,19,0.15384615384615385,0.05263157894736842,27,17,0.6136363636363636,0.38636363636363635,2000,9071,0.22048285745783266,1,https://www.championat.com/hockey/_superleague/tournament/5974/match/1173914/
СКА,Витязь,5,2,41,29,0.12195121951219512,0.06896551724137931,27,35,0.43548387096774194,0.5645161290322581,23126,23996,0.9637439573262211,1,https://www.championat.com/hockey/_superleague/tournament/5974/match/1173944/
ХК Сочи,Динамо М,1,5,25,46,0.04,0.10869565217391304,28,26,0.5185185185185185,0.48148148148148145,10023,12000,0.83525,0,https://www.championat.com/hockey/_superleague/tournament/5974/match/1174136/
Динамо Мн,Торпедо,2,4,32,33,0.0625,0.12121212121212122,37,25,0.5967741935483871,0.4032258064516129,15086,15266,0.9882090921000917,0,https://www.championat.com/hockey/_superleague/tournament/5974/match/1174060/
Ак Барс,Авангард,1,3,30,32,0.03333333333333333,0.09375,27,28,0.4909090909090909,0.509090909090909,7967,8900,0.8951685393258427,0,https://www.championat.com/hockey/_superleague/tournament/5974/match/1173902/
Нефтехимик,Сибирь,2,1,29,29,0.06896551724137931,0.034482758620689655,39,22,0.639344262295082,0.36065573770491804,3026,6050,0.5001652892561983,1,https://www.championat.com/hockey/_superleague/tournament/5974/match/1173924/
Северсталь,Спартак,5,3,41,29,0.12195121951219512,0.10344827586206896,23,26,0.46938775510204084,0.5306122448979592,5536,6064,0.9129287598944591,1,https://www.championat.com/hockey/_superleague/tournament/5974/match/1173936/
Трактор,Лада,5,0,44,18,0.11363636363636363,0.0,42,26,0.6176470588235294,0.38235294117647056,7500,7500,1.0,1,https://www.championat.com/hockey/_superleague/tournament/5974/match/1173918/
Металлург Мг,Адмирал,0,0,38,20,0.0,0.0,36,28,0.5625,0.4375,7234,7700,0.9394805194805195,0,https://www.championat.com/hockey/_superleague/tournament/5974/match/1173900/
Барыс,Автомобилист,2,3,25,21,0.08,0.14285714285714285,23,21,0.5227272727272727,0.4772727272727273,4192,12000,0.34933333333333333,0,https://www.championat.com/hockey/_superleague/tournament/5974/match/1173926/
Куньлунь Ред Стар,Амур,5,0,52,25,0.09615384615384616,0.0,36,31,0.5373134328358209,0.4626865671641791,3280,7000,0.4685714285714286,1,https://www.championat.com/hockey/_superleague/tournament/5974/match/1173894/
ХК Сочи,Динамо М,0,2,26,31,0.0,0.06451612903225806,21,28,0.42857142857142855,0.5714285714285714,6552,12000,0.546,0,https://www.championat.com/hockey/_superleague/tournament/5974/match/1173930/
Локомотив,Витязь,3,0,34,18,0.08823529411764706,0.0,28,19,0.5957446808510638,0.40425531914893614,7470,9071,0.823503472605005,1,https://www.championat.com/hockey/_superleague/tournament/5974/match/1174126/
Динамо Мн,ЦСКА,2,0,32,21,0.0625,0.0,26,22,0.5416666666666666,0.4583333333333333,15086,15266,0.9882090921000917,1,https://www.championat.com/hockey/_superleague/tournament/5974/match/1173912/
Северсталь,Авангард,5,6,33,41,0.15151515151515152,0.14634146341463414,33,36,0.4782608695652174,0.5217391304347826,5536,6064,0.9129287598944591,0,https://www.championat.com/hockey/_superleague/tournament/5974/match/1173884/
Торпедо,Сибирь,2,0,50,19,0.04,0.0,26,27,0.49056603773584906,0.5094339622641509,5500,5600,0.9821428571428571,1,https://www.championat.com/hockey/_superleague/tournament/5974/match/1173906/
СКА,Спартак,0,5,39,31,0.0,0.16129032258064516,32,38,0.45714285714285713,0.5428571428571428,23357,23996,0.9733705617602934,0,https://www.championat.com/hockey/_superleague/tournament/5974/match/1173916/
Ак Барс,Салават Юлаев,5,1,38,24,0.13157894736842105,0.041666666666666664,23,34,0.40350877192982454,0.5964912280701754,8080,8900,0.9078651685393259,1,https://www.championat.com/hockey/_superleague/tournament/5974/match/1173922/
Автомобилист,Адмирал,4,3,41,23,0.0975609756097561,0.13043478260869565,36,18,0.6666666666666666,0.3333333333333333,5545,5570,0.9955116696588869,1,https://www.championat.com/hockey/_superleague/tournament/5974/match/1173898/
Лада,Барыс,1,0,14,22,0.07142857142857142,0.0,21,21,0.5,0.5,4122,6200,0.6648387096774193,1,https://www.championat.com/hockey/_superleague/tournament/5974/match/1173910/
ХК Сочи,Амур,5,2,37,28,0.13513513513513514,0.07142857142857142,34,26,0.5666666666666667,0.43333333333333335,4530,12000,0.3775,1,https://www.championat.com/hockey/_superleague/tournament/5974/match/1173876/
Нефтехимик,Салават Юлаев,4,7,30,42,0.13333333333333333,0.16666666666666666,33,30,0.5238095238095238,0.47619047619047616,4010,6050,0.6628099173553719,0,https://www.championat.com/hockey/_superleague/tournament/5974/match/1173874/
Динамо Мн,Сибирь,0,0,33,18,0.0,0.0,31,28,0.5254237288135594,0.4745762711864407,15086,15266,0.9882090921000917,0,https://www.championat.com/hockey/_superleague/tournament/5974/match/1173892/
Куньлунь Ред Стар,ЦСКА,3,0,15,37,0.2,0.0,22,21,0.5116279069767442,0.4883720930232558,4838,7000,0.6911428571428572,1,https://www.championat.com/hockey/_superleague/tournament/5974/match/1173904/
Локомотив,Спартак,5,4,42,33,0.11904761904761904,0.12121212121212122,35,28,0.5555555555555556,0.4444444444444444,7605,9071,0.8383860654834087,1,https://www.championat.com/hockey/_superleague/tournament/5974/match/1174118/
Металлург Мг,Трактор,5,3,40,42,0.125,0.07142857142857142,25,31,0.44642857142857145,0.5535714285714286,7500,7700,0.974025974025974,1,https://www.championat.com/hockey/_superleague/tournament/5974/match/1173866/
Динамо М,СКА,5,4,39,26,0.1282051282051282,0.15384615384615385,32,41,0.4383561643835616,0.5616438356164384,9597,11500,0.8345217391304348,1,https://www.championat.com/hockey/_superleague/tournament/5974/match/1173882/
Ак Барс,Барыс,0,0,42,24,0.0,0.0,30,32,0.4838709677419355,0.5161290322580645,8154,8900,0.9161797752808989,0,https://www.championat.com/hockey/_superleague/tournament/5974/match/1173896/
Торпедо,Адмирал,1,6,38,33,0.02631578947368421,0.18181818181818182,23,40,0.36507936507936506,0.6349206349206349,5500,5600,0.9821428571428571,0,https://www.championat.com/hockey/_superleague/tournament/5974/match/1174112/
Авангард,Салават Юлаев,3,2,36,22,0.08333333333333333,0.09090909090909091,38,23,0.6229508196721312,0.3770491803278688,12011,12011,1.0,1,https://www.championat.com/hockey/_superleague/tournament/5974/match/1173858/
Автомобилист,Динамо Мн,4,3,19,30,0.21052631578947367,0.1,22,25,0.46808510638297873,0.5319148936170213,5545,5570,0.9955116696588869,1,https://www.championat.com/hockey/_superleague/tournament/5974/match/1173878/
Лада,Куньлунь Ред Стар,2,3,28,30,0.07142857142857142,0.1,30,31,0.4918032786885246,0.5081967213114754,5360,6200,0.864516129032258,0,https://www.championat.com/hockey/_superleague/tournament/5974/match/1173890/
Витязь,Северсталь,1,2,20,20,0.05,0.1,27,21,0.5625,0.4375,3224,5525,0.5835294117647059,0,https://www.championat.com/hockey/_superleague/tournament/5974/match/1174098/
Сибирь,Нефтехимик,0,0,30,24,0.0,0.0,29,27,0.5178571428571429,0.48214285714285715,10472,12000,0.8726666666666667,0,https://www.championat.com/hockey/_superleague/tournament/5974/match/1173870/
Металлург Мг,ХК Сочи,4,2,36,24,0.1111111111111111,0.08333333333333333,23,33,0.4107142857142857,0.5892857142857143,6241,7700,0.8105194805194805,1,https://www.championat.com/hockey/_superleague/tournament/5974/match/1173888/
Торпедо,Трактор,3,5,41,23,0.07317073170731707,0.21739130434782608,29,23,0.5576923076923077,0.4423076923076923,5500,5600,0.9821428571428571,0,https://www.championat.com/hockey/_superleague/tournament/5974/match/1173844/
ЦСКА,Спартак,4,2,39,30,0.10256410256410256,0.06666666666666667,44,26,0.6285714285714286,0.37142857142857144,9555,12680,0.7535488958990536,1,https://www.championat.com/hockey/_superleague/tournament/5974/match/1173852/
Локомотив,СКА,0,0,25,33,0.0,0.0,28,24,0.5384615384615384,0.46153846153846156,7637,9071,0.841913791202734,0,https://www.championat.com/hockey/_superleague/tournament/5974/match/1174090/
Амур,Ак Барс,1,4,23,28,0.043478260869565216,0.14285714285714285,36,24,0.6,0.4,6102,7100,0.8594366197183099,0,https://www.championat.com/hockey/_superleague/tournament/5974/match/1173836/
Авангард,Куньлунь Ред Стар,3,2,38,25,0.07894736842105263,0.08,31,30,0.5081967213114754,0.4918032786885246,11371,12011,0.9467155107817834,1,https://www.championat.com/hockey/_superleague/tournament/5974/match/1173854/
Лада,Динамо Мн,6,4,24,51,0.25,0.0784313725490196,28,33,0.45901639344262296,0.5409836065573771,4384,6200,0.7070967741935484,1,https://www.championat.com/hockey/_superleague/tournament/5974/match/1173880/
Динамо М,Северсталь,3,2,28,38,0.10714285714285714,0.05263157894736842,30,26,0.5357142857142857,0.4642857142857143,7412,11500,0.6445217391304348,1,https://www.championat.com/hockey/_superleague/tournament/5974/match/1173862/
Сибирь,Трактор,3,4,26,21,0.11538461538461539,0.19047619047619047,33,35,0.4852941176470588,0.5147058823529411,10433,12000,0.8694166666666666,0,https://www.championat.com/hockey/_superleague/tournament/5974/match/1173828/
Салават Юлаев,Нефтехимик,5,0,25,23,0.2,0.0,26,27,0.49056603773584906,0.5094339622641509,6913,8522,0.8111945552687163,1,https://www.championat.com/hockey/_superleague/tournament/5974/match/1173872/
Спартак,Автомобилист,2,3,32,31,0.0625,0.0967741935483871,36,22,0.6206896551724138,0.3793103448275862,6340,12396,0.5114553081639238,0,https://www.championat.com/hockey/_superleague/tournament/5974/match/1173846/
Витязь,ХК Сочи,0,0,37,16,0.0,0.0,36,22,0.6206896551724138,0.3793103448275862,1231,5525,0.2228054298642534,0,https://www.championat.com/hockey/_superleague/tournament/5974/match/1174078/
Амур,Ак Барс,5,4,30,40,0.16666666666666666,0.1,27,34,0.4426229508196721,0.5573770491803278,5772,7100,0.8129577464788732,1,https://www.championat.com/hockey/_superleague/tournament/5974/match/1173864/
Адмирал,Металлург Мг,4,2,24,42,0.16666666666666666,0.047619047619047616,35,23,0.603448275862069,0.39655172413793105,5303,5915,0.8965342349957734,1,https://www.championat.com/hockey/_superleague/tournament/5974/match/1173838/
Лада,Торпедо,2,3,24,26,0.08333333333333333,0.11538461538461539,29,16,0.6444444444444445,0.35555555555555557,6200,1,6200.0,0,https://www.championat.com/hockey/_superleague/tournament/5974/match/1173824/
СКА,Северсталь,4,7,35,35,0.11428571428571428,0.2,34,25,0.576271186440678,0.423728813559322,22195,23996,0.9249458243040507,0,https://www.championat.com/hockey/_superleague/tournament/5974/match/1173814/
Сибирь,Локомотив,2,3,29,28,0.06896551724137931,0.10714285714285714,27,24,0.5294117647058824,0.47058823529411764,10472,12000,0.8726666666666667,0,https://www.championat.com/hockey/_superleague/tournament/5974/match/1173856/
Авангард,ЦСКА,4,0,31,30,0.12903225806451613,0.0,34,27,0.5573770491803278,0.4426229508196721,12011,12011,1.0,1,https://www.championat.com/hockey/_superleague/tournament/5974/match/1173830/
Салават Юлаев,Автомобилист,1,4,31,29,0.03225806451612903,0.13793103448275862,27,27,0.5,0.5,7538,8522,0.88453414691387,0,https://www.championat.com/hockey/_superleague/tournament/5974/match/1173810/
Спартак,Куньлунь Ред Стар,2,0,29,25,0.06896551724137931,0.0,18,27,0.4,0.6,9067,12396,0.7314456276218135,1,https://www.championat.com/hockey/_superleague/tournament/5974/match/1173820/
Нефтехимик,Трактор,2,4,31,24,0.06451612903225806,0.16666666666666666,35,23,0.603448275862069,0.39655172413793105,2820,6050,0.46611570247933887,0,https://www.championat.com/hockey/_superleague/tournament/5974/match/1173848/
Динамо М,ХК Сочи,1,3,35,29,0.02857142857142857,0.10344827586206896,31,18,0.6326530612244898,0.3673469387755102,7208,11500,0.6267826086956522,0,https://www.championat.com/hockey/_superleague/tournament/5974/match/1174068/
Адмирал,Ак Барс,2,5,46,18,0.043478260869565216,0.2777777777777778,30,23,0.5660377358490566,0.4339622641509434,5333,5915,0.9016060862214709,0,https://www.championat.com/hockey/_superleague/tournament/5974/match/1173842/
Амур,Металлург Мг,3,2,32,50,0.09375,0.04,35,29,0.546875,0.453125,7100,7100,1.0,1,https://www.championat.com/hockey/_superleague/tournament/5974/match/1173802/
Лада,Витязь,2,6,29,34,0.06896551724137931,0.17647058823529413,28,36,0.4375,0.5625,6200,1,6200.0,0,https://www.championat.com/hockey/_superleague/tournament/5974/match/1174062/
Сибирь,ЦСКА,3,4,22,34,0.13636363636363635,0.11764705882352941,21,28,0.42857142857142855,0.5714285714285714,10472,12000,0.8726666666666667,0,https://www.championat.com/hockey/_superleague/tournament/5974/match/1173796/
Барыс,Локомотив,0,3,20,33,0.0,0.09090909090909091,17,30,0.3617021276595745,0.6382978723404256,6210,12000,0.5175,0,https://www.championat.com/hockey/_superleague/tournament/5974/match/1173834/
ХК Сочи,Автомобилист,1,2,21,25,0.047619047619047616,0.08,29,19,0.6041666666666666,0.3958333333333333,5597,12000,0.46641666666666665,0,https://www.championat.com/hockey/_superleague/tournament/5974/match/1173816/
Адмирал,Ак Барс,1,2,35,38,0.02857142857142857,0.05263157894736842,33,34,0.4925373134328358,0.5074626865671642,5355,5915,0.9053254437869822,0,https://www.championat.com/hockey/_superleague/tournament/5974/match/1173786/
Трактор,Витязь,4,3,36,24,0.1111111111111111,0.125,28,35,0.4444444444444444,0.5555555555555556,7500,7500,1.0,1,https://www.championat.com/hockey/_superleague/tournament/5974/match/1173808/
Салават Юлаев,Авангард,4,0,46,26,0.08695652173913043,0.0,36,27,0.5714285714285714,0.42857142857142855,8433,8522,0.9895564421497302,1,https://www.championat.com/hockey/_superleague/tournament/5974/match/1174048/
Торпедо,Спартак,3,2,23,48,0.13043478260869565,0.041666666666666664,27,32,0.4576271186440678,0.5423728813559322,5500,5600,0.9821428571428571,1,https://www.championat.com/hockey/_superleague/tournament/5974/match/1173780/
Нефтехимик,Металлург Мг,0,0,27,33,0.0,0.0,19,23,0.4523809523809524,0.5476190476190477,2245,6050,0.37107438016528926,0,https://www.championat.com/hockey/_superleague/tournament/5974/match/1173826/
Северсталь,ЦСКА,5,4,21,29,0.23809523809523808,0.13793103448275862,22,34,0.39285714285714285,0.6071428571428571,5432,6064,0.895778364116095,1,https://www.championat.com/hockey/_superleague/tournament/5974/match/1174040/
СКА,Локомотив,5,2,16,28,0.3125,0.07142857142857142,21,32,0.39622641509433965,0.6037735849056604,22846,23996,0.9520753458909819,1,https://www.championat.com/hockey/_superleague/tournament/5974/match/1173772/
Автомобилист,Авангард,2,1,24,35,0.08333333333333333,0.02857142857142857,36,27,0.5714285714285714,0.42857142857142855,5545,5570,0.9955116696588869,1,https://www.championat.com/hockey/_superleague/tournament/5974/match/1173794/
Трактор,Сибирь,3,4,45,20,0.06666666666666667,0.2,37,25,0.5967741935483871,0.4032258064516129,7500,7500,1.0,0,https://www.championat.com/hockey/_superleague/tournament/5974/match/1173818/
Нефтехимик,Витязь,3,4,20,29,0.15,0.13793103448275862,34,26,0.5666666666666667,0.43333333333333335,6050,1,6050.0,0,https://www.championat.com/hockey/_superleague/tournament/5974/match/1173766/
Барыс,Адмирал,2,3,21,36,0.09523809523809523,0.08333333333333333,20,44,0.3125,0.6875,3188,12000,0.26566666666666666,0,https://www.championat.com/hockey/_superleague/tournament/5974/match/1173750/
Северсталь,Куньлунь Ред Стар,3,0,35,34,0.08571428571428572,0.0,33,37,0.4714285714285714,0.5285714285714286,4701,6064,0.775230870712401,1,https://www.championat.com/hockey/_superleague/tournament/5974/match/1173782/
ХК Сочи,Салават Юлаев,1,8,27,49,0.037037037037037035,0.16326530612244897,29,28,0.5087719298245614,0.49122807017543857,4957,12000,0.41308333333333336,0,https://www.championat.com/hockey/_superleague/tournament/5974/match/1173760/
Торпедо,Амур,5,2,51,17,0.09803921568627451,0.11764705882352941,33,30,0.5238095238095238,0.47619047619047616,5500,5600,0.9821428571428571,1,https://www.championat.com/hockey/_superleague/tournament/5974/match/1173788/
СКА,Динамо М,3,5,44,26,0.06818181818181818,0.19230769230769232,27,27,0.5,0.5,22356,23996,0.9316552758793132,0,https://www.championat.com/hockey/_superleague/tournament/5974/match/1173806/
Автомобилист,Лада,5,3,27,29,0.18518518518518517,0.10344827586206896,29,26,0.5272727272727272,0.4727272727272727,5545,5570,0.9955116696588869,1,https://www.championat.com/hockey/_superleague/tournament/5974/match/1174032/
Ак Барс,Сибирь,0,1,22,28,0.0,0.03571428571428571,21,19,0.525,0.475,8045,8900,0.9039325842696629,0,https://www.championat.com/hockey/_superleague/tournament/5974/match/1173774/
Трактор,Адмирал,3,2,53,22,0.05660377358490566,0.09090909090909091,26,26,0.5,0.5,7500,7500,1.0,1,https://www.championat.com/hockey/_superleague/tournament/5974/match/1173792/
Спартак,Локомотив,4,2,27,34,0.14814814814814814,0.058823529411764705,18,30,0.375,0.625,9680,12396,0.7808970635688932,1,https://www.championat.com/hockey/_superleague/tournament/5974/match/1173798/
Витязь,Куньлунь Ред Стар,1,2,28,24,0.03571428571428571,0.08333333333333333,21,33,0.3888888888888889,0.6111111111111112,3345,5525,0.6054298642533936,0,https://www.championat.com/hockey/_superleague/tournament/5974/match/1174014/
Металлург Мг,Амур,0,0,52,31,0.0,0.0,34,34,0.5,0.5,7500,7700,0.974025974025974,0,https://www.championat.com/hockey/_superleague/tournament/5974/match/1173764/
СКА,Салават Юлаев,3,2,45,43,0.06666666666666667,0.046511627906976744,37,27,0.578125,0.421875,23291,23996,0.9706201033505584,1,https://www.championat.com/hockey/_superleague/tournament/5974/match/1173738/
Торпедо,Динамо М,1,4,42,37,0.023809523809523808,0.10810810810810811,21,25,0.45652173913043476,0.5434782608695652,5500,5600,0.9821428571428571,0,https://www.championat.com/hockey/_superleague/tournament/5974/match/1174020/
Барыс,Сибирь,0,0,34,31,0.0,0.0,20,24,0.45454545454545453,0.5454545454545454,4490,12000,0.37416666666666665,0,https://www.championat.com/hockey/_superleague/tournament/5974/match/1173752/
Нефтехимик,Лада,4,2,33,26,0.12121212121212122,0.07692307692307693,27,28,0.4909090909090909,0.509090909090909,2981,6050,0.49272727272727274,1,https://www.championat.com/hockey/_superleague/tournament/5974/match/1173758/
ХК Сочи,Северсталь,3,4,31,38,0.0967741935483871,0.10526315789473684,23,28,0.45098039215686275,0.5490196078431373,4122,12000,0.3435,0,https://www.championat.com/hockey/_superleague/tournament/5974/match/1174004/
Авангард,Адмирал,4,1,39,32,0.10256410256410256,0.03125,34,27,0.5573770491803278,0.4426229508196721,11115,12011,0.9254017150944968,1,https://www.championat.com/hockey/_superleague/tournament/5974/match/1173732/
Автомобилист,Амур,5,4,27,34,0.18518518518518517,0.11764705882352941,36,34,0.5142857142857142,0.4857142857142857,5545,5570,0.9955116696588869,1,https://www.championat.com/hockey/_superleague/tournament/5974/match/1173784/
Ак Барс,Салават Юлаев,0,0,43,22,0.0,0.0,26,26,0.5,0.5,8319,8900,0.9347191011235955,0,https://www.championat.com/hockey/_superleague/tournament/5974/match/1173746/
Локомотив,Динамо М,2,1,23,25,0.08695652173913043,0.04,38,25,0.6031746031746031,0.3968253968253968,2000,9071,0.22048285745783266,1,https://www.championat.com/hockey/_superleague/tournament/5974/match/1173726/
Спартак,ЦСКА,4,1,32,26,0.125,0.038461538461538464,33,29,0.532258064516129,0.46774193548387094,10210,12396,0.8236527912229752,1,https://www.championat.com/hockey/_superleague/tournament/5974/match/1173996/
Металлург Мг,Динамо Мн,4,1,34,37,0.11764705882352941,0.02702702702702703,21,29,0.42,0.58,7033,7700,0.9133766233766234,1,https://www.championat.com/hockey/_superleague/tournament/5974/match/1173720/
Нефтехимик,Северсталь,1,2,35,35,0.02857142857142857,0.05714285714285714,35,25,0.5833333333333334,0.4166666666666667,2325,6050,0.384297520661157,0,https://www.championat.com/hockey/_superleague/tournament/5974/match/1173776/
СКА,Витязь,4,1,34,23,0.11764705882352941,0.043478260869565216,28,24,0.5384615384615384,0.46153846153846156,21891,23996,0.9122770461743623,1,https://www.championat.com/hockey/_superleague/tournament/5974/match/1173736/
Куньлунь Ред Стар,Трактор,0,0,28,38,0.0,0.0,37,20,0.6491228070175439,0.3508771929824561,2643,7000,0.37757142857142856,0,https://www.championat.com/hockey/_superleague/tournament/5974/match/1173770/
ХК Сочи,Торпедо,1,3,34,34,0.029411764705882353,0.08823529411764706,35,27,0.5645161290322581,0.43548387096774194,4123,12000,0.34358333333333335,0,https://www.championat.com/hockey/_superleague/tournament/5974/match/1173986/
Авангард,Салават Юлаев,2,4,22,30,0.09090909090909091,0.13333333333333333,28,35,0.4444444444444444,0.5555555555555556,11271,12011,0.938389809341437,0,https://www.championat.com/hockey/_superleague/tournament/5974/match/1173730/
Нефтехимик,Динамо Мн,1,5,21,24,0.047619047619047616,0.20833333333333334,21,25,0.45652173913043476,0.5434782608695652,3054,6050,0.5047933884297521,0,https://www.championat.com/hockey/_superleague/tournament/5974/match/1173706/
Витязь,Трактор,0,2,23,17,0.0,0.11764705882352941,21,28,0.42857142857142855,0.5714285714285714,2457,5525,0.4447058823529412,0,https://www.championat.com/hockey/_superleague/tournament/5974/match/1173762/
ЦСКА,Северсталь,6,1,36,31,0.16666666666666666,0.03225806451612903,29,23,0.5576923076923077,0.4423076923076923,7578,12680,0.5976340694006309,1,https://www.championat.com/hockey/_superleague/tournament/5974/match/1173712/
Динамо М,Торпедо,4,2,24,33,0.16666666666666666,0.06060606060606061,35,26,0.5737704918032787,0.4262295081967213,8705,11500,0.7569565217391304,1,https://www.championat.com/hockey/_superleague/tournament/5974/match/1173724/
Спартак,СКА,3,4,41,33,0.07317073170731707,0.12121212121212122,28,29,0.49122807017543857,0.5087719298245614,8850,12396,0.7139399806389157,0,https://www.championat.com/hockey/_superleague/tournament/5974/match/1173754/
Авангард,Барыс,5,1,33,25,0.15151515151515152,0.04,31,30,0.5081967213114754,0.4918032786885246,11918,12011,0.9922570976604779,1,https://www.championat.com/hockey/_superleague/tournament/5974/match/1173742/
Лада,Ак Барс,1,3,26,30,0.038461538461538464,0.1,21,33,0.3888888888888889,0.6111111111111112,5998,6200,0.9674193548387097,0,https://www.championat.com/hockey/_superleague/tournament/5974/match/1173718/
Куньлунь Ред Стар,ХК Сочи,2,4,47,16,0.0425531914893617,0.25,33,21,0.6111111111111112,0.3888888888888889,1731,7000,0.24728571428571428,0,https://www.championat.com/hockey/_superleague/tournament/5974/match/1173696/
ЦСКА,Торпедо,6,1,34,31,0.17647058823529413,0.03225806451612903,23,33,0.4107142857142857,0.5892857142857143,9599,12680,0.7570189274447949,1,https://www.championat.com/hockey/_superleague/tournament/5974/match/1173688/
Локомотив,Металлург Мг,2,3,30,23,0.06666666666666667,0.13043478260869565,27,22,0.5510204081632653,0.4489795918367347,2000,9071,0.22048285745783266,0,https://www.championat.com/hockey/_superleague/tournament/5974/match/1173710/
Динамо М,СКА,0,0,33,29,0.0,0.0,34,37,0.4788732394366197,0.5211267605633803,9033,11500,0.7854782608695652,0,https://www.championat.com/hockey/_superleague/tournament/5974/match/1173734/
Амур,Барыс,5,0,21,34,0.23809523809523808,0.0,34,24,0.5862068965517241,0.41379310344827586,7100,7100,1.0,1,https://www.championat.com/hockey/_superleague/tournament/5974/match/1173722/
Адмирал,Сибирь,0,0,44,32,0.0,0.0,35,27,0.5645161290322581,0.43548387096774194,5545,5915,0.937447168216399,0,https://www.championat.com/hockey/_superleague/tournament/5974/match/1173978/
Трактор,ХК Сочи,0,0,34,23,0.0,0.0,27,18,0.6,0.4,7500,7500,1.0,0,https://www.championat.com/hockey/_superleague/tournament/5974/match/1173704/
Лада,Автомобилист,2,4,33,23,0.06060606060606061,0.17391304347826086,27,31,0.46551724137931033,0.5344827586206896,6200,1,6200.0,0,https://www.championat.com/hockey/_superleague/tournament/5974/match/1173728/
Северсталь,Спартак,8,6,35,36,0.22857142857142856,0.16666666666666666,28,32,0.4666666666666667,0.5333333333333333,5536,6064,0.9129287598944591,1,https://www.championat.com/hockey/_superleague/tournament/5974/match/1173682/
Куньлунь Ред Стар,Ак Барс,3,6,30,43,0.1,0.13953488372093023,26,34,0.43333333333333335,0.5666666666666667,4567,7000,0.6524285714285715,0,https://www.championat.com/hockey/_superleague/tournament/5974/match/1173970/
Динамо Мн,Авангард,4,5,48,30,0.08333333333333333,0.16666666666666666,42,31,0.5753424657534246,0.4246575342465753,15086,15266,0.9882090921000917,0,https://www.championat.com/hockey/_superleague/tournament/5974/match/1173744/
Салават Юлаев,Металлург Мг,6,4,24,40,0.25,0.1,28,37,0.4307692307692308,0.5692307692307692,8522,8522,1.0,1,https://www.championat.com/hockey/_superleague/tournament/5974/match/1173674/
Амур,Сибирь,1,5,42,34,0.023809523809523808,0.14705882352941177,24,30,0.4444444444444444,0.5555555555555556,7100,7100,1.0,0,https://www.championat.com/hockey/_superleague/tournament/5974/match/1173928/
Адмирал,Барыс,0,0,44,29,0.0,0.0,35,22,0.6140350877192983,0.38596491228070173,4909,5915,0.8299239222316145,0,https://www.championat.com/hockey/_superleague/tournament/5974/match/1173684/
Лада,Нефтехимик,3,4,22,27,0.13636363636363635,0.14814814814814814,18,25,0.4186046511627907,0.5813953488372093,4263,6200,0.6875806451612904,0,https://www.championat.com/hockey/_superleague/tournament/5974/match/1173692/
Локомотив,Спартак,4,5,40,37,0.1,0.13513513513513514,36,22,0.6206896551724138,0.3793103448275862,2000,9071,0.22048285745783266,0,https://www.championat.com/hockey/_superleague/tournament/5974/match/1173670/
Торпедо,Витязь,2,1,35,29,0.05714285714285714,0.034482758620689655,28,18,0.6086956521739131,0.391304347826087,5500,5600,0.9821428571428571,1,https://www.championat.com/hockey/_superleague/tournament/5974/match/1173714/
Динамо Мн,ХК Сочи,5,3,44,22,0.11363636363636363,0.13636363636363635,36,28,0.5625,0.4375,14310,15266,0.9373771780427093,1,https://www.championat.com/hockey/_superleague/tournament/5974/match/1173868/
СКА,Ак Барс,3,8,36,30,0.08333333333333333,0.26666666666666666,37,27,0.578125,0.421875,22476,23996,0.9366561093515586,0,https://www.championat.com/hockey/_superleague/tournament/5974/match/1173662/
Куньлунь Ред Стар,Автомобилист,0,0,27,36,0.0,0.0,32,22,0.5925925925925926,0.4074074074074074,1295,7000,0.185,0,https://www.championat.com/hockey/_superleague/tournament/5974/match/1173702/
ЦСКА,Авангард,2,1,29,46,0.06896551724137931,0.021739130434782608,41,29,0.5857142857142857,0.4142857142857143,9374,12680,0.7392744479495268,1,https://www.championat.com/hockey/_superleague/tournament/5974/match/1173886/
Трактор,Металлург Мг,5,2,26,23,0.19230769230769232,0.08695652173913043,25,23,0.5208333333333334,0.4791666666666667,7500,7500,1.0,1,https://www.championat.com/hockey/_superleague/tournament/5974/match/1173676/
Адмирал,Амур,0,0,46,27,0.0,0.0,36,36,0.5,0.5,5336,5915,0.9021132713440406,0,https://www.championat.com/hockey/_superleague/tournament/5974/match/1173656/
Салават Юлаев,Нефтехимик,4,1,33,38,0.12121212121212122,0.02631578947368421,31,21,0.5961538461538461,0.40384615384615385,8488,8522,0.9960103262145036,1,https://www.championat.com/hockey/_superleague/tournament/5974/match/1173860/
Лада,Авангард,1,2,26,41,0.038461538461538464,0.04878048780487805,28,21,0.5714285714285714,0.42857142857142855,6200,1,6200.0,0,https://www.championat.com/hockey/_superleague/tournament/5974/match/1173694/
Локомотив,Динамо Мн,2,0,25,27,0.08,0.0,29,24,0.5471698113207547,0.4528301886792453,7679,9071,0.8465439312093485,1,https://www.championat.com/hockey/_superleague/tournament/5974/match/1173660/
Торпедо,Спартак,3,2,39,34,0.07692307692307693,0.058823529411764705,30,31,0.4918032786885246,0.5081967213114754,5500,5600,0.9821428571428571,1,https://www.championat.com/hockey/_superleague/tournament/5974/match/1173666/
Ак Барс,Автомобилист,4,1,30,30,0.13333333333333333,0.03333333333333333,33,28,0.5409836065573771,0.45901639344262296,8122,8900,0.9125842696629214,1,https://www.championat.com/hockey/_superleague/tournament/5974/match/1174476/
Витязь,СКА,2,4,35,39,0.05714285714285714,0.10256410256410256,28,35,0.4444444444444444,0.5555555555555556,3989,5525,0.7219909502262444,0,https://www.championat.com/hockey/_superleague/tournament/5974/match/1173648/
ЦСКА,Северсталь,3,4,20,34,0.15,0.11764705882352941,25,30,0.45454545454545453,0.5454545454545454,12680,1,12680.0,0,https://www.championat.com/hockey/_superleague/tournament/5974/match/1173686/
Куньлунь Ред Стар,Динамо М,1,4,30,21,0.03333333333333333,0.19047619047619047,34,27,0.5573770491803278,0.4426229508196721,2362,7000,0.3374285714285714,0,https://www.championat.com/hockey/_superleague/tournament/5974/match/1173850/
Адмирал,Авангард,2,5,39,42,0.05128205128205128,0.11904761904761904,32,37,0.463768115942029,0.5362318840579711,5155,5915,0.871513102282333,0,https://www.championat.com/hockey/_superleague/tournament/5974/match/1173678/
Сибирь,Лада,4,1,23,37,0.17391304347826086,0.02702702702702703,29,27,0.5178571428571429,0.48214285714285715,11089,12000,0.9240833333333334,1,https://www.championat.com/hockey/_superleague/tournament/5974/match/1173640/
Ак Барс,Торпедо,1,5,34,39,0.029411764705882353,0.1282051282051282,32,22,0.5925925925925926,0.4074074074074074,7912,8900,0.8889887640449439,0,https://www.championat.com/hockey/_superleague/tournament/5974/match/1173840/
ЦСКА,Витязь,3,1,29,21,0.10344827586206896,0.047619047619047616,29,23,0.5576923076923077,0.4423076923076923,5805,12680,0.45780757097791797,1,https://www.championat.com/hockey/_superleague/tournament/5974/match/1173634/
ХК Сочи,Нефтехимик,0,0,35,27,0.0,0.0,27,36,0.42857142857142855,0.5714285714285714,4122,12000,0.3435,0,https://www.championat.com/hockey/_superleague/tournament/5974/match/1173654/
Динамо М,СКА,3,1,26,28,0.11538461538461539,0.03571428571428571,33,32,0.5076923076923077,0.49230769230769234,8978,11500,0.780695652173913,1,https://www.championat.com/hockey/_superleague/tournament/5974/match/1173668/
Куньлунь Ред Стар,Салават Юлаев,4,2,32,32,0.125,0.0625,29,31,0.48333333333333334,0.5166666666666667,2086,7000,0.298,1,https://www.championat.com/hockey/_superleague/tournament/5974/match/1173832/
Трактор,Металлург Мг,1,3,29,30,0.034482758620689655,0.1,28,24,0.5384615384615384,0.46153846153846156,7500,7500,1.0,0,https://www.championat.com/hockey/_superleague/tournament/5974/match/1173644/
Динамо Мн,Локомотив,3,1,23,21,0.13043478260869565,0.047619047619047616,23,25,0.4791666666666667,0.5208333333333334,15086,15266,0.9882090921000917,1,https://www.championat.com/hockey/_superleague/tournament/5974/match/1173664/
Амур,Авангард,1,7,26,33,0.038461538461538464,0.21212121212121213,26,28,0.48148148148148145,0.5185185185185185,6810,7100,0.9591549295774648,0,https://www.championat.com/hockey/_superleague/tournament/5974/match/1173626/
Адмирал,Автомобилист,0,0,35,36,0.0,0.0,38,28,0.5757575757575758,0.42424242424242425,5111,5915,0.8640743871513102,0,https://www.championat.com/hockey/_superleague/tournament/5974/match/1173822/
Сибирь,Лада,4,1,37,41,0.10810810810810811,0.024390243902439025,35,28,0.5555555555555556,0.4444444444444444,11204,12000,0.9336666666666666,1,https://www.championat.com/hockey/_superleague/tournament/5974/match/1173638/
Барыс,СКА,2,5,23,46,0.08695652173913043,0.10869565217391304,28,32,0.4666666666666667,0.5333333333333333,3800,12000,0.31666666666666665,0,https://www.championat.com/hockey/_superleague/tournament/5974/match/1173804/
Динамо Мн,Витязь,0,3,39,24,0.0,0.125,42,25,0.6268656716417911,0.373134328358209,15007,15266,0.9830341936329098,0,https://www.championat.com/hockey/_superleague/tournament/5974/match/1173698/
Динамо М,Спартак,4,1,37,24,0.10810810810810811,0.041666666666666664,29,28,0.5087719298245614,0.49122807017543857,9176,11500,0.7979130434782609,1,https://www.championat.com/hockey/_superleague/tournament/5974/match/1173618/
Куньлунь Ред Стар,Торпедо,1,4,30,33,0.03333333333333333,0.12121212121212122,25,30,0.45454545454545453,0.5454545454545454,1907,7000,0.2724285714285714,0,https://www.championat.com/hockey/_superleague/tournament/5974/match/1173630/
ХК Сочи,ЦСКА,2,0,32,35,0.0625,0.0,27,30,0.47368421052631576,0.5263157894736842,6368,12000,0.5306666666666666,1,https://www.championat.com/hockey/_superleague/tournament/5974/match/1173652/
Салават Юлаев,Ак Барс,3,0,30,30,0.1,0.0,17,28,0.37777777777777777,0.6222222222222222,8522,8522,1.0,1,https://www.championat.com/hockey/_superleague/tournament/5974/match/1173646/
Северсталь,Локомотив,1,5,17,25,0.058823529411764705,0.2,16,35,0.3137254901960784,0.6862745098039216,5536,6064,0.9129287598944591,0,https://www.championat.com/hockey/_superleague/tournament/5974/match/1173610/
Адмирал,Трактор,1,2,23,42,0.043478260869565216,0.047619047619047616,26,28,0.48148148148148145,0.5185185185185185,5477,5915,0.9259509721048182,0,https://www.championat.com/hockey/_superleague/tournament/5974/match/1173790/
Амур,Автомобилист,0,0,25,34,0.0,0.0,25,35,0.4166666666666667,0.5833333333333334,6987,7100,0.9840845070422535,0,https://www.championat.com/hockey/_superleague/tournament/5974/match/1173622/
Сибирь,Металлург Мг,2,5,24,31,0.08333333333333333,0.16129032258064516,35,24,0.5932203389830508,0.4067796610169492,11506,12000,0.9588333333333333,0,https://www.championat.com/hockey/_superleague/tournament/5974/match/1173636/
Барыс,Лада,2,4,35,27,0.05714285714285714,0.14814814814814814,22,37,0.3728813559322034,0.6271186440677966,3798,12000,0.3165,0,https://www.championat.com/hockey/_superleague/tournament/5974/match/1173616/
Куньлунь Ред Стар,Витязь,5,4,23,36,0.21739130434782608,0.1111111111111111,42,24,0.6363636363636364,0.36363636363636365,2178,7000,0.31114285714285717,1,https://www.championat.com/hockey/_superleague/tournament/5974/match/1173424/
Нефтехимик,СКА,4,3,37,25,0.10810810810810811,0.12,29,27,0.5178571428571429,0.48214285714285715,4423,6050,0.7310743801652893,1,https://www.championat.com/hockey/_superleague/tournament/5974/match/1173604/
Спартак,Торпедо,7,4,35,26,0.2,0.15384615384615385,31,29,0.5166666666666667,0.48333333333333334,10283,12396,0.829541787673443,1,https://www.championat.com/hockey/_superleague/tournament/5974/match/1173778/
Авангард,Ак Барс,6,2,26,36,0.23076923076923078,0.05555555555555555,33,27,0.55,0.45,12011,12011,1.0,1,https://www.championat.com/hockey/_superleague/tournament/5974/match/1173628/
Салават Юлаев,Локомотив,0,0,21,27,0.0,0.0,29,27,0.5178571428571429,0.48214285714285715,8501,8522,0.9975357897207229,0,https://www.championat.com/hockey/_superleague/tournament/5974/match/1173596/
Амур,Трактор,2,5,33,31,0.06060606060606061,0.16129032258064516,30,34,0.46875,0.53125,6804,7100,0.9583098591549296,0,https://www.championat.com/hockey/_superleague/tournament/5974/match/1173620/
Сибирь,Автомобилист,0,5,28,29,0.0,0.1724137931034483,42,23,0.6461538461538462,0.35384615384615387,11362,12000,0.9468333333333333,0,https://www.championat.com/hockey/_superleague/tournament/5974/match/1173592/
Барыс,Металлург Мг,1,3,21,37,0.047619047619047616,0.08108108108108109,19,30,0.3877551020408163,0.6122448979591837,2760,12000,0.23,0,https://www.championat.com/hockey/_superleague/tournament/5974/match/1173600/
Витязь,Динамо Мн,2,4,21,38,0.09523809523809523,0.10526315789473684,18,48,0.2727272727272727,0.7272727272727273,1800,5525,0.3257918552036199,0,https://www.championat.com/hockey/_superleague/tournament/5974/match/1173614/
Северсталь,СКА,3,5,33,29,0.09090909090909091,0.1724137931034483,39,32,0.5492957746478874,0.4507042253521127,5420,6064,0.8937994722955145,0,https://www.championat.com/hockey/_superleague/tournament/5974/match/1173756/
ЦСКА,ХК Сочи,1,4,29,23,0.034482758620689655,0.17391304347826086,30,23,0.5660377358490566,0.4339622641509434,5759,12680,0.454179810725552,0,https://www.championat.com/hockey/_superleague/tournament/5974/match/1173608/
Спартак,Динамо М,0,0,43,28,0.0,0.0,28,21,0.5714285714285714,0.42857142857142855,8534,12396,0.6884478864149726,0,https://www.championat.com/hockey/_superleague/tournament/5974/match/1173768/
Нефтехимик,Ак Барс,3,2,33,37,0.09090909090909091,0.05405405405405406,27,36,0.42857142857142855,0.5714285714285714,4794,6050,0.792396694214876,1,https://www.championat.com/hockey/_superleague/tournament/5974/match/1173582/
Авангард,Металлург Мг,2,1,20,27,0.1,0.037037037037037035,37,28,0.5692307692307692,0.4307692307692308,12011,12011,1.0,1,https://www.championat.com/hockey/_superleague/tournament/5974/match/1173748/
Лада,Салават Юлаев,3,0,30,30,0.1,0.0,27,22,0.5510204081632653,0.4489795918367347,5678,6200,0.9158064516129032,1,https://www.championat.com/hockey/_superleague/tournament/5974/match/1173590/
ЦСКА,Динамо Мн,1,4,18,33,0.05555555555555555,0.12121212121212122,30,28,0.5172413793103449,0.4827586206896552,7702,12680,0.6074132492113564,0,https://www.championat.com/hockey/_superleague/tournament/5974/match/1173574/
Динамо М,ХК Сочи,3,5,43,19,0.06976744186046512,0.2631578947368421,28,36,0.4375,0.5625,6703,11500,0.5828695652173913,0,https://www.championat.com/hockey/_superleague/tournament/5974/match/1173606/
Автомобилист,Амур,5,3,39,31,0.1282051282051282,0.0967741935483871,41,30,0.5774647887323944,0.4225352112676056,5545,5570,0.9955116696588869,1,https://www.championat.com/hockey/_superleague/tournament/5974/match/1173740/
Барыс,Северсталь,2,6,27,35,0.07407407407407407,0.17142857142857143,24,28,0.46153846153846156,0.5384615384615384,3132,12000,0.261,0,https://www.championat.com/hockey/_superleague/tournament/5974/match/1173568/
Локомотив,Куньлунь Ред Стар,4,1,33,24,0.12121212121212122,0.041666666666666664,24,26,0.48,0.52,7577,9071,0.835299305478999,1,https://www.championat.com/hockey/_superleague/tournament/5974/match/1173598/
Спартак,Сибирь,6,2,41,34,0.14634146341463414,0.058823529411764705,31,32,0.49206349206349204,0.5079365079365079,7474,12396,0.6029364311068086,1,https://www.championat.com/hockey/_superleague/tournament/5974/match/1173586/
Трактор,Лада,4,1,38,30,0.10526315789473684,0.03333333333333333,34,16,0.68,0.32,7500,7500,1.0,1,https://www.championat.com/hockey/_superleague/tournament/5974/match/1173578/
Ак Барс,Нефтехимик,0,0,32,35,0.0,0.0,34,35,0.4927536231884058,0.5072463768115942,7945,8900,0.8926966292134831,0,https://www.championat.com/hockey/_superleague/tournament/5974/match/1173588/
Торпедо,ХК Сочи,6,3,47,34,0.1276595744680851,0.08823529411764706,35,24,0.5932203389830508,0.4067796610169492,5500,5600,0.9821428571428571,1,https://www.championat.com/hockey/_superleague/tournament/5974/match/1173716/
Витязь,Салават Юлаев,3,1,39,26,0.07692307692307693,0.038461538461538464,25,27,0.4807692307692308,0.5192307692307693,3183,5525,0.5761085972850679,1,https://www.championat.com/hockey/_superleague/tournament/5974/match/1173564/
Динамо М,Динамо Мн,0,5,23,40,0.0,0.125,34,35,0.4927536231884058,0.5072463768115942,9021,11500,0.7844347826086957,0,https://www.championat.com/hockey/_superleague/tournament/5974/match/1173708/
Авангард,Амур,2,1,29,33,0.06896551724137931,0.030303030303030304,32,27,0.5423728813559322,0.4576271186440678,12011,12011,1.0,1,https://www.championat.com/hockey/_superleague/tournament/5974/match/1173570/
Автомобилист,Северсталь,0,4,21,33,0.0,0.12121212121212122,28,19,0.5957446808510638,0.40425531914893614,5545,5570,0.9955116696588869,0,https://www.championat.com/hockey/_superleague/tournament/5974/match/1173580/
Барыс,Адмирал,2,4,28,29,0.07142857142857142,0.13793103448275862,23,41,0.359375,0.640625,4384,12000,0.36533333333333334,0,https://www.championat.com/hockey/_superleague/tournament/5974/match/1173700/
Локомотив,Сибирь,0,0,31,11,0.0,0.0,30,22,0.5769230769230769,0.4230769230769231,2000,9071,0.22048285745783266,0,https://www.championat.com/hockey/_superleague/tournament/5974/match/1173558/
СКА,Куньлунь Ред Стар,4,6,39,23,0.10256410256410256,0.2608695652173913,35,35,0.5,0.5,22624,23996,0.9428238039673279,0,https://www.championat.com/hockey/_superleague/tournament/5974/match/1173560/
Трактор,Нефтехимик,1,3,24,33,0.041666666666666664,0.09090909090909091,27,24,0.5294117647058824,0.47058823529411764,7500,7500,1.0,0,https://www.championat.com/hockey/_superleague/tournament/5974/match/1173572/
Спартак,Динамо Мн,0,3,33,29,0.0,0.10344827586206896,23,33,0.4107142857142857,0.5892857142857143,9536,12396,0.7692804130364633,0,https://www.championat.com/hockey/_superleague/tournament/5974/match/1173812/
Салават Юлаев,ЦСКА,2,4,19,33,0.10526315789473684,0.12121212121212122,30,23,0.5660377358490566,0.4339622641509434,8506,8522,0.9981225064538841,0,https://www.championat.com/hockey/_superleague/tournament/5974/match/1173552/
Ак Барс,Лада,2,1,26,30,0.07692307692307693,0.03333333333333333,29,21,0.58,0.42,7430,8900,0.8348314606741573,1,https://www.championat.com/hockey/_superleague/tournament/5974/match/1173690/
Сибирь,Адмирал,2,5,27,48,0.07407407407407407,0.10416666666666667,33,28,0.5409836065573771,0.45901639344262296,11204,12000,0.9336666666666666,0,https://www.championat.com/hockey/_superleague/tournament/5974/match/1173554/
Металлург Мг,Северсталь,4,1,33,16,0.12121212121212122,0.0625,33,20,0.6226415094339622,0.37735849056603776,7032,7700,0.9132467532467532,1,https://www.championat.com/hockey/_superleague/tournament/5974/match/1173544/
Автомобилист,Витязь,2,1,32,27,0.0625,0.037037037037037035,30,25,0.5454545454545454,0.45454545454545453,5545,5570,0.9955116696588869,1,https://www.championat.com/hockey/_superleague/tournament/5974/match/1173562/
ХК Сочи,Куньлунь Ред Стар,2,5,27,39,0.07407407407407407,0.1282051282051282,18,29,0.3829787234042553,0.6170212765957447,4060,12000,0.3383333333333333,0,https://www.championat.com/hockey/_superleague/tournament/5974/match/1173680/
Салават Юлаев,Лада,3,2,42,22,0.07142857142857142,0.09090909090909091,37,23,0.6166666666666667,0.38333333333333336,8486,8522,0.9957756395212392,1,https://www.championat.com/hockey/_superleague/tournament/5974/match/1173546/
Локомотив,Динамо М,1,3,33,19,0.030303030303030304,0.15789473684210525,32,19,0.6274509803921569,0.37254901960784315,7610,9071,0.8389372726270532,0,https://www.championat.com/hockey/_superleague/tournament/5974/match/1173538/
Торпедо,ЦСКА,2,3,36,26,0.05555555555555555,0.11538461538461539,13,25,0.34210526315789475,0.6578947368421053,5500,5600,0.9821428571428571,0,https://www.championat.com/hockey/_superleague/tournament/5974/match/1173556/
СКА,Спартак,2,7,36,38,0.05555555555555555,0.18421052631578946,38,21,0.6440677966101694,0.3559322033898305,22546,23996,0.9395732622103684,0,https://www.championat.com/hockey/_superleague/tournament/5974/match/1173672/
Авангард,Витязь,0,0,39,26,0.0,0.0,46,27,0.6301369863013698,0.3698630136986301,12011,12011,1.0,0,https://www.championat.com/hockey/_superleague/tournament/5974/match/1173540/
Металлург Мг,Барыс,4,1,26,29,0.15384615384615385,0.034482758620689655,38,19,0.6666666666666666,0.3333333333333333,6259,7700,0.8128571428571428,1,https://www.championat.com/hockey/_superleague/tournament/5974/match/1173532/
Автомобилист,Ак Барс,2,1,24,24,0.08333333333333333,0.041666666666666664,21,30,0.4117647058823529,0.5882352941176471,5545,5570,0.9955116696588869,1,https://www.championat.com/hockey/_superleague/tournament/5974/match/1173550/
Северсталь,Торпедо,2,3,29,19,0.06896551724137931,0.15789473684210525,27,30,0.47368421052631576,0.5263157894736842,5388,6064,0.8885224274406333,0,https://www.championat.com/hockey/_superleague/tournament/5974/match/1173658/
Динамо Мн,Спартак,2,1,32,34,0.0625,0.029411764705882353,29,36,0.4461538461538462,0.5538461538461539,15086,15266,0.9882090921000917,1,https://www.championat.com/hockey/_superleague/tournament/5974/match/1173526/
СКА,Динамо М,0,1,30,29,0.0,0.034482758620689655,24,26,0.48,0.52,22384,23996,0.9328221370228371,0,https://www.championat.com/hockey/_superleague/tournament/5974/match/1173534/
ЦСКА,Куньлунь Ред Стар,6,0,38,20,0.15789473684210525,0.0,34,29,0.5396825396825397,0.4603174603174603,5973,12680,0.47105678233438486,1,https://www.championat.com/hockey/_superleague/tournament/5974/match/1173542/
Амур,Нефтехимик,0,0,30,41,0.0,0.0,39,26,0.6,0.4,6809,7100,0.9590140845070423,0,https://www.championat.com/hockey/_superleague/tournament/5974/match/1173650/
Адмирал,Салават Юлаев,2,3,38,24,0.05263157894736842,0.125,37,25,0.5967741935483871,0.4032258064516129,5335,5915,0.9019442096365173,0,https://www.championat.com/hockey/_superleague/tournament/5974/match/1173524/
Сибирь,Витязь,4,3,46,40,0.08695652173913043,0.075,30,20,0.6,0.4,11274,12000,0.9395,1,https://www.championat.com/hockey/_superleague/tournament/5974/match/1173536/
Трактор,Ак Барс,3,2,28,24,0.10714285714285714,0.08333333333333333,32,29,0.5245901639344263,0.47540983606557374,7500,7500,1.0,1,https://www.championat.com/hockey/_superleague/tournament/5974/match/1173520/
Лада,Барыс,2,3,38,23,0.05263157894736842,0.13043478260869565,35,20,0.6363636363636364,0.36363636363636365,5123,6200,0.8262903225806452,0,https://www.championat.com/hockey/_superleague/tournament/5974/match/1173642/
Металлург Мг,Автомобилист,3,1,32,27,0.09375,0.037037037037037035,17,30,0.3617021276595745,0.6382978723404256,7340,7700,0.9532467532467532,1,https://www.championat.com/hockey/_superleague/tournament/5974/match/1173530/
Динамо М,Куньлунь Ред Стар,6,3,44,26,0.13636363636363635,0.11538461538461539,24,32,0.42857142857142855,0.5714285714285714,9056,11500,0.7874782608695652,1,https://www.championat.com/hockey/_superleague/tournament/5974/match/1173512/
ЦСКА,Торпедо,4,2,33,32,0.12121212121212122,0.0625,35,27,0.5645161290322581,0.43548387096774194,8473,12680,0.668217665615142,1,https://www.championat.com/hockey/_superleague/tournament/5974/match/1173516/
Адмирал,Салават Юлаев,3,6,36,33,0.08333333333333333,0.18181818181818182,34,22,0.6071428571428571,0.39285714285714285,5333,5915,0.9016060862214709,0,https://www.championat.com/hockey/_superleague/tournament/5974/match/1173504/
Амур,Нефтехимик,4,3,32,27,0.125,0.1111111111111111,40,29,0.5797101449275363,0.42028985507246375,6802,7100,0.9580281690140845,1,https://www.championat.com/hockey/_superleague/tournament/5974/match/1173624/
Сибирь,Ак Барс,3,6,43,37,0.06976744186046512,0.16216216216216217,28,32,0.4666666666666667,0.5333333333333333,11331,12000,0.94425,0,https://www.championat.com/hockey/_superleague/tournament/5974/match/1173522/
Трактор,Барыс,8,0,43,24,0.18604651162790697,0.0,40,24,0.625,0.375,7500,7500,1.0,1,https://www.championat.com/hockey/_superleague/tournament/5974/match/1173500/
ХК Сочи,Локомотив,2,4,21,26,0.09523809523809523,0.15384615384615385,19,22,0.4634146341463415,0.5365853658536586,5012,12000,0.4176666666666667,0,https://www.championat.com/hockey/_superleague/tournament/5974/match/1173508/
Спартак,Авангард,1,5,30,35,0.03333333333333333,0.14285714285714285,26,32,0.4482758620689655,0.5517241379310345,8534,12396,0.6884478864149726,0,https://www.championat.com/hockey/_superleague/tournament/5974/match/1173632/
Динамо Мн,СКА,2,1,33,30,0.06060606060606061,0.03333333333333333,26,32,0.4482758620689655,0.5517241379310345,15086,15266,0.9882090921000917,1,https://www.championat.com/hockey/_superleague/tournament/5974/match/1173514/
Металлург Мг,Лада,2,1,47,35,0.0425531914893617,0.02857142857142857,34,23,0.5964912280701754,0.40350877192982454,6875,7700,0.8928571428571429,1,https://www.championat.com/hockey/_superleague/tournament/5974/match/1173494/
Витязь,Торпедо,3,4,40,28,0.075,0.14285714285714285,36,19,0.6545454545454545,0.34545454545454546,1533,5525,0.2774660633484163,0,https://www.championat.com/hockey/_superleague/tournament/5974/match/1173612/
Динамо Мн,Куньлунь Ред Стар,6,2,41,30,0.14634146341463414,0.06666666666666667,29,31,0.48333333333333334,0.5166666666666667,14008,15266,0.9175946547884187,1,https://www.championat.com/hockey/_superleague/tournament/5974/match/1173800/
Динамо М,Автомобилист,4,1,33,37,0.12121212121212122,0.02702702702702703,24,32,0.42857142857142855,0.5714285714285714,7085,11500,0.6160869565217392,1,https://www.championat.com/hockey/_superleague/tournament/5974/match/1173496/
Амур,Салават Юлаев,1,3,33,34,0.030303030303030304,0.08823529411764706,23,28,0.45098039215686275,0.5490196078431373,5689,7100,0.8012676056338028,0,https://www.championat.com/hockey/_superleague/tournament/5974/match/1173506/
Адмирал,Нефтехимик,1,0,32,29,0.03125,0.0,31,26,0.543859649122807,0.45614035087719296,4777,5915,0.8076077768385461,1,https://www.championat.com/hockey/_superleague/tournament/5974/match/1173498/
Северсталь,Локомотив,0,5,20,23,0.0,0.21739130434782608,21,38,0.3559322033898305,0.6440677966101694,5251,6064,0.8659300791556728,0,https://www.championat.com/hockey/_superleague/tournament/5974/match/1173602/
ХК Сочи,Авангард,0,0,20,38,0.0,0.0,47,23,0.6714285714285714,0.32857142857142857,5045,12000,0.42041666666666666,0,https://www.championat.com/hockey/_superleague/tournament/5974/match/1173488/
ЦСКА,СКА,0,0,35,38,0.0,0.0,35,41,0.4605263157894737,0.5394736842105263,9029,12680,0.7120662460567824,0,https://www.championat.com/hockey/_superleague/tournament/5974/match/1173492/
Динамо Мн,Лада,4,2,29,38,0.13793103448275862,0.05263157894736842,34,35,0.4927536231884058,0.5072463768115942,15002,15266,0.9827066684134679,1,https://www.championat.com/hockey/_superleague/tournament/5974/match/1173594/
Спартак,Куньлунь Ред Стар,2,3,33,22,0.06060606060606061,0.13636363636363635,21,32,0.39622641509433965,0.6037735849056604,6114,12396,0.49322362052274926,0,https://www.championat.com/hockey/_superleague/tournament/5974/match/1173480/
Ак Барс,Автомобилист,3,1,33,30,0.09090909090909091,0.03333333333333333,34,8,0.8095238095238095,0.19047619047619047,7734,8900,0.8689887640449439,1,https://www.championat.com/hockey/_superleague/tournament/5974/match/1173486/
Амур,Салават Юлаев,0,0,26,36,0.0,0.0,34,36,0.4857142857142857,0.5142857142857142,6202,7100,0.8735211267605634,0,https://www.championat.com/hockey/_superleague/tournament/5974/match/1173484/
Адмирал,Нефтехимик,2,3,24,40,0.08333333333333333,0.075,23,39,0.3709677419354839,0.6290322580645161,4735,5915,0.8005071851225697,0,https://www.championat.com/hockey/_superleague/tournament/5974/match/1173474/
Барыс,Сибирь,4,1,34,32,0.11764705882352941,0.03125,22,31,0.41509433962264153,0.5849056603773585,3308,12000,0.27566666666666667,1,https://www.championat.com/hockey/_superleague/tournament/5974/match/1173472/
Северсталь,Витязь,3,0,33,35,0.09090909090909091,0.0,28,33,0.45901639344262296,0.5409836065573771,4993,6064,0.8233839050131926,1,https://www.championat.com/hockey/_superleague/tournament/5974/match/1173490/
ХК Сочи,Металлург Мг,0,3,24,33,0.0,0.09090909090909091,22,27,0.4489795918367347,0.5510204081632653,4447,12000,0.3705833333333333,0,https://www.championat.com/hockey/_superleague/tournament/5974/match/1173478/
Торпедо,Авангард,2,3,27,41,0.07407407407407407,0.07317073170731707,33,29,0.532258064516129,0.46774193548387094,5500,5600,0.9821428571428571,0,https://www.championat.com/hockey/_superleague/tournament/5974/match/1173584/
Динамо М,Локомотив,5,3,26,33,0.19230769230769232,0.09090909090909091,25,30,0.45454545454545453,0.5454545454545454,9158,11500,0.7963478260869565,1,https://www.championat.com/hockey/_superleague/tournament/5974/match/1173576/
Трактор,Северсталь,5,1,28,31,0.17857142857142858,0.03225806451612903,41,21,0.6612903225806451,0.3387096774193548,7500,7500,1.0,1,https://www.championat.com/hockey/_superleague/tournament/5974/match/1173468/
Барыс,ЦСКА,0,3,27,29,0.0,0.10344827586206896,23,32,0.41818181818181815,0.5818181818181818,4768,12000,0.3973333333333333,0,https://www.championat.com/hockey/_superleague/tournament/5974/match/1173458/
Лада,Сибирь,0,0,21,49,0.0,0.0,21,31,0.40384615384615385,0.5961538461538461,3967,6200,0.6398387096774194,0,https://www.championat.com/hockey/_superleague/tournament/5974/match/1173470/
СКА,Металлург Мг,4,2,28,21,0.14285714285714285,0.09523809523809523,42,25,0.6268656716417911,0.373134328358209,22538,23996,0.9392398733122187,1,https://www.championat.com/hockey/_superleague/tournament/5974/match/1173460/
Торпедо,Спартак,3,0,32,22,0.09375,0.0,31,26,0.543859649122807,0.45614035087719296,5500,5600,0.9821428571428571,1,https://www.championat.com/hockey/_superleague/tournament/5974/match/1173466/
Ак Барс,Авангард,0,2,35,29,0.0,0.06896551724137931,29,25,0.5370370370370371,0.46296296296296297,7915,8900,0.8893258426966292,0,https://www.championat.com/hockey/_superleague/tournament/5974/match/1173476/
ХК Сочи,Витязь,0,5,27,33,0.0,0.15151515151515152,32,23,0.5818181818181818,0.41818181818181815,3536,12000,0.2946666666666667,0,https://www.championat.com/hockey/_superleague/tournament/5974/match/1173566/
Динамо Мн,Куньлунь Ред Стар,4,2,30,27,0.13333333333333333,0.07407407407407407,27,25,0.5192307692307693,0.4807692307692308,15086,15266,0.9882090921000917,1,https://www.championat.com/hockey/_superleague/tournament/5974/match/1173548/
Автомобилист,ЦСКА,3,4,31,33,0.0967741935483871,0.12121212121212122,33,32,0.5076923076923077,0.49230769230769234,10489,12588,0.8332538925961233,0,https://www.championat.com/hockey/_superleague/tournament/5974/match/1173464/
Лада,Трактор,0,6,21,30,0.0,0.2,23,32,0.41818181818181815,0.5818181818181818,3838,6200,0.6190322580645161,0,https://www.championat.com/hockey/_superleague/tournament/5974/match/1173450/
Локомотив,Северсталь,3,0,23,37,0.13043478260869565,0.0,32,24,0.5714285714285714,0.42857142857142855,7507,9071,0.8275824054679749,1,https://www.championat.com/hockey/_superleague/tournament/5974/match/1173444/
Витязь,Сибирь,3,1,20,27,0.15,0.037037037037037035,16,29,0.35555555555555557,0.6444444444444445,1765,5525,0.3194570135746606,1,https://www.championat.com/hockey/_superleague/tournament/5974/match/1173452/
Ак Барс,Спартак,3,5,25,30,0.12,0.16666666666666666,26,29,0.4727272727272727,0.5272727272727272,8023,8900,0.9014606741573034,0,https://www.championat.com/hockey/_superleague/tournament/5974/match/1173528/
Адмирал,Амур,5,2,28,31,0.17857142857142858,0.06451612903225806,32,28,0.5333333333333333,0.4666666666666667,5405,5915,0.9137785291631445,1,https://www.championat.com/hockey/_superleague/tournament/5974/match/1173456/
Авангард,Торпедо,4,3,31,24,0.12903225806451613,0.125,22,27,0.4489795918367347,0.5510204081632653,12011,12011,1.0,1,https://www.championat.com/hockey/_superleague/tournament/5974/match/1173446/
СКА,Динамо Мн,3,1,31,30,0.0967741935483871,0.03333333333333333,32,31,0.5079365079365079,0.49206349206349204,22196,23996,0.9249874979163194,1,https://www.championat.com/hockey/_superleague/tournament/5974/match/1173436/
ХК Сочи,Куньлунь Ред Стар,2,5,32,35,0.0625,0.14285714285714285,33,32,0.5076923076923077,0.49230769230769234,3654,12000,0.3045,0,https://www.championat.com/hockey/_superleague/tournament/5974/match/1173448/
Нефтехимик,Динамо М,4,3,33,27,0.12121212121212122,0.1111111111111111,19,39,0.3275862068965517,0.6724137931034483,4024,6050,0.6651239669421488,1,https://www.championat.com/hockey/_superleague/tournament/5974/match/1173518/
Металлург Мг,ЦСКА,4,2,34,22,0.11764705882352941,0.09090909090909091,28,32,0.4666666666666667,0.5333333333333333,7323,7700,0.951038961038961,1,https://www.championat.com/hockey/_superleague/tournament/5974/match/1173438/
Лада,Спартак,2,4,29,27,0.06896551724137931,0.14814814814814814,26,27,0.49056603773584906,0.5094339622641509,6200,1,6200.0,0,https://www.championat.com/hockey/_superleague/tournament/5974/match/1173510/
Ак Барс,Трактор,6,2,28,31,0.21428571428571427,0.06451612903225806,30,31,0.4918032786885246,0.5081967213114754,8058,8900,0.9053932584269663,1,https://www.championat.com/hockey/_superleague/tournament/5974/match/1173430/
Адмирал,Барыс,4,5,47,38,0.0851063829787234,0.13157894736842105,45,14,0.7627118644067796,0.23728813559322035,5315,5915,0.8985629754860525,0,https://www.championat.com/hockey/_superleague/tournament/5974/match/1173428/
Сибирь,Амур,4,2,34,29,0.11764705882352941,0.06896551724137931,40,26,0.6060606060606061,0.3939393939393939,11018,12000,0.9181666666666667,1,https://www.championat.com/hockey/_superleague/tournament/5974/match/1173434/
Салават Юлаев,Динамо М,1,3,25,24,0.04,0.125,26,28,0.48148148148148145,0.5185185185185185,8517,8522,0.9994132832668388,0,https://www.championat.com/hockey/_superleague/tournament/5974/match/1173440/
Автомобилист,Торпедо,2,1,35,25,0.05714285714285714,0.04,33,17,0.66,0.34,10171,12588,0.8079917381633301,1,https://www.championat.com/hockey/_superleague/tournament/5974/match/1173502/
Северсталь,Динамо Мн,5,4,27,25,0.18518518518518517,0.16,23,33,0.4107142857142857,0.5892857142857143,5380,6064,0.887203166226913,1,https://www.championat.com/hockey/_superleague/tournament/5974/match/1173432/
Авангард,Трактор,4,5,37,35,0.10810810810810811,0.14285714285714285,31,32,0.49206349206349204,0.5079365079365079,12011,12011,1.0,0,https://www.championat.com/hockey/_superleague/tournament/5974/match/1173482/
Локомотив,Нефтехимик,1,2,40,18,0.025,0.1111111111111111,36,28,0.5625,0.4375,7825,9071,0.8626391798037703,0,https://www.championat.com/hockey/_superleague/tournament/5974/match/1173418/
СКА,ХК Сочи,2,0,29,23,0.06896551724137931,0.0,28,25,0.5283018867924528,0.4716981132075472,22554,23996,0.9399066511085181,1,https://www.championat.com/hockey/_superleague/tournament/5974/match/1173426/
Амур,Барыс,5,2,31,33,0.16129032258064516,0.06060606060606061,38,23,0.6229508196721312,0.3770491803278688,7100,7100,1.0,1,https://www.championat.com/hockey/_superleague/tournament/5974/match/1173420/
Сибирь,Торпедо,3,2,19,42,0.15789473684210525,0.047619047619047616,36,24,0.6,0.4,11383,12000,0.9485833333333333,1,https://www.championat.com/hockey/_superleague/tournament/5974/match/1173422/
Салават Юлаев,Динамо Мн,4,3,24,28,0.16666666666666666,0.10714285714285714,32,36,0.47058823529411764,0.5294117647058824,8502,8522,0.997653133067355,1,https://www.championat.com/hockey/_superleague/tournament/5974/match/1173416/
Металлург Мг,Куньлунь Ред Стар,7,1,50,23,0.14,0.043478260869565216,21,27,0.4375,0.5625,7184,7700,0.932987012987013,1,https://www.championat.com/hockey/_superleague/tournament/5974/match/1173454/
ЦСКА,Динамо М,1,2,33,25,0.030303030303030304,0.08,38,33,0.5352112676056338,0.4647887323943662,9639,12680,0.760173501577287,0,https://www.championat.com/hockey/_superleague/tournament/5974/match/1173412/
Ак Барс,Витязь,0,0,23,22,0.0,0.0,37,20,0.6491228070175439,0.3508771929824561,8005,8900,0.8994382022471911,0,https://www.championat.com/hockey/_superleague/tournament/5974/match/1173462/
Автомобилист,ХК Сочи,6,3,46,29,0.13043478260869565,0.10344827586206896,32,22,0.5925925925925926,0.4074074074074074,10569,12588,0.8396091515729266,1,https://www.championat.com/hockey/_superleague/tournament/5974/match/1173404/
Лада,Нефтехимик,7,1,25,32,0.28,0.03125,26,46,0.3611111111111111,0.6388888888888888,5158,6200,0.8319354838709677,1,https://www.championat.com/hockey/_superleague/tournament/5974/match/1173406/
Спартак,Северсталь,4,2,36,30,0.1111111111111111,0.06666666666666667,26,29,0.4727272727272727,0.5272727272727272,8500,12396,0.6857050661503711,1,https://www.championat.com/hockey/_superleague/tournament/5974/match/1173410/
Сибирь,Барыс,3,2,34,29,0.08823529411764706,0.06896551724137931,27,28,0.4909090909090909,0.509090909090909,11440,12000,0.9533333333333334,1,https://www.championat.com/hockey/_superleague/tournament/5974/match/1173396/
Металлург Мг,Витязь,3,2,35,31,0.08571428571428572,0.06451612903225806,25,31,0.44642857142857145,0.5535714285714286,6743,7700,0.8757142857142857,1,https://www.championat.com/hockey/_superleague/tournament/5974/match/1173442/
Локомотив,Адмирал,4,1,24,19,0.16666666666666666,0.05263157894736842,26,15,0.6341463414634146,0.36585365853658536,7727,9071,0.8518355197883365,1,https://www.championat.com/hockey/_superleague/tournament/5974/match/1173400/
Трактор,СКА,4,2,29,34,0.13793103448275862,0.058823529411764705,31,34,0.47692307692307695,0.5230769230769231,7500,7500,1.0,1,https://www.championat.com/hockey/_superleague/tournament/5974/match/1173390/
Автомобилист,Салават Юлаев,1,4,28,32,0.03571428571428571,0.125,31,23,0.5740740740740741,0.42592592592592593,10768,12588,0.8554178582777248,0,https://www.championat.com/hockey/_superleague/tournament/5974/match/1173392/
Лада,Амур,2,3,32,31,0.0625,0.0967741935483871,25,27,0.4807692307692308,0.5192307692307693,5147,6200,0.8301612903225807,0,https://www.championat.com/hockey/_superleague/tournament/5974/match/1173414/
Динамо Мн,ХК Сочи,2,3,36,26,0.05555555555555555,0.11538461538461539,36,25,0.5901639344262295,0.4098360655737705,15086,15266,0.9882090921000917,0,https://www.championat.com/hockey/_superleague/tournament/5974/match/1173386/
Спартак,Нефтехимик,2,4,36,23,0.05555555555555555,0.17391304347826086,32,30,0.5161290322580645,0.4838709677419355,5785,12396,0.46668280090351727,0,https://www.championat.com/hockey/_superleague/tournament/5974/match/1173384/
Динамо М,Авангард,0,0,22,32,0.0,0.0,22,40,0.3548387096774194,0.6451612903225806,9177,11500,0.798,0,https://www.championat.com/hockey/_superleague/tournament/5974/match/1173388/
Куньлунь Ред Стар,Северсталь,4,5,26,44,0.15384615384615385,0.11363636363636363,42,26,0.6176470588235294,0.38235294117647056,1711,7000,0.24442857142857144,0,https://www.championat.com/hockey/_superleague/tournament/5974/match/1173408/
Металлург Мг,Адмирал,5,4,46,28,0.10869565217391304,0.14285714285714285,24,39,0.38095238095238093,0.6190476190476191,7037,7700,0.9138961038961039,1,https://www.championat.com/hockey/_superleague/tournament/5974/match/1173382/
ЦСКА,Локомотив,1,3,22,30,0.045454545454545456,0.1,25,25,0.5,0.5,9090,12680,0.7168769716088328,0,https://www.championat.com/hockey/_superleague/tournament/5974/match/1173378/
Сибирь,Салават Юлаев,1,3,31,25,0.03225806451612903,0.12,33,28,0.5409836065573771,0.45901639344262296,11385,12000,0.94875,0,https://www.championat.com/hockey/_superleague/tournament/5974/match/1173398/
Автомобилист,СКА,3,2,21,28,0.14285714285714285,0.07142857142857142,20,44,0.3125,0.6875,11870,12588,0.9429615506831903,1,https://www.championat.com/hockey/_superleague/tournament/5974/match/1173380/
Барыс,Ак Барс,0,8,19,41,0.0,0.1951219512195122,19,26,0.4222222222222222,0.5777777777777777,3847,12000,0.32058333333333333,0,https://www.championat.com/hockey/_superleague/tournament/5974/match/1173370/
Лада,Амур,3,4,26,30,0.11538461538461539,0.13333333333333333,28,40,0.4117647058823529,0.5882352941176471,5657,6200,0.9124193548387097,0,https://www.championat.com/hockey/_superleague/tournament/5974/match/1173402/
Витязь,Авангард,0,0,33,25,0.0,0.0,21,35,0.375,0.625,3294,5525,0.5961990950226245,0,https://www.championat.com/hockey/_superleague/tournament/5974/match/1173368/
Спартак,ХК Сочи,3,1,28,39,0.10714285714285714,0.02564102564102564,31,20,0.6078431372549019,0.39215686274509803,4720,12396,0.3807679896740884,1,https://www.championat.com/hockey/_superleague/tournament/5974/match/1173372/
Торпедо,Северсталь,2,3,21,44,0.09523809523809523,0.06818181818181818,23,29,0.4423076923076923,0.5576923076923077,5500,5600,0.9821428571428571,0,https://www.championat.com/hockey/_superleague/tournament/5974/match/1173376/
Нефтехимик,Адмирал,2,1,23,30,0.08695652173913043,0.03333333333333333,18,30,0.375,0.625,3324,6050,0.5494214876033058,1,https://www.championat.com/hockey/_superleague/tournament/5974/match/1173364/
Динамо М,Локомотив,1,4,18,32,0.05555555555555555,0.125,24,29,0.4528301886792453,0.5471698113207547,9193,11500,0.7993913043478261,0,https://www.championat.com/hockey/_superleague/tournament/5974/match/1173366/
ЦСКА,Динамо Мн,1,4,23,37,0.043478260869565216,0.10810810810810811,28,30,0.4827586206896552,0.5172413793103449,9034,12680,0.7124605678233439,0,https://www.championat.com/hockey/_superleague/tournament/5974/match/1173394/
Куньлунь Ред Стар,Авангард,1,5,24,37,0.041666666666666664,0.13513513513513514,29,30,0.4915254237288136,0.5084745762711864,5073,7000,0.7247142857142858,0,https://www.championat.com/hockey/_superleague/tournament/5974/match/1173356/
Сибирь,Ак Барс,0,0,26,31,0.0,0.0,25,27,0.4807692307692308,0.5192307692307693,11478,12000,0.9565,0,https://www.championat.com/hockey/_superleague/tournament/5974/match/1173358/
Трактор,Амур,2,0,35,25,0.05714285714285714,0.0,25,25,0.5,0.5,7500,7500,1.0,1,https://www.championat.com/hockey/_superleague/tournament/5974/match/1173362/
Автомобилист,Металлург Мг,3,2,26,23,0.11538461538461539,0.08695652173913043,23,41,0.359375,0.640625,11403,12588,0.905862726406101,1,https://www.championat.com/hockey/_superleague/tournament/5974/match/1173360/
Барыс,Салават Юлаев,1,4,25,28,0.04,0.14285714285714285,22,23,0.4888888888888889,0.5111111111111111,5799,12000,0.48325,0,https://www.championat.com/hockey/_superleague/tournament/5974/match/1173352/
Торпедо,СКА,2,3,39,36,0.05128205128205128,0.08333333333333333,31,40,0.43661971830985913,0.5633802816901409,5500,5600,0.9821428571428571,0,https://www.championat.com/hockey/_superleague/tournament/5974/match/1173374/
Витязь,ЦСКА,1,2,17,24,0.058823529411764705,0.08333333333333333,21,26,0.44680851063829785,0.5531914893617021,3567,5525,0.6456108597285067,0,https://www.championat.com/hockey/_superleague/tournament/5974/match/1173346/
Спартак,Лада,0,0,59,14,0.0,0.0,35,26,0.5737704918032787,0.4262295081967213,8760,12396,0.7066795740561471,0,https://www.championat.com/hockey/_superleague/tournament/5974/match/1173348/
ХК Сочи,Динамо Мн,2,6,22,51,0.09090909090909091,0.11764705882352941,33,32,0.5076923076923077,0.49230769230769234,7616,12000,0.6346666666666667,0,https://www.championat.com/hockey/_superleague/tournament/5974/match/1173344/
Северсталь,Динамо М,3,2,41,18,0.07317073170731707,0.1111111111111111,28,30,0.4827586206896552,0.5172413793103449,5536,6064,0.9129287598944591,1,https://www.championat.com/hockey/_superleague/tournament/5974/match/1173350/
Нефтехимик,Адмирал,7,2,38,37,0.18421052631578946,0.05405405405405406,27,25,0.5192307692307693,0.4807692307692308,3734,6050,0.617190082644628,1,https://www.championat.com/hockey/_superleague/tournament/5974/match/1173354/
